// Generated by tools/unicode/generate.py; do not edit.
// Unicode 17.0.0; https://www.unicode.org/Public/17.0.0/ucd/
// Source hashes and regeneration instructions are in the generator.
// See tools/unicode/LICENSE.txt for the Unicode data license.

const UnicodeProperty::Range UnicodeProperty::RANGES[] = {
  {0x0000, 0x007F},
  {0x0030, 0x0039},
  {0x0041, 0x0046},
  {0x0061, 0x0066},
  {0x0041, 0x005A},
  {0x0061, 0x007A},
  {0x00AA, 0x00AA},
  {0x00B5, 0x00B5},
  {0x00BA, 0x00BA},
  {0x00C0, 0x00D6},
  {0x00D8, 0x00F6},
  {0x00F8, 0x02C1},
  {0x02C6, 0x02D1},
  {0x02E0, 0x02E4},
  {0x02EC, 0x02EC},
  {0x02EE, 0x02EE},
  {0x0345, 0x0345},
  {0x0363, 0x0374},
  {0x0376, 0x0377},
  {0x037A, 0x037D},
  {0x037F, 0x037F},
  {0x0386, 0x0386},
  {0x0388, 0x038A},
  {0x038C, 0x038C},
  {0x038E, 0x03A1},
  {0x03A3, 0x03F5},
  {0x03F7, 0x0481},
  {0x048A, 0x052F},
  {0x0531, 0x0556},
  {0x0559, 0x0559},
  {0x0560, 0x0588},
  {0x05B0, 0x05BD},
  {0x05BF, 0x05BF},
  {0x05C1, 0x05C2},
  {0x05C4, 0x05C5},
  {0x05C7, 0x05C7},
  {0x05D0, 0x05EA},
  {0x05EF, 0x05F2},
  {0x0610, 0x061A},
  {0x0620, 0x0657},
  {0x0659, 0x065F},
  {0x066E, 0x06D3},
  {0x06D5, 0x06DC},
  {0x06E1, 0x06E8},
  {0x06ED, 0x06EF},
  {0x06FA, 0x06FC},
  {0x06FF, 0x06FF},
  {0x0710, 0x073F},
  {0x074D, 0x07B1},
  {0x07CA, 0x07EA},
  {0x07F4, 0x07F5},
  {0x07FA, 0x07FA},
  {0x0800, 0x0817},
  {0x081A, 0x082C},
  {0x0840, 0x0858},
  {0x0860, 0x086A},
  {0x0870, 0x0887},
  {0x0889, 0x088F},
  {0x0897, 0x0897},
  {0x08A0, 0x08C9},
  {0x08D4, 0x08DF},
  {0x08E3, 0x08E9},
  {0x08F0, 0x093B},
  {0x093D, 0x094C},
  {0x094E, 0x0950},
  {0x0955, 0x0963},
  {0x0971, 0x0983},
  {0x0985, 0x098C},
  {0x098F, 0x0990},
  {0x0993, 0x09A8},
  {0x09AA, 0x09B0},
  {0x09B2, 0x09B2},
  {0x09B6, 0x09B9},
  {0x09BD, 0x09C4},
  {0x09C7, 0x09C8},
  {0x09CB, 0x09CC},
  {0x09CE, 0x09CE},
  {0x09D7, 0x09D7},
  {0x09DC, 0x09DD},
  {0x09DF, 0x09E3},
  {0x09F0, 0x09F1},
  {0x09FC, 0x09FC},
  {0x0A01, 0x0A03},
  {0x0A05, 0x0A0A},
  {0x0A0F, 0x0A10},
  {0x0A13, 0x0A28},
  {0x0A2A, 0x0A30},
  {0x0A32, 0x0A33},
  {0x0A35, 0x0A36},
  {0x0A38, 0x0A39},
  {0x0A3E, 0x0A42},
  {0x0A47, 0x0A48},
  {0x0A4B, 0x0A4C},
  {0x0A51, 0x0A51},
  {0x0A59, 0x0A5C},
  {0x0A5E, 0x0A5E},
  {0x0A70, 0x0A75},
  {0x0A81, 0x0A83},
  {0x0A85, 0x0A8D},
  {0x0A8F, 0x0A91},
  {0x0A93, 0x0AA8},
  {0x0AAA, 0x0AB0},
  {0x0AB2, 0x0AB3},
  {0x0AB5, 0x0AB9},
  {0x0ABD, 0x0AC5},
  {0x0AC7, 0x0AC9},
  {0x0ACB, 0x0ACC},
  {0x0AD0, 0x0AD0},
  {0x0AE0, 0x0AE3},
  {0x0AF9, 0x0AFC},
  {0x0B01, 0x0B03},
  {0x0B05, 0x0B0C},
  {0x0B0F, 0x0B10},
  {0x0B13, 0x0B28},
  {0x0B2A, 0x0B30},
  {0x0B32, 0x0B33},
  {0x0B35, 0x0B39},
  {0x0B3D, 0x0B44},
  {0x0B47, 0x0B48},
  {0x0B4B, 0x0B4C},
  {0x0B56, 0x0B57},
  {0x0B5C, 0x0B5D},
  {0x0B5F, 0x0B63},
  {0x0B71, 0x0B71},
  {0x0B82, 0x0B83},
  {0x0B85, 0x0B8A},
  {0x0B8E, 0x0B90},
  {0x0B92, 0x0B95},
  {0x0B99, 0x0B9A},
  {0x0B9C, 0x0B9C},
  {0x0B9E, 0x0B9F},
  {0x0BA3, 0x0BA4},
  {0x0BA8, 0x0BAA},
  {0x0BAE, 0x0BB9},
  {0x0BBE, 0x0BC2},
  {0x0BC6, 0x0BC8},
  {0x0BCA, 0x0BCC},
  {0x0BD0, 0x0BD0},
  {0x0BD7, 0x0BD7},
  {0x0C00, 0x0C0C},
  {0x0C0E, 0x0C10},
  {0x0C12, 0x0C28},
  {0x0C2A, 0x0C39},
  {0x0C3D, 0x0C44},
  {0x0C46, 0x0C48},
  {0x0C4A, 0x0C4C},
  {0x0C55, 0x0C56},
  {0x0C58, 0x0C5A},
  {0x0C5C, 0x0C5D},
  {0x0C60, 0x0C63},
  {0x0C80, 0x0C83},
  {0x0C85, 0x0C8C},
  {0x0C8E, 0x0C90},
  {0x0C92, 0x0CA8},
  {0x0CAA, 0x0CB3},
  {0x0CB5, 0x0CB9},
  {0x0CBD, 0x0CC4},
  {0x0CC6, 0x0CC8},
  {0x0CCA, 0x0CCC},
  {0x0CD5, 0x0CD6},
  {0x0CDC, 0x0CDE},
  {0x0CE0, 0x0CE3},
  {0x0CF1, 0x0CF3},
  {0x0D00, 0x0D0C},
  {0x0D0E, 0x0D10},
  {0x0D12, 0x0D3A},
  {0x0D3D, 0x0D44},
  {0x0D46, 0x0D48},
  {0x0D4A, 0x0D4C},
  {0x0D4E, 0x0D4E},
  {0x0D54, 0x0D57},
  {0x0D5F, 0x0D63},
  {0x0D7A, 0x0D7F},
  {0x0D81, 0x0D83},
  {0x0D85, 0x0D96},
  {0x0D9A, 0x0DB1},
  {0x0DB3, 0x0DBB},
  {0x0DBD, 0x0DBD},
  {0x0DC0, 0x0DC6},
  {0x0DCF, 0x0DD4},
  {0x0DD6, 0x0DD6},
  {0x0DD8, 0x0DDF},
  {0x0DF2, 0x0DF3},
  {0x0E01, 0x0E3A},
  {0x0E40, 0x0E46},
  {0x0E4D, 0x0E4D},
  {0x0E81, 0x0E82},
  {0x0E84, 0x0E84},
  {0x0E86, 0x0E8A},
  {0x0E8C, 0x0EA3},
  {0x0EA5, 0x0EA5},
  {0x0EA7, 0x0EB9},
  {0x0EBB, 0x0EBD},
  {0x0EC0, 0x0EC4},
  {0x0EC6, 0x0EC6},
  {0x0ECD, 0x0ECD},
  {0x0EDC, 0x0EDF},
  {0x0F00, 0x0F00},
  {0x0F40, 0x0F47},
  {0x0F49, 0x0F6C},
  {0x0F71, 0x0F83},
  {0x0F88, 0x0F97},
  {0x0F99, 0x0FBC},
  {0x1000, 0x1036},
  {0x1038, 0x1038},
  {0x103B, 0x103F},
  {0x1050, 0x108F},
  {0x109A, 0x109D},
  {0x10A0, 0x10C5},
  {0x10C7, 0x10C7},
  {0x10CD, 0x10CD},
  {0x10D0, 0x10FA},
  {0x10FC, 0x1248},
  {0x124A, 0x124D},
  {0x1250, 0x1256},
  {0x1258, 0x1258},
  {0x125A, 0x125D},
  {0x1260, 0x1288},
  {0x128A, 0x128D},
  {0x1290, 0x12B0},
  {0x12B2, 0x12B5},
  {0x12B8, 0x12BE},
  {0x12C0, 0x12C0},
  {0x12C2, 0x12C5},
  {0x12C8, 0x12D6},
  {0x12D8, 0x1310},
  {0x1312, 0x1315},
  {0x1318, 0x135A},
  {0x1380, 0x138F},
  {0x13A0, 0x13F5},
  {0x13F8, 0x13FD},
  {0x1401, 0x166C},
  {0x166F, 0x167F},
  {0x1681, 0x169A},
  {0x16A0, 0x16EA},
  {0x16EE, 0x16F8},
  {0x1700, 0x1713},
  {0x171F, 0x1733},
  {0x1740, 0x1753},
  {0x1760, 0x176C},
  {0x176E, 0x1770},
  {0x1772, 0x1773},
  {0x1780, 0x17B3},
  {0x17B6, 0x17C8},
  {0x17D7, 0x17D7},
  {0x17DC, 0x17DC},
  {0x1820, 0x1878},
  {0x1880, 0x18AA},
  {0x18B0, 0x18F5},
  {0x1900, 0x191E},
  {0x1920, 0x192B},
  {0x1930, 0x1938},
  {0x1950, 0x196D},
  {0x1970, 0x1974},
  {0x1980, 0x19AB},
  {0x19B0, 0x19C9},
  {0x1A00, 0x1A1B},
  {0x1A20, 0x1A5E},
  {0x1A61, 0x1A74},
  {0x1AA7, 0x1AA7},
  {0x1ABF, 0x1AC0},
  {0x1ACC, 0x1ACE},
  {0x1B00, 0x1B33},
  {0x1B35, 0x1B43},
  {0x1B45, 0x1B4C},
  {0x1B80, 0x1BA9},
  {0x1BAC, 0x1BAF},
  {0x1BBA, 0x1BE5},
  {0x1BE7, 0x1BF1},
  {0x1C00, 0x1C36},
  {0x1C4D, 0x1C4F},
  {0x1C5A, 0x1C7D},
  {0x1C80, 0x1C8A},
  {0x1C90, 0x1CBA},
  {0x1CBD, 0x1CBF},
  {0x1CE9, 0x1CEC},
  {0x1CEE, 0x1CF3},
  {0x1CF5, 0x1CF6},
  {0x1CFA, 0x1CFA},
  {0x1D00, 0x1DBF},
  {0x1DD3, 0x1DF4},
  {0x1E00, 0x1F15},
  {0x1F18, 0x1F1D},
  {0x1F20, 0x1F45},
  {0x1F48, 0x1F4D},
  {0x1F50, 0x1F57},
  {0x1F59, 0x1F59},
  {0x1F5B, 0x1F5B},
  {0x1F5D, 0x1F5D},
  {0x1F5F, 0x1F7D},
  {0x1F80, 0x1FB4},
  {0x1FB6, 0x1FBC},
  {0x1FBE, 0x1FBE},
  {0x1FC2, 0x1FC4},
  {0x1FC6, 0x1FCC},
  {0x1FD0, 0x1FD3},
  {0x1FD6, 0x1FDB},
  {0x1FE0, 0x1FEC},
  {0x1FF2, 0x1FF4},
  {0x1FF6, 0x1FFC},
  {0x2071, 0x2071},
  {0x207F, 0x207F},
  {0x2090, 0x209C},
  {0x2102, 0x2102},
  {0x2107, 0x2107},
  {0x210A, 0x2113},
  {0x2115, 0x2115},
  {0x2119, 0x211D},
  {0x2124, 0x2124},
  {0x2126, 0x2126},
  {0x2128, 0x2128},
  {0x212A, 0x212D},
  {0x212F, 0x2139},
  {0x213C, 0x213F},
  {0x2145, 0x2149},
  {0x214E, 0x214E},
  {0x2160, 0x2188},
  {0x24B6, 0x24E9},
  {0x2C00, 0x2CE4},
  {0x2CEB, 0x2CEE},
  {0x2CF2, 0x2CF3},
  {0x2D00, 0x2D25},
  {0x2D27, 0x2D27},
  {0x2D2D, 0x2D2D},
  {0x2D30, 0x2D67},
  {0x2D6F, 0x2D6F},
  {0x2D80, 0x2D96},
  {0x2DA0, 0x2DA6},
  {0x2DA8, 0x2DAE},
  {0x2DB0, 0x2DB6},
  {0x2DB8, 0x2DBE},
  {0x2DC0, 0x2DC6},
  {0x2DC8, 0x2DCE},
  {0x2DD0, 0x2DD6},
  {0x2DD8, 0x2DDE},
  {0x2DE0, 0x2DFF},
  {0x2E2F, 0x2E2F},
  {0x3005, 0x3007},
  {0x3021, 0x3029},
  {0x3031, 0x3035},
  {0x3038, 0x303C},
  {0x3041, 0x3096},
  {0x309D, 0x309F},
  {0x30A1, 0x30FA},
  {0x30FC, 0x30FF},
  {0x3105, 0x312F},
  {0x3131, 0x318E},
  {0x31A0, 0x31BF},
  {0x31F0, 0x31FF},
  {0x3400, 0x4DBF},
  {0x4E00, 0xA48C},
  {0xA4D0, 0xA4FD},
  {0xA500, 0xA60C},
  {0xA610, 0xA61F},
  {0xA62A, 0xA62B},
  {0xA640, 0xA66E},
  {0xA674, 0xA67B},
  {0xA67F, 0xA6EF},
  {0xA717, 0xA71F},
  {0xA722, 0xA788},
  {0xA78B, 0xA7DC},
  {0xA7F1, 0xA805},
  {0xA807, 0xA827},
  {0xA840, 0xA873},
  {0xA880, 0xA8C3},
  {0xA8C5, 0xA8C5},
  {0xA8F2, 0xA8F7},
  {0xA8FB, 0xA8FB},
  {0xA8FD, 0xA8FF},
  {0xA90A, 0xA92A},
  {0xA930, 0xA952},
  {0xA960, 0xA97C},
  {0xA980, 0xA9B2},
  {0xA9B4, 0xA9BF},
  {0xA9CF, 0xA9CF},
  {0xA9E0, 0xA9EF},
  {0xA9FA, 0xA9FE},
  {0xAA00, 0xAA36},
  {0xAA40, 0xAA4D},
  {0xAA60, 0xAA76},
  {0xAA7A, 0xAABE},
  {0xAAC0, 0xAAC0},
  {0xAAC2, 0xAAC2},
  {0xAADB, 0xAADD},
  {0xAAE0, 0xAAEF},
  {0xAAF2, 0xAAF5},
  {0xAB01, 0xAB06},
  {0xAB09, 0xAB0E},
  {0xAB11, 0xAB16},
  {0xAB20, 0xAB26},
  {0xAB28, 0xAB2E},
  {0xAB30, 0xAB5A},
  {0xAB5C, 0xAB69},
  {0xAB70, 0xABEA},
  {0xAC00, 0xD7A3},
  {0xD7B0, 0xD7C6},
  {0xD7CB, 0xD7FB},
  {0xF900, 0xFA6D},
  {0xFA70, 0xFAD9},
  {0xFB00, 0xFB06},
  {0xFB13, 0xFB17},
  {0xFB1D, 0xFB28},
  {0xFB2A, 0xFB36},
  {0xFB38, 0xFB3C},
  {0xFB3E, 0xFB3E},
  {0xFB40, 0xFB41},
  {0xFB43, 0xFB44},
  {0xFB46, 0xFBB1},
  {0xFBD3, 0xFD3D},
  {0xFD50, 0xFD8F},
  {0xFD92, 0xFDC7},
  {0xFDF0, 0xFDFB},
  {0xFE70, 0xFE74},
  {0xFE76, 0xFEFC},
  {0xFF21, 0xFF3A},
  {0xFF41, 0xFF5A},
  {0xFF66, 0xFFBE},
  {0xFFC2, 0xFFC7},
  {0xFFCA, 0xFFCF},
  {0xFFD2, 0xFFD7},
  {0xFFDA, 0xFFDC},
  {0x10000, 0x1000B},
  {0x1000D, 0x10026},
  {0x10028, 0x1003A},
  {0x1003C, 0x1003D},
  {0x1003F, 0x1004D},
  {0x10050, 0x1005D},
  {0x10080, 0x100FA},
  {0x10140, 0x10174},
  {0x10280, 0x1029C},
  {0x102A0, 0x102D0},
  {0x10300, 0x1031F},
  {0x1032D, 0x1034A},
  {0x10350, 0x1037A},
  {0x10380, 0x1039D},
  {0x103A0, 0x103C3},
  {0x103C8, 0x103CF},
  {0x103D1, 0x103D5},
  {0x10400, 0x1049D},
  {0x104B0, 0x104D3},
  {0x104D8, 0x104FB},
  {0x10500, 0x10527},
  {0x10530, 0x10563},
  {0x10570, 0x1057A},
  {0x1057C, 0x1058A},
  {0x1058C, 0x10592},
  {0x10594, 0x10595},
  {0x10597, 0x105A1},
  {0x105A3, 0x105B1},
  {0x105B3, 0x105B9},
  {0x105BB, 0x105BC},
  {0x105C0, 0x105F3},
  {0x10600, 0x10736},
  {0x10740, 0x10755},
  {0x10760, 0x10767},
  {0x10780, 0x10785},
  {0x10787, 0x107B0},
  {0x107B2, 0x107BA},
  {0x10800, 0x10805},
  {0x10808, 0x10808},
  {0x1080A, 0x10835},
  {0x10837, 0x10838},
  {0x1083C, 0x1083C},
  {0x1083F, 0x10855},
  {0x10860, 0x10876},
  {0x10880, 0x1089E},
  {0x108E0, 0x108F2},
  {0x108F4, 0x108F5},
  {0x10900, 0x10915},
  {0x10920, 0x10939},
  {0x10940, 0x10959},
  {0x10980, 0x109B7},
  {0x109BE, 0x109BF},
  {0x10A00, 0x10A03},
  {0x10A05, 0x10A06},
  {0x10A0C, 0x10A13},
  {0x10A15, 0x10A17},
  {0x10A19, 0x10A35},
  {0x10A60, 0x10A7C},
  {0x10A80, 0x10A9C},
  {0x10AC0, 0x10AC7},
  {0x10AC9, 0x10AE4},
  {0x10B00, 0x10B35},
  {0x10B40, 0x10B55},
  {0x10B60, 0x10B72},
  {0x10B80, 0x10B91},
  {0x10C00, 0x10C48},
  {0x10C80, 0x10CB2},
  {0x10CC0, 0x10CF2},
  {0x10D00, 0x10D27},
  {0x10D4A, 0x10D65},
  {0x10D69, 0x10D69},
  {0x10D6F, 0x10D85},
  {0x10E80, 0x10EA9},
  {0x10EAB, 0x10EAC},
  {0x10EB0, 0x10EB1},
  {0x10EC2, 0x10EC7},
  {0x10EFA, 0x10EFC},
  {0x10F00, 0x10F1C},
  {0x10F27, 0x10F27},
  {0x10F30, 0x10F45},
  {0x10F70, 0x10F81},
  {0x10FB0, 0x10FC4},
  {0x10FE0, 0x10FF6},
  {0x11000, 0x11045},
  {0x11071, 0x11075},
  {0x11080, 0x110B8},
  {0x110C2, 0x110C2},
  {0x110D0, 0x110E8},
  {0x11100, 0x11132},
  {0x11144, 0x11147},
  {0x11150, 0x11172},
  {0x11176, 0x11176},
  {0x11180, 0x111BF},
  {0x111C1, 0x111C4},
  {0x111CE, 0x111CF},
  {0x111DA, 0x111DA},
  {0x111DC, 0x111DC},
  {0x11200, 0x11211},
  {0x11213, 0x11234},
  {0x11237, 0x11237},
  {0x1123E, 0x11241},
  {0x11280, 0x11286},
  {0x11288, 0x11288},
  {0x1128A, 0x1128D},
  {0x1128F, 0x1129D},
  {0x1129F, 0x112A8},
  {0x112B0, 0x112E8},
  {0x11300, 0x11303},
  {0x11305, 0x1130C},
  {0x1130F, 0x11310},
  {0x11313, 0x11328},
  {0x1132A, 0x11330},
  {0x11332, 0x11333},
  {0x11335, 0x11339},
  {0x1133D, 0x11344},
  {0x11347, 0x11348},
  {0x1134B, 0x1134C},
  {0x11350, 0x11350},
  {0x11357, 0x11357},
  {0x1135D, 0x11363},
  {0x11380, 0x11389},
  {0x1138B, 0x1138B},
  {0x1138E, 0x1138E},
  {0x11390, 0x113B5},
  {0x113B7, 0x113C0},
  {0x113C2, 0x113C2},
  {0x113C5, 0x113C5},
  {0x113C7, 0x113CA},
  {0x113CC, 0x113CD},
  {0x113D1, 0x113D1},
  {0x113D3, 0x113D3},
  {0x11400, 0x11441},
  {0x11443, 0x11445},
  {0x11447, 0x1144A},
  {0x1145F, 0x11461},
  {0x11480, 0x114C1},
  {0x114C4, 0x114C5},
  {0x114C7, 0x114C7},
  {0x11580, 0x115B5},
  {0x115B8, 0x115BE},
  {0x115D8, 0x115DD},
  {0x11600, 0x1163E},
  {0x11640, 0x11640},
  {0x11644, 0x11644},
  {0x11680, 0x116B5},
  {0x116B8, 0x116B8},
  {0x11700, 0x1171A},
  {0x1171D, 0x1172A},
  {0x11740, 0x11746},
  {0x11800, 0x11838},
  {0x118A0, 0x118DF},
  {0x118FF, 0x11906},
  {0x11909, 0x11909},
  {0x1190C, 0x11913},
  {0x11915, 0x11916},
  {0x11918, 0x11935},
  {0x11937, 0x11938},
  {0x1193B, 0x1193C},
  {0x1193F, 0x11942},
  {0x119A0, 0x119A7},
  {0x119AA, 0x119D7},
  {0x119DA, 0x119DF},
  {0x119E1, 0x119E1},
  {0x119E3, 0x119E4},
  {0x11A00, 0x11A32},
  {0x11A35, 0x11A3E},
  {0x11A50, 0x11A97},
  {0x11A9D, 0x11A9D},
  {0x11AB0, 0x11AF8},
  {0x11B60, 0x11B67},
  {0x11BC0, 0x11BE0},
  {0x11C00, 0x11C08},
  {0x11C0A, 0x11C36},
  {0x11C38, 0x11C3E},
  {0x11C40, 0x11C40},
  {0x11C72, 0x11C8F},
  {0x11C92, 0x11CA7},
  {0x11CA9, 0x11CB6},
  {0x11D00, 0x11D06},
  {0x11D08, 0x11D09},
  {0x11D0B, 0x11D36},
  {0x11D3A, 0x11D3A},
  {0x11D3C, 0x11D3D},
  {0x11D3F, 0x11D41},
  {0x11D43, 0x11D43},
  {0x11D46, 0x11D47},
  {0x11D60, 0x11D65},
  {0x11D67, 0x11D68},
  {0x11D6A, 0x11D8E},
  {0x11D90, 0x11D91},
  {0x11D93, 0x11D96},
  {0x11D98, 0x11D98},
  {0x11DB0, 0x11DDB},
  {0x11EE0, 0x11EF6},
  {0x11F00, 0x11F10},
  {0x11F12, 0x11F3A},
  {0x11F3E, 0x11F40},
  {0x11FB0, 0x11FB0},
  {0x12000, 0x12399},
  {0x12400, 0x1246E},
  {0x12480, 0x12543},
  {0x12F90, 0x12FF0},
  {0x13000, 0x1342F},
  {0x13441, 0x13446},
  {0x13460, 0x143FA},
  {0x14400, 0x14646},
  {0x16100, 0x1612E},
  {0x16800, 0x16A38},
  {0x16A40, 0x16A5E},
  {0x16A70, 0x16ABE},
  {0x16AD0, 0x16AED},
  {0x16B00, 0x16B2F},
  {0x16B40, 0x16B43},
  {0x16B63, 0x16B77},
  {0x16B7D, 0x16B8F},
  {0x16D40, 0x16D6C},
  {0x16E40, 0x16E7F},
  {0x16EA0, 0x16EB8},
  {0x16EBB, 0x16ED3},
  {0x16F00, 0x16F4A},
  {0x16F4F, 0x16F87},
  {0x16F8F, 0x16F9F},
  {0x16FE0, 0x16FE1},
  {0x16FE3, 0x16FE3},
  {0x16FF0, 0x16FF6},
  {0x17000, 0x18CD5},
  {0x18CFF, 0x18D1E},
  {0x18D80, 0x18DF2},
  {0x1AFF0, 0x1AFF3},
  {0x1AFF5, 0x1AFFB},
  {0x1AFFD, 0x1AFFE},
  {0x1B000, 0x1B122},
  {0x1B132, 0x1B132},
  {0x1B150, 0x1B152},
  {0x1B155, 0x1B155},
  {0x1B164, 0x1B167},
  {0x1B170, 0x1B2FB},
  {0x1BC00, 0x1BC6A},
  {0x1BC70, 0x1BC7C},
  {0x1BC80, 0x1BC88},
  {0x1BC90, 0x1BC99},
  {0x1BC9E, 0x1BC9E},
  {0x1D400, 0x1D454},
  {0x1D456, 0x1D49C},
  {0x1D49E, 0x1D49F},
  {0x1D4A2, 0x1D4A2},
  {0x1D4A5, 0x1D4A6},
  {0x1D4A9, 0x1D4AC},
  {0x1D4AE, 0x1D4B9},
  {0x1D4BB, 0x1D4BB},
  {0x1D4BD, 0x1D4C3},
  {0x1D4C5, 0x1D505},
  {0x1D507, 0x1D50A},
  {0x1D50D, 0x1D514},
  {0x1D516, 0x1D51C},
  {0x1D51E, 0x1D539},
  {0x1D53B, 0x1D53E},
  {0x1D540, 0x1D544},
  {0x1D546, 0x1D546},
  {0x1D54A, 0x1D550},
  {0x1D552, 0x1D6A5},
  {0x1D6A8, 0x1D6C0},
  {0x1D6C2, 0x1D6DA},
  {0x1D6DC, 0x1D6FA},
  {0x1D6FC, 0x1D714},
  {0x1D716, 0x1D734},
  {0x1D736, 0x1D74E},
  {0x1D750, 0x1D76E},
  {0x1D770, 0x1D788},
  {0x1D78A, 0x1D7A8},
  {0x1D7AA, 0x1D7C2},
  {0x1D7C4, 0x1D7CB},
  {0x1DF00, 0x1DF1E},
  {0x1DF25, 0x1DF2A},
  {0x1E000, 0x1E006},
  {0x1E008, 0x1E018},
  {0x1E01B, 0x1E021},
  {0x1E023, 0x1E024},
  {0x1E026, 0x1E02A},
  {0x1E030, 0x1E06D},
  {0x1E08F, 0x1E08F},
  {0x1E100, 0x1E12C},
  {0x1E137, 0x1E13D},
  {0x1E14E, 0x1E14E},
  {0x1E290, 0x1E2AD},
  {0x1E2C0, 0x1E2EB},
  {0x1E4D0, 0x1E4EB},
  {0x1E5D0, 0x1E5ED},
  {0x1E5F0, 0x1E5F0},
  {0x1E6C0, 0x1E6DE},
  {0x1E6E0, 0x1E6F5},
  {0x1E6FE, 0x1E6FF},
  {0x1E7E0, 0x1E7E6},
  {0x1E7E8, 0x1E7EB},
  {0x1E7ED, 0x1E7EE},
  {0x1E7F0, 0x1E7FE},
  {0x1E800, 0x1E8C4},
  {0x1E900, 0x1E943},
  {0x1E947, 0x1E947},
  {0x1E94B, 0x1E94B},
  {0x1EE00, 0x1EE03},
  {0x1EE05, 0x1EE1F},
  {0x1EE21, 0x1EE22},
  {0x1EE24, 0x1EE24},
  {0x1EE27, 0x1EE27},
  {0x1EE29, 0x1EE32},
  {0x1EE34, 0x1EE37},
  {0x1EE39, 0x1EE39},
  {0x1EE3B, 0x1EE3B},
  {0x1EE42, 0x1EE42},
  {0x1EE47, 0x1EE47},
  {0x1EE49, 0x1EE49},
  {0x1EE4B, 0x1EE4B},
  {0x1EE4D, 0x1EE4F},
  {0x1EE51, 0x1EE52},
  {0x1EE54, 0x1EE54},
  {0x1EE57, 0x1EE57},
  {0x1EE59, 0x1EE59},
  {0x1EE5B, 0x1EE5B},
  {0x1EE5D, 0x1EE5D},
  {0x1EE5F, 0x1EE5F},
  {0x1EE61, 0x1EE62},
  {0x1EE64, 0x1EE64},
  {0x1EE67, 0x1EE6A},
  {0x1EE6C, 0x1EE72},
  {0x1EE74, 0x1EE77},
  {0x1EE79, 0x1EE7C},
  {0x1EE7E, 0x1EE7E},
  {0x1EE80, 0x1EE89},
  {0x1EE8B, 0x1EE9B},
  {0x1EEA1, 0x1EEA3},
  {0x1EEA5, 0x1EEA9},
  {0x1EEAB, 0x1EEBB},
  {0x1F130, 0x1F149},
  {0x1F150, 0x1F169},
  {0x1F170, 0x1F189},
  {0x20000, 0x2A6DF},
  {0x2A700, 0x2B81D},
  {0x2B820, 0x2CEAD},
  {0x2CEB0, 0x2EBE0},
  {0x2EBF0, 0x2EE5D},
  {0x2F800, 0x2FA1D},
  {0x30000, 0x3134A},
  {0x31350, 0x33479},
  {0x0000, 0x10FFFF},
  {0x0000, 0x0377},
  {0x037A, 0x037F},
  {0x0384, 0x038A},
  {0x038C, 0x038C},
  {0x038E, 0x03A1},
  {0x03A3, 0x052F},
  {0x0531, 0x0556},
  {0x0559, 0x058A},
  {0x058D, 0x058F},
  {0x0591, 0x05C7},
  {0x05D0, 0x05EA},
  {0x05EF, 0x05F4},
  {0x0600, 0x070D},
  {0x070F, 0x074A},
  {0x074D, 0x07B1},
  {0x07C0, 0x07FA},
  {0x07FD, 0x082D},
  {0x0830, 0x083E},
  {0x0840, 0x085B},
  {0x085E, 0x085E},
  {0x0860, 0x086A},
  {0x0870, 0x0891},
  {0x0897, 0x0983},
  {0x0985, 0x098C},
  {0x098F, 0x0990},
  {0x0993, 0x09A8},
  {0x09AA, 0x09B0},
  {0x09B2, 0x09B2},
  {0x09B6, 0x09B9},
  {0x09BC, 0x09C4},
  {0x09C7, 0x09C8},
  {0x09CB, 0x09CE},
  {0x09D7, 0x09D7},
  {0x09DC, 0x09DD},
  {0x09DF, 0x09E3},
  {0x09E6, 0x09FE},
  {0x0A01, 0x0A03},
  {0x0A05, 0x0A0A},
  {0x0A0F, 0x0A10},
  {0x0A13, 0x0A28},
  {0x0A2A, 0x0A30},
  {0x0A32, 0x0A33},
  {0x0A35, 0x0A36},
  {0x0A38, 0x0A39},
  {0x0A3C, 0x0A3C},
  {0x0A3E, 0x0A42},
  {0x0A47, 0x0A48},
  {0x0A4B, 0x0A4D},
  {0x0A51, 0x0A51},
  {0x0A59, 0x0A5C},
  {0x0A5E, 0x0A5E},
  {0x0A66, 0x0A76},
  {0x0A81, 0x0A83},
  {0x0A85, 0x0A8D},
  {0x0A8F, 0x0A91},
  {0x0A93, 0x0AA8},
  {0x0AAA, 0x0AB0},
  {0x0AB2, 0x0AB3},
  {0x0AB5, 0x0AB9},
  {0x0ABC, 0x0AC5},
  {0x0AC7, 0x0AC9},
  {0x0ACB, 0x0ACD},
  {0x0AD0, 0x0AD0},
  {0x0AE0, 0x0AE3},
  {0x0AE6, 0x0AF1},
  {0x0AF9, 0x0AFF},
  {0x0B01, 0x0B03},
  {0x0B05, 0x0B0C},
  {0x0B0F, 0x0B10},
  {0x0B13, 0x0B28},
  {0x0B2A, 0x0B30},
  {0x0B32, 0x0B33},
  {0x0B35, 0x0B39},
  {0x0B3C, 0x0B44},
  {0x0B47, 0x0B48},
  {0x0B4B, 0x0B4D},
  {0x0B55, 0x0B57},
  {0x0B5C, 0x0B5D},
  {0x0B5F, 0x0B63},
  {0x0B66, 0x0B77},
  {0x0B82, 0x0B83},
  {0x0B85, 0x0B8A},
  {0x0B8E, 0x0B90},
  {0x0B92, 0x0B95},
  {0x0B99, 0x0B9A},
  {0x0B9C, 0x0B9C},
  {0x0B9E, 0x0B9F},
  {0x0BA3, 0x0BA4},
  {0x0BA8, 0x0BAA},
  {0x0BAE, 0x0BB9},
  {0x0BBE, 0x0BC2},
  {0x0BC6, 0x0BC8},
  {0x0BCA, 0x0BCD},
  {0x0BD0, 0x0BD0},
  {0x0BD7, 0x0BD7},
  {0x0BE6, 0x0BFA},
  {0x0C00, 0x0C0C},
  {0x0C0E, 0x0C10},
  {0x0C12, 0x0C28},
  {0x0C2A, 0x0C39},
  {0x0C3C, 0x0C44},
  {0x0C46, 0x0C48},
  {0x0C4A, 0x0C4D},
  {0x0C55, 0x0C56},
  {0x0C58, 0x0C5A},
  {0x0C5C, 0x0C5D},
  {0x0C60, 0x0C63},
  {0x0C66, 0x0C6F},
  {0x0C77, 0x0C8C},
  {0x0C8E, 0x0C90},
  {0x0C92, 0x0CA8},
  {0x0CAA, 0x0CB3},
  {0x0CB5, 0x0CB9},
  {0x0CBC, 0x0CC4},
  {0x0CC6, 0x0CC8},
  {0x0CCA, 0x0CCD},
  {0x0CD5, 0x0CD6},
  {0x0CDC, 0x0CDE},
  {0x0CE0, 0x0CE3},
  {0x0CE6, 0x0CEF},
  {0x0CF1, 0x0CF3},
  {0x0D00, 0x0D0C},
  {0x0D0E, 0x0D10},
  {0x0D12, 0x0D44},
  {0x0D46, 0x0D48},
  {0x0D4A, 0x0D4F},
  {0x0D54, 0x0D63},
  {0x0D66, 0x0D7F},
  {0x0D81, 0x0D83},
  {0x0D85, 0x0D96},
  {0x0D9A, 0x0DB1},
  {0x0DB3, 0x0DBB},
  {0x0DBD, 0x0DBD},
  {0x0DC0, 0x0DC6},
  {0x0DCA, 0x0DCA},
  {0x0DCF, 0x0DD4},
  {0x0DD6, 0x0DD6},
  {0x0DD8, 0x0DDF},
  {0x0DE6, 0x0DEF},
  {0x0DF2, 0x0DF4},
  {0x0E01, 0x0E3A},
  {0x0E3F, 0x0E5B},
  {0x0E81, 0x0E82},
  {0x0E84, 0x0E84},
  {0x0E86, 0x0E8A},
  {0x0E8C, 0x0EA3},
  {0x0EA5, 0x0EA5},
  {0x0EA7, 0x0EBD},
  {0x0EC0, 0x0EC4},
  {0x0EC6, 0x0EC6},
  {0x0EC8, 0x0ECE},
  {0x0ED0, 0x0ED9},
  {0x0EDC, 0x0EDF},
  {0x0F00, 0x0F47},
  {0x0F49, 0x0F6C},
  {0x0F71, 0x0F97},
  {0x0F99, 0x0FBC},
  {0x0FBE, 0x0FCC},
  {0x0FCE, 0x0FDA},
  {0x1000, 0x10C5},
  {0x10C7, 0x10C7},
  {0x10CD, 0x10CD},
  {0x10D0, 0x1248},
  {0x124A, 0x124D},
  {0x1250, 0x1256},
  {0x1258, 0x1258},
  {0x125A, 0x125D},
  {0x1260, 0x1288},
  {0x128A, 0x128D},
  {0x1290, 0x12B0},
  {0x12B2, 0x12B5},
  {0x12B8, 0x12BE},
  {0x12C0, 0x12C0},
  {0x12C2, 0x12C5},
  {0x12C8, 0x12D6},
  {0x12D8, 0x1310},
  {0x1312, 0x1315},
  {0x1318, 0x135A},
  {0x135D, 0x137C},
  {0x1380, 0x1399},
  {0x13A0, 0x13F5},
  {0x13F8, 0x13FD},
  {0x1400, 0x169C},
  {0x16A0, 0x16F8},
  {0x1700, 0x1715},
  {0x171F, 0x1736},
  {0x1740, 0x1753},
  {0x1760, 0x176C},
  {0x176E, 0x1770},
  {0x1772, 0x1773},
  {0x1780, 0x17DD},
  {0x17E0, 0x17E9},
  {0x17F0, 0x17F9},
  {0x1800, 0x1819},
  {0x1820, 0x1878},
  {0x1880, 0x18AA},
  {0x18B0, 0x18F5},
  {0x1900, 0x191E},
  {0x1920, 0x192B},
  {0x1930, 0x193B},
  {0x1940, 0x1940},
  {0x1944, 0x196D},
  {0x1970, 0x1974},
  {0x1980, 0x19AB},
  {0x19B0, 0x19C9},
  {0x19D0, 0x19DA},
  {0x19DE, 0x1A1B},
  {0x1A1E, 0x1A5E},
  {0x1A60, 0x1A7C},
  {0x1A7F, 0x1A89},
  {0x1A90, 0x1A99},
  {0x1AA0, 0x1AAD},
  {0x1AB0, 0x1ADD},
  {0x1AE0, 0x1AEB},
  {0x1B00, 0x1B4C},
  {0x1B4E, 0x1BF3},
  {0x1BFC, 0x1C37},
  {0x1C3B, 0x1C49},
  {0x1C4D, 0x1C8A},
  {0x1C90, 0x1CBA},
  {0x1CBD, 0x1CC7},
  {0x1CD0, 0x1CFA},
  {0x1D00, 0x1F15},
  {0x1F18, 0x1F1D},
  {0x1F20, 0x1F45},
  {0x1F48, 0x1F4D},
  {0x1F50, 0x1F57},
  {0x1F59, 0x1F59},
  {0x1F5B, 0x1F5B},
  {0x1F5D, 0x1F5D},
  {0x1F5F, 0x1F7D},
  {0x1F80, 0x1FB4},
  {0x1FB6, 0x1FC4},
  {0x1FC6, 0x1FD3},
  {0x1FD6, 0x1FDB},
  {0x1FDD, 0x1FEF},
  {0x1FF2, 0x1FF4},
  {0x1FF6, 0x1FFE},
  {0x2000, 0x2064},
  {0x2066, 0x2071},
  {0x2074, 0x208E},
  {0x2090, 0x209C},
  {0x20A0, 0x20C1},
  {0x20D0, 0x20F0},
  {0x2100, 0x218B},
  {0x2190, 0x2429},
  {0x2440, 0x244A},
  {0x2460, 0x2B73},
  {0x2B76, 0x2CF3},
  {0x2CF9, 0x2D25},
  {0x2D27, 0x2D27},
  {0x2D2D, 0x2D2D},
  {0x2D30, 0x2D67},
  {0x2D6F, 0x2D70},
  {0x2D7F, 0x2D96},
  {0x2DA0, 0x2DA6},
  {0x2DA8, 0x2DAE},
  {0x2DB0, 0x2DB6},
  {0x2DB8, 0x2DBE},
  {0x2DC0, 0x2DC6},
  {0x2DC8, 0x2DCE},
  {0x2DD0, 0x2DD6},
  {0x2DD8, 0x2DDE},
  {0x2DE0, 0x2E5D},
  {0x2E80, 0x2E99},
  {0x2E9B, 0x2EF3},
  {0x2F00, 0x2FD5},
  {0x2FF0, 0x303F},
  {0x3041, 0x3096},
  {0x3099, 0x30FF},
  {0x3105, 0x312F},
  {0x3131, 0x318E},
  {0x3190, 0x31E5},
  {0x31EF, 0x321E},
  {0x3220, 0xA48C},
  {0xA490, 0xA4C6},
  {0xA4D0, 0xA62B},
  {0xA640, 0xA6F7},
  {0xA700, 0xA7DC},
  {0xA7F1, 0xA82C},
  {0xA830, 0xA839},
  {0xA840, 0xA877},
  {0xA880, 0xA8C5},
  {0xA8CE, 0xA8D9},
  {0xA8E0, 0xA953},
  {0xA95F, 0xA97C},
  {0xA980, 0xA9CD},
  {0xA9CF, 0xA9D9},
  {0xA9DE, 0xA9FE},
  {0xAA00, 0xAA36},
  {0xAA40, 0xAA4D},
  {0xAA50, 0xAA59},
  {0xAA5C, 0xAAC2},
  {0xAADB, 0xAAF6},
  {0xAB01, 0xAB06},
  {0xAB09, 0xAB0E},
  {0xAB11, 0xAB16},
  {0xAB20, 0xAB26},
  {0xAB28, 0xAB2E},
  {0xAB30, 0xAB6B},
  {0xAB70, 0xABED},
  {0xABF0, 0xABF9},
  {0xAC00, 0xD7A3},
  {0xD7B0, 0xD7C6},
  {0xD7CB, 0xD7FB},
  {0xD800, 0xFA6D},
  {0xFA70, 0xFAD9},
  {0xFB00, 0xFB06},
  {0xFB13, 0xFB17},
  {0xFB1D, 0xFB36},
  {0xFB38, 0xFB3C},
  {0xFB3E, 0xFB3E},
  {0xFB40, 0xFB41},
  {0xFB43, 0xFB44},
  {0xFB46, 0xFDCF},
  {0xFDF0, 0xFE19},
  {0xFE20, 0xFE52},
  {0xFE54, 0xFE66},
  {0xFE68, 0xFE6B},
  {0xFE70, 0xFE74},
  {0xFE76, 0xFEFC},
  {0xFEFF, 0xFEFF},
  {0xFF01, 0xFFBE},
  {0xFFC2, 0xFFC7},
  {0xFFCA, 0xFFCF},
  {0xFFD2, 0xFFD7},
  {0xFFDA, 0xFFDC},
  {0xFFE0, 0xFFE6},
  {0xFFE8, 0xFFEE},
  {0xFFF9, 0xFFFD},
  {0x10000, 0x1000B},
  {0x1000D, 0x10026},
  {0x10028, 0x1003A},
  {0x1003C, 0x1003D},
  {0x1003F, 0x1004D},
  {0x10050, 0x1005D},
  {0x10080, 0x100FA},
  {0x10100, 0x10102},
  {0x10107, 0x10133},
  {0x10137, 0x1018E},
  {0x10190, 0x1019C},
  {0x101A0, 0x101A0},
  {0x101D0, 0x101FD},
  {0x10280, 0x1029C},
  {0x102A0, 0x102D0},
  {0x102E0, 0x102FB},
  {0x10300, 0x10323},
  {0x1032D, 0x1034A},
  {0x10350, 0x1037A},
  {0x10380, 0x1039D},
  {0x1039F, 0x103C3},
  {0x103C8, 0x103D5},
  {0x10400, 0x1049D},
  {0x104A0, 0x104A9},
  {0x104B0, 0x104D3},
  {0x104D8, 0x104FB},
  {0x10500, 0x10527},
  {0x10530, 0x10563},
  {0x1056F, 0x1057A},
  {0x1057C, 0x1058A},
  {0x1058C, 0x10592},
  {0x10594, 0x10595},
  {0x10597, 0x105A1},
  {0x105A3, 0x105B1},
  {0x105B3, 0x105B9},
  {0x105BB, 0x105BC},
  {0x105C0, 0x105F3},
  {0x10600, 0x10736},
  {0x10740, 0x10755},
  {0x10760, 0x10767},
  {0x10780, 0x10785},
  {0x10787, 0x107B0},
  {0x107B2, 0x107BA},
  {0x10800, 0x10805},
  {0x10808, 0x10808},
  {0x1080A, 0x10835},
  {0x10837, 0x10838},
  {0x1083C, 0x1083C},
  {0x1083F, 0x10855},
  {0x10857, 0x1089E},
  {0x108A7, 0x108AF},
  {0x108E0, 0x108F2},
  {0x108F4, 0x108F5},
  {0x108FB, 0x1091B},
  {0x1091F, 0x10939},
  {0x1093F, 0x10959},
  {0x10980, 0x109B7},
  {0x109BC, 0x109CF},
  {0x109D2, 0x10A03},
  {0x10A05, 0x10A06},
  {0x10A0C, 0x10A13},
  {0x10A15, 0x10A17},
  {0x10A19, 0x10A35},
  {0x10A38, 0x10A3A},
  {0x10A3F, 0x10A48},
  {0x10A50, 0x10A58},
  {0x10A60, 0x10A9F},
  {0x10AC0, 0x10AE6},
  {0x10AEB, 0x10AF6},
  {0x10B00, 0x10B35},
  {0x10B39, 0x10B55},
  {0x10B58, 0x10B72},
  {0x10B78, 0x10B91},
  {0x10B99, 0x10B9C},
  {0x10BA9, 0x10BAF},
  {0x10C00, 0x10C48},
  {0x10C80, 0x10CB2},
  {0x10CC0, 0x10CF2},
  {0x10CFA, 0x10D27},
  {0x10D30, 0x10D39},
  {0x10D40, 0x10D65},
  {0x10D69, 0x10D85},
  {0x10D8E, 0x10D8F},
  {0x10E60, 0x10E7E},
  {0x10E80, 0x10EA9},
  {0x10EAB, 0x10EAD},
  {0x10EB0, 0x10EB1},
  {0x10EC2, 0x10EC7},
  {0x10ED0, 0x10ED8},
  {0x10EFA, 0x10F27},
  {0x10F30, 0x10F59},
  {0x10F70, 0x10F89},
  {0x10FB0, 0x10FCB},
  {0x10FE0, 0x10FF6},
  {0x11000, 0x1104D},
  {0x11052, 0x11075},
  {0x1107F, 0x110C2},
  {0x110CD, 0x110CD},
  {0x110D0, 0x110E8},
  {0x110F0, 0x110F9},
  {0x11100, 0x11134},
  {0x11136, 0x11147},
  {0x11150, 0x11176},
  {0x11180, 0x111DF},
  {0x111E1, 0x111F4},
  {0x11200, 0x11211},
  {0x11213, 0x11241},
  {0x11280, 0x11286},
  {0x11288, 0x11288},
  {0x1128A, 0x1128D},
  {0x1128F, 0x1129D},
  {0x1129F, 0x112A9},
  {0x112B0, 0x112EA},
  {0x112F0, 0x112F9},
  {0x11300, 0x11303},
  {0x11305, 0x1130C},
  {0x1130F, 0x11310},
  {0x11313, 0x11328},
  {0x1132A, 0x11330},
  {0x11332, 0x11333},
  {0x11335, 0x11339},
  {0x1133B, 0x11344},
  {0x11347, 0x11348},
  {0x1134B, 0x1134D},
  {0x11350, 0x11350},
  {0x11357, 0x11357},
  {0x1135D, 0x11363},
  {0x11366, 0x1136C},
  {0x11370, 0x11374},
  {0x11380, 0x11389},
  {0x1138B, 0x1138B},
  {0x1138E, 0x1138E},
  {0x11390, 0x113B5},
  {0x113B7, 0x113C0},
  {0x113C2, 0x113C2},
  {0x113C5, 0x113C5},
  {0x113C7, 0x113CA},
  {0x113CC, 0x113D5},
  {0x113D7, 0x113D8},
  {0x113E1, 0x113E2},
  {0x11400, 0x1145B},
  {0x1145D, 0x11461},
  {0x11480, 0x114C7},
  {0x114D0, 0x114D9},
  {0x11580, 0x115B5},
  {0x115B8, 0x115DD},
  {0x11600, 0x11644},
  {0x11650, 0x11659},
  {0x11660, 0x1166C},
  {0x11680, 0x116B9},
  {0x116C0, 0x116C9},
  {0x116D0, 0x116E3},
  {0x11700, 0x1171A},
  {0x1171D, 0x1172B},
  {0x11730, 0x11746},
  {0x11800, 0x1183B},
  {0x118A0, 0x118F2},
  {0x118FF, 0x11906},
  {0x11909, 0x11909},
  {0x1190C, 0x11913},
  {0x11915, 0x11916},
  {0x11918, 0x11935},
  {0x11937, 0x11938},
  {0x1193B, 0x11946},
  {0x11950, 0x11959},
  {0x119A0, 0x119A7},
  {0x119AA, 0x119D7},
  {0x119DA, 0x119E4},
  {0x11A00, 0x11A47},
  {0x11A50, 0x11AA2},
  {0x11AB0, 0x11AF8},
  {0x11B00, 0x11B09},
  {0x11B60, 0x11B67},
  {0x11BC0, 0x11BE1},
  {0x11BF0, 0x11BF9},
  {0x11C00, 0x11C08},
  {0x11C0A, 0x11C36},
  {0x11C38, 0x11C45},
  {0x11C50, 0x11C6C},
  {0x11C70, 0x11C8F},
  {0x11C92, 0x11CA7},
  {0x11CA9, 0x11CB6},
  {0x11D00, 0x11D06},
  {0x11D08, 0x11D09},
  {0x11D0B, 0x11D36},
  {0x11D3A, 0x11D3A},
  {0x11D3C, 0x11D3D},
  {0x11D3F, 0x11D47},
  {0x11D50, 0x11D59},
  {0x11D60, 0x11D65},
  {0x11D67, 0x11D68},
  {0x11D6A, 0x11D8E},
  {0x11D90, 0x11D91},
  {0x11D93, 0x11D98},
  {0x11DA0, 0x11DA9},
  {0x11DB0, 0x11DDB},
  {0x11DE0, 0x11DE9},
  {0x11EE0, 0x11EF8},
  {0x11F00, 0x11F10},
  {0x11F12, 0x11F3A},
  {0x11F3E, 0x11F5A},
  {0x11FB0, 0x11FB0},
  {0x11FC0, 0x11FF1},
  {0x11FFF, 0x12399},
  {0x12400, 0x1246E},
  {0x12470, 0x12474},
  {0x12480, 0x12543},
  {0x12F90, 0x12FF2},
  {0x13000, 0x13455},
  {0x13460, 0x143FA},
  {0x14400, 0x14646},
  {0x16100, 0x16139},
  {0x16800, 0x16A38},
  {0x16A40, 0x16A5E},
  {0x16A60, 0x16A69},
  {0x16A6E, 0x16ABE},
  {0x16AC0, 0x16AC9},
  {0x16AD0, 0x16AED},
  {0x16AF0, 0x16AF5},
  {0x16B00, 0x16B45},
  {0x16B50, 0x16B59},
  {0x16B5B, 0x16B61},
  {0x16B63, 0x16B77},
  {0x16B7D, 0x16B8F},
  {0x16D40, 0x16D79},
  {0x16E40, 0x16E9A},
  {0x16EA0, 0x16EB8},
  {0x16EBB, 0x16ED3},
  {0x16F00, 0x16F4A},
  {0x16F4F, 0x16F87},
  {0x16F8F, 0x16F9F},
  {0x16FE0, 0x16FE4},
  {0x16FF0, 0x16FF6},
  {0x17000, 0x18CD5},
  {0x18CFF, 0x18D1E},
  {0x18D80, 0x18DF2},
  {0x1AFF0, 0x1AFF3},
  {0x1AFF5, 0x1AFFB},
  {0x1AFFD, 0x1AFFE},
  {0x1B000, 0x1B122},
  {0x1B132, 0x1B132},
  {0x1B150, 0x1B152},
  {0x1B155, 0x1B155},
  {0x1B164, 0x1B167},
  {0x1B170, 0x1B2FB},
  {0x1BC00, 0x1BC6A},
  {0x1BC70, 0x1BC7C},
  {0x1BC80, 0x1BC88},
  {0x1BC90, 0x1BC99},
  {0x1BC9C, 0x1BCA3},
  {0x1CC00, 0x1CCFC},
  {0x1CD00, 0x1CEB3},
  {0x1CEBA, 0x1CED0},
  {0x1CEE0, 0x1CEF0},
  {0x1CF00, 0x1CF2D},
  {0x1CF30, 0x1CF46},
  {0x1CF50, 0x1CFC3},
  {0x1D000, 0x1D0F5},
  {0x1D100, 0x1D126},
  {0x1D129, 0x1D1EA},
  {0x1D200, 0x1D245},
  {0x1D2C0, 0x1D2D3},
  {0x1D2E0, 0x1D2F3},
  {0x1D300, 0x1D356},
  {0x1D360, 0x1D378},
  {0x1D400, 0x1D454},
  {0x1D456, 0x1D49C},
  {0x1D49E, 0x1D49F},
  {0x1D4A2, 0x1D4A2},
  {0x1D4A5, 0x1D4A6},
  {0x1D4A9, 0x1D4AC},
  {0x1D4AE, 0x1D4B9},
  {0x1D4BB, 0x1D4BB},
  {0x1D4BD, 0x1D4C3},
  {0x1D4C5, 0x1D505},
  {0x1D507, 0x1D50A},
  {0x1D50D, 0x1D514},
  {0x1D516, 0x1D51C},
  {0x1D51E, 0x1D539},
  {0x1D53B, 0x1D53E},
  {0x1D540, 0x1D544},
  {0x1D546, 0x1D546},
  {0x1D54A, 0x1D550},
  {0x1D552, 0x1D6A5},
  {0x1D6A8, 0x1D7CB},
  {0x1D7CE, 0x1DA8B},
  {0x1DA9B, 0x1DA9F},
  {0x1DAA1, 0x1DAAF},
  {0x1DF00, 0x1DF1E},
  {0x1DF25, 0x1DF2A},
  {0x1E000, 0x1E006},
  {0x1E008, 0x1E018},
  {0x1E01B, 0x1E021},
  {0x1E023, 0x1E024},
  {0x1E026, 0x1E02A},
  {0x1E030, 0x1E06D},
  {0x1E08F, 0x1E08F},
  {0x1E100, 0x1E12C},
  {0x1E130, 0x1E13D},
  {0x1E140, 0x1E149},
  {0x1E14E, 0x1E14F},
  {0x1E290, 0x1E2AE},
  {0x1E2C0, 0x1E2F9},
  {0x1E2FF, 0x1E2FF},
  {0x1E4D0, 0x1E4F9},
  {0x1E5D0, 0x1E5FA},
  {0x1E5FF, 0x1E5FF},
  {0x1E6C0, 0x1E6DE},
  {0x1E6E0, 0x1E6F5},
  {0x1E6FE, 0x1E6FF},
  {0x1E7E0, 0x1E7E6},
  {0x1E7E8, 0x1E7EB},
  {0x1E7ED, 0x1E7EE},
  {0x1E7F0, 0x1E7FE},
  {0x1E800, 0x1E8C4},
  {0x1E8C7, 0x1E8D6},
  {0x1E900, 0x1E94B},
  {0x1E950, 0x1E959},
  {0x1E95E, 0x1E95F},
  {0x1EC71, 0x1ECB4},
  {0x1ED01, 0x1ED3D},
  {0x1EE00, 0x1EE03},
  {0x1EE05, 0x1EE1F},
  {0x1EE21, 0x1EE22},
  {0x1EE24, 0x1EE24},
  {0x1EE27, 0x1EE27},
  {0x1EE29, 0x1EE32},
  {0x1EE34, 0x1EE37},
  {0x1EE39, 0x1EE39},
  {0x1EE3B, 0x1EE3B},
  {0x1EE42, 0x1EE42},
  {0x1EE47, 0x1EE47},
  {0x1EE49, 0x1EE49},
  {0x1EE4B, 0x1EE4B},
  {0x1EE4D, 0x1EE4F},
  {0x1EE51, 0x1EE52},
  {0x1EE54, 0x1EE54},
  {0x1EE57, 0x1EE57},
  {0x1EE59, 0x1EE59},
  {0x1EE5B, 0x1EE5B},
  {0x1EE5D, 0x1EE5D},
  {0x1EE5F, 0x1EE5F},
  {0x1EE61, 0x1EE62},
  {0x1EE64, 0x1EE64},
  {0x1EE67, 0x1EE6A},
  {0x1EE6C, 0x1EE72},
  {0x1EE74, 0x1EE77},
  {0x1EE79, 0x1EE7C},
  {0x1EE7E, 0x1EE7E},
  {0x1EE80, 0x1EE89},
  {0x1EE8B, 0x1EE9B},
  {0x1EEA1, 0x1EEA3},
  {0x1EEA5, 0x1EEA9},
  {0x1EEAB, 0x1EEBB},
  {0x1EEF0, 0x1EEF1},
  {0x1F000, 0x1F02B},
  {0x1F030, 0x1F093},
  {0x1F0A0, 0x1F0AE},
  {0x1F0B1, 0x1F0BF},
  {0x1F0C1, 0x1F0CF},
  {0x1F0D1, 0x1F0F5},
  {0x1F100, 0x1F1AD},
  {0x1F1E6, 0x1F202},
  {0x1F210, 0x1F23B},
  {0x1F240, 0x1F248},
  {0x1F250, 0x1F251},
  {0x1F260, 0x1F265},
  {0x1F300, 0x1F6D8},
  {0x1F6DC, 0x1F6EC},
  {0x1F6F0, 0x1F6FC},
  {0x1F700, 0x1F7D9},
  {0x1F7E0, 0x1F7EB},
  {0x1F7F0, 0x1F7F0},
  {0x1F800, 0x1F80B},
  {0x1F810, 0x1F847},
  {0x1F850, 0x1F859},
  {0x1F860, 0x1F887},
  {0x1F890, 0x1F8AD},
  {0x1F8B0, 0x1F8BB},
  {0x1F8C0, 0x1F8C1},
  {0x1F8D0, 0x1F8D8},
  {0x1F900, 0x1FA57},
  {0x1FA60, 0x1FA6D},
  {0x1FA70, 0x1FA7C},
  {0x1FA80, 0x1FA8A},
  {0x1FA8E, 0x1FAC6},
  {0x1FAC8, 0x1FAC8},
  {0x1FACD, 0x1FADC},
  {0x1FADF, 0x1FAEA},
  {0x1FAEF, 0x1FAF8},
  {0x1FB00, 0x1FB92},
  {0x1FB94, 0x1FBFA},
  {0x20000, 0x2A6DF},
  {0x2A700, 0x2B81D},
  {0x2B820, 0x2CEAD},
  {0x2CEB0, 0x2EBE0},
  {0x2EBF0, 0x2EE5D},
  {0x2F800, 0x2FA1D},
  {0x30000, 0x3134A},
  {0x31350, 0x33479},
  {0xE0001, 0xE0001},
  {0xE0020, 0xE007F},
  {0xE0100, 0xE01EF},
  {0xF0000, 0xFFFFD},
  {0x100000, 0x10FFFD},
  {0x061C, 0x061C},
  {0x200E, 0x200F},
  {0x202A, 0x202E},
  {0x2066, 0x2069},
  {0x0028, 0x0029},
  {0x003C, 0x003C},
  {0x003E, 0x003E},
  {0x005B, 0x005B},
  {0x005D, 0x005D},
  {0x007B, 0x007B},
  {0x007D, 0x007D},
  {0x00AB, 0x00AB},
  {0x00BB, 0x00BB},
  {0x0F3A, 0x0F3D},
  {0x169B, 0x169C},
  {0x2039, 0x203A},
  {0x2045, 0x2046},
  {0x207D, 0x207E},
  {0x208D, 0x208E},
  {0x2140, 0x2140},
  {0x2201, 0x2204},
  {0x2208, 0x220D},
  {0x2211, 0x2211},
  {0x2215, 0x2216},
  {0x221A, 0x221D},
  {0x221F, 0x2222},
  {0x2224, 0x2224},
  {0x2226, 0x2226},
  {0x222B, 0x2233},
  {0x2239, 0x2239},
  {0x223B, 0x224C},
  {0x2252, 0x2255},
  {0x225F, 0x2260},
  {0x2262, 0x2262},
  {0x2264, 0x226B},
  {0x226D, 0x228C},
  {0x228F, 0x2292},
  {0x2298, 0x2298},
  {0x22A2, 0x22A3},
  {0x22A6, 0x22B8},
  {0x22BE, 0x22BF},
  {0x22C9, 0x22CD},
  {0x22D0, 0x22D1},
  {0x22D6, 0x22ED},
  {0x22F0, 0x22FF},
  {0x2308, 0x230B},
  {0x2320, 0x2321},
  {0x2329, 0x232A},
  {0x2768, 0x2775},
  {0x27C0, 0x27C0},
  {0x27C3, 0x27C6},
  {0x27C8, 0x27C9},
  {0x27CB, 0x27CD},
  {0x27D3, 0x27D6},
  {0x27DC, 0x27DE},
  {0x27E2, 0x27EF},
  {0x2983, 0x2998},
  {0x299B, 0x29A0},
  {0x29A2, 0x29AF},
  {0x29B8, 0x29B8},
  {0x29C0, 0x29C5},
  {0x29C9, 0x29C9},
  {0x29CE, 0x29D2},
  {0x29D4, 0x29D5},
  {0x29D8, 0x29DC},
  {0x29E1, 0x29E1},
  {0x29E3, 0x29E5},
  {0x29E8, 0x29E9},
  {0x29F4, 0x29F9},
  {0x29FC, 0x29FD},
  {0x2A0A, 0x2A1C},
  {0x2A1E, 0x2A21},
  {0x2A24, 0x2A24},
  {0x2A26, 0x2A26},
  {0x2A29, 0x2A29},
  {0x2A2B, 0x2A2E},
  {0x2A34, 0x2A35},
  {0x2A3C, 0x2A3E},
  {0x2A57, 0x2A58},
  {0x2A64, 0x2A65},
  {0x2A6A, 0x2A6D},
  {0x2A6F, 0x2A70},
  {0x2A73, 0x2A74},
  {0x2A79, 0x2AA3},
  {0x2AA6, 0x2AAD},
  {0x2AAF, 0x2AD6},
  {0x2ADC, 0x2ADC},
  {0x2ADE, 0x2ADE},
  {0x2AE2, 0x2AE6},
  {0x2AEC, 0x2AEE},
  {0x2AF3, 0x2AF3},
  {0x2AF7, 0x2AFB},
  {0x2AFD, 0x2AFD},
  {0x2BFE, 0x2BFE},
  {0x2E02, 0x2E05},
  {0x2E09, 0x2E0A},
  {0x2E0C, 0x2E0D},
  {0x2E1C, 0x2E1D},
  {0x2E20, 0x2E29},
  {0x2E55, 0x2E5C},
  {0x3008, 0x3011},
  {0x3014, 0x301B},
  {0xFE59, 0xFE5E},
  {0xFE64, 0xFE65},
  {0xFF08, 0xFF09},
  {0xFF1C, 0xFF1C},
  {0xFF1E, 0xFF1E},
  {0xFF3B, 0xFF3B},
  {0xFF3D, 0xFF3D},
  {0xFF5B, 0xFF5B},
  {0xFF5D, 0xFF5D},
  {0xFF5F, 0xFF60},
  {0xFF62, 0xFF63},
  {0x1D6DB, 0x1D6DB},
  {0x1D715, 0x1D715},
  {0x1D74F, 0x1D74F},
  {0x1D789, 0x1D789},
  {0x1D7C3, 0x1D7C3},
  {0x0027, 0x0027},
  {0x002E, 0x002E},
  {0x003A, 0x003A},
  {0x005E, 0x005E},
  {0x0060, 0x0060},
  {0x00A8, 0x00A8},
  {0x00AD, 0x00AD},
  {0x00AF, 0x00AF},
  {0x00B4, 0x00B4},
  {0x00B7, 0x00B8},
  {0x02B0, 0x036F},
  {0x0374, 0x0375},
  {0x037A, 0x037A},
  {0x0384, 0x0385},
  {0x0387, 0x0387},
  {0x0483, 0x0489},
  {0x0559, 0x0559},
  {0x055F, 0x055F},
  {0x0591, 0x05BD},
  {0x05BF, 0x05BF},
  {0x05C1, 0x05C2},
  {0x05C4, 0x05C5},
  {0x05C7, 0x05C7},
  {0x05F4, 0x05F4},
  {0x0600, 0x0605},
  {0x0610, 0x061A},
  {0x061C, 0x061C},
  {0x0640, 0x0640},
  {0x064B, 0x065F},
  {0x0670, 0x0670},
  {0x06D6, 0x06DD},
  {0x06DF, 0x06E8},
  {0x06EA, 0x06ED},
  {0x070F, 0x070F},
  {0x0711, 0x0711},
  {0x0730, 0x074A},
  {0x07A6, 0x07B0},
  {0x07EB, 0x07F5},
  {0x07FA, 0x07FA},
  {0x07FD, 0x07FD},
  {0x0816, 0x082D},
  {0x0859, 0x085B},
  {0x0888, 0x0888},
  {0x0890, 0x0891},
  {0x0897, 0x089F},
  {0x08C9, 0x0902},
  {0x093A, 0x093A},
  {0x093C, 0x093C},
  {0x0941, 0x0948},
  {0x094D, 0x094D},
  {0x0951, 0x0957},
  {0x0962, 0x0963},
  {0x0971, 0x0971},
  {0x0981, 0x0981},
  {0x09BC, 0x09BC},
  {0x09C1, 0x09C4},
  {0x09CD, 0x09CD},
  {0x09E2, 0x09E3},
  {0x09FE, 0x09FE},
  {0x0A01, 0x0A02},
  {0x0A3C, 0x0A3C},
  {0x0A41, 0x0A42},
  {0x0A47, 0x0A48},
  {0x0A4B, 0x0A4D},
  {0x0A51, 0x0A51},
  {0x0A70, 0x0A71},
  {0x0A75, 0x0A75},
  {0x0A81, 0x0A82},
  {0x0ABC, 0x0ABC},
  {0x0AC1, 0x0AC5},
  {0x0AC7, 0x0AC8},
  {0x0ACD, 0x0ACD},
  {0x0AE2, 0x0AE3},
  {0x0AFA, 0x0AFF},
  {0x0B01, 0x0B01},
  {0x0B3C, 0x0B3C},
  {0x0B3F, 0x0B3F},
  {0x0B41, 0x0B44},
  {0x0B4D, 0x0B4D},
  {0x0B55, 0x0B56},
  {0x0B62, 0x0B63},
  {0x0B82, 0x0B82},
  {0x0BC0, 0x0BC0},
  {0x0BCD, 0x0BCD},
  {0x0C00, 0x0C00},
  {0x0C04, 0x0C04},
  {0x0C3C, 0x0C3C},
  {0x0C3E, 0x0C40},
  {0x0C46, 0x0C48},
  {0x0C4A, 0x0C4D},
  {0x0C55, 0x0C56},
  {0x0C62, 0x0C63},
  {0x0C81, 0x0C81},
  {0x0CBC, 0x0CBC},
  {0x0CBF, 0x0CBF},
  {0x0CC6, 0x0CC6},
  {0x0CCC, 0x0CCD},
  {0x0CE2, 0x0CE3},
  {0x0D00, 0x0D01},
  {0x0D3B, 0x0D3C},
  {0x0D41, 0x0D44},
  {0x0D4D, 0x0D4D},
  {0x0D62, 0x0D63},
  {0x0D81, 0x0D81},
  {0x0DCA, 0x0DCA},
  {0x0DD2, 0x0DD4},
  {0x0DD6, 0x0DD6},
  {0x0E31, 0x0E31},
  {0x0E34, 0x0E3A},
  {0x0E46, 0x0E4E},
  {0x0EB1, 0x0EB1},
  {0x0EB4, 0x0EBC},
  {0x0EC6, 0x0EC6},
  {0x0EC8, 0x0ECE},
  {0x0F18, 0x0F19},
  {0x0F35, 0x0F35},
  {0x0F37, 0x0F37},
  {0x0F39, 0x0F39},
  {0x0F71, 0x0F7E},
  {0x0F80, 0x0F84},
  {0x0F86, 0x0F87},
  {0x0F8D, 0x0F97},
  {0x0F99, 0x0FBC},
  {0x0FC6, 0x0FC6},
  {0x102D, 0x1030},
  {0x1032, 0x1037},
  {0x1039, 0x103A},
  {0x103D, 0x103E},
  {0x1058, 0x1059},
  {0x105E, 0x1060},
  {0x1071, 0x1074},
  {0x1082, 0x1082},
  {0x1085, 0x1086},
  {0x108D, 0x108D},
  {0x109D, 0x109D},
  {0x10FC, 0x10FC},
  {0x135D, 0x135F},
  {0x1712, 0x1714},
  {0x1732, 0x1733},
  {0x1752, 0x1753},
  {0x1772, 0x1773},
  {0x17B4, 0x17B5},
  {0x17B7, 0x17BD},
  {0x17C6, 0x17C6},
  {0x17C9, 0x17D3},
  {0x17D7, 0x17D7},
  {0x17DD, 0x17DD},
  {0x180B, 0x180F},
  {0x1843, 0x1843},
  {0x1885, 0x1886},
  {0x18A9, 0x18A9},
  {0x1920, 0x1922},
  {0x1927, 0x1928},
  {0x1932, 0x1932},
  {0x1939, 0x193B},
  {0x1A17, 0x1A18},
  {0x1A1B, 0x1A1B},
  {0x1A56, 0x1A56},
  {0x1A58, 0x1A5E},
  {0x1A60, 0x1A60},
  {0x1A62, 0x1A62},
  {0x1A65, 0x1A6C},
  {0x1A73, 0x1A7C},
  {0x1A7F, 0x1A7F},
  {0x1AA7, 0x1AA7},
  {0x1AB0, 0x1ADD},
  {0x1AE0, 0x1AEB},
  {0x1B00, 0x1B03},
  {0x1B34, 0x1B34},
  {0x1B36, 0x1B3A},
  {0x1B3C, 0x1B3C},
  {0x1B42, 0x1B42},
  {0x1B6B, 0x1B73},
  {0x1B80, 0x1B81},
  {0x1BA2, 0x1BA5},
  {0x1BA8, 0x1BA9},
  {0x1BAB, 0x1BAD},
  {0x1BE6, 0x1BE6},
  {0x1BE8, 0x1BE9},
  {0x1BED, 0x1BED},
  {0x1BEF, 0x1BF1},
  {0x1C2C, 0x1C33},
  {0x1C36, 0x1C37},
  {0x1C78, 0x1C7D},
  {0x1CD0, 0x1CD2},
  {0x1CD4, 0x1CE0},
  {0x1CE2, 0x1CE8},
  {0x1CED, 0x1CED},
  {0x1CF4, 0x1CF4},
  {0x1CF8, 0x1CF9},
  {0x1D2C, 0x1D6A},
  {0x1D78, 0x1D78},
  {0x1D9B, 0x1DFF},
  {0x1FBD, 0x1FBD},
  {0x1FBF, 0x1FC1},
  {0x1FCD, 0x1FCF},
  {0x1FDD, 0x1FDF},
  {0x1FED, 0x1FEF},
  {0x1FFD, 0x1FFE},
  {0x200B, 0x200F},
  {0x2018, 0x2019},
  {0x2024, 0x2024},
  {0x2027, 0x2027},
  {0x202A, 0x202E},
  {0x2060, 0x2064},
  {0x2066, 0x206F},
  {0x2071, 0x2071},
  {0x207F, 0x207F},
  {0x2090, 0x209C},
  {0x20D0, 0x20F0},
  {0x2C7C, 0x2C7D},
  {0x2CEF, 0x2CF1},
  {0x2D6F, 0x2D6F},
  {0x2D7F, 0x2D7F},
  {0x2DE0, 0x2DFF},
  {0x2E2F, 0x2E2F},
  {0x3005, 0x3005},
  {0x302A, 0x302D},
  {0x3031, 0x3035},
  {0x303B, 0x303B},
  {0x3099, 0x309E},
  {0x30FC, 0x30FE},
  {0xA015, 0xA015},
  {0xA4F8, 0xA4FD},
  {0xA60C, 0xA60C},
  {0xA66F, 0xA672},
  {0xA674, 0xA67D},
  {0xA67F, 0xA67F},
  {0xA69C, 0xA69F},
  {0xA6F0, 0xA6F1},
  {0xA700, 0xA721},
  {0xA770, 0xA770},
  {0xA788, 0xA78A},
  {0xA7F1, 0xA7F4},
  {0xA7F8, 0xA7F9},
  {0xA802, 0xA802},
  {0xA806, 0xA806},
  {0xA80B, 0xA80B},
  {0xA825, 0xA826},
  {0xA82C, 0xA82C},
  {0xA8C4, 0xA8C5},
  {0xA8E0, 0xA8F1},
  {0xA8FF, 0xA8FF},
  {0xA926, 0xA92D},
  {0xA947, 0xA951},
  {0xA980, 0xA982},
  {0xA9B3, 0xA9B3},
  {0xA9B6, 0xA9B9},
  {0xA9BC, 0xA9BD},
  {0xA9CF, 0xA9CF},
  {0xA9E5, 0xA9E6},
  {0xAA29, 0xAA2E},
  {0xAA31, 0xAA32},
  {0xAA35, 0xAA36},
  {0xAA43, 0xAA43},
  {0xAA4C, 0xAA4C},
  {0xAA70, 0xAA70},
  {0xAA7C, 0xAA7C},
  {0xAAB0, 0xAAB0},
  {0xAAB2, 0xAAB4},
  {0xAAB7, 0xAAB8},
  {0xAABE, 0xAABF},
  {0xAAC1, 0xAAC1},
  {0xAADD, 0xAADD},
  {0xAAEC, 0xAAED},
  {0xAAF3, 0xAAF4},
  {0xAAF6, 0xAAF6},
  {0xAB5B, 0xAB5F},
  {0xAB69, 0xAB6B},
  {0xABE5, 0xABE5},
  {0xABE8, 0xABE8},
  {0xABED, 0xABED},
  {0xFB1E, 0xFB1E},
  {0xFBB2, 0xFBC2},
  {0xFE00, 0xFE0F},
  {0xFE13, 0xFE13},
  {0xFE20, 0xFE2F},
  {0xFE52, 0xFE52},
  {0xFE55, 0xFE55},
  {0xFEFF, 0xFEFF},
  {0xFF07, 0xFF07},
  {0xFF0E, 0xFF0E},
  {0xFF1A, 0xFF1A},
  {0xFF3E, 0xFF3E},
  {0xFF40, 0xFF40},
  {0xFF70, 0xFF70},
  {0xFF9E, 0xFF9F},
  {0xFFE3, 0xFFE3},
  {0xFFF9, 0xFFFB},
  {0x101FD, 0x101FD},
  {0x102E0, 0x102E0},
  {0x10376, 0x1037A},
  {0x10780, 0x10785},
  {0x10787, 0x107B0},
  {0x107B2, 0x107BA},
  {0x10A01, 0x10A03},
  {0x10A05, 0x10A06},
  {0x10A0C, 0x10A0F},
  {0x10A38, 0x10A3A},
  {0x10A3F, 0x10A3F},
  {0x10AE5, 0x10AE6},
  {0x10D24, 0x10D27},
  {0x10D4E, 0x10D4E},
  {0x10D69, 0x10D6D},
  {0x10D6F, 0x10D6F},
  {0x10EAB, 0x10EAC},
  {0x10EC5, 0x10EC5},
  {0x10EFA, 0x10EFF},
  {0x10F46, 0x10F50},
  {0x10F82, 0x10F85},
  {0x11001, 0x11001},
  {0x11038, 0x11046},
  {0x11070, 0x11070},
  {0x11073, 0x11074},
  {0x1107F, 0x11081},
  {0x110B3, 0x110B6},
  {0x110B9, 0x110BA},
  {0x110BD, 0x110BD},
  {0x110C2, 0x110C2},
  {0x110CD, 0x110CD},
  {0x11100, 0x11102},
  {0x11127, 0x1112B},
  {0x1112D, 0x11134},
  {0x11173, 0x11173},
  {0x11180, 0x11181},
  {0x111B6, 0x111BE},
  {0x111C9, 0x111CC},
  {0x111CF, 0x111CF},
  {0x1122F, 0x11231},
  {0x11234, 0x11234},
  {0x11236, 0x11237},
  {0x1123E, 0x1123E},
  {0x11241, 0x11241},
  {0x112DF, 0x112DF},
  {0x112E3, 0x112EA},
  {0x11300, 0x11301},
  {0x1133B, 0x1133C},
  {0x11340, 0x11340},
  {0x11366, 0x1136C},
  {0x11370, 0x11374},
  {0x113BB, 0x113C0},
  {0x113CE, 0x113CE},
  {0x113D0, 0x113D0},
  {0x113D2, 0x113D2},
  {0x113E1, 0x113E2},
  {0x11438, 0x1143F},
  {0x11442, 0x11444},
  {0x11446, 0x11446},
  {0x1145E, 0x1145E},
  {0x114B3, 0x114B8},
  {0x114BA, 0x114BA},
  {0x114BF, 0x114C0},
  {0x114C2, 0x114C3},
  {0x115B2, 0x115B5},
  {0x115BC, 0x115BD},
  {0x115BF, 0x115C0},
  {0x115DC, 0x115DD},
  {0x11633, 0x1163A},
  {0x1163D, 0x1163D},
  {0x1163F, 0x11640},
  {0x116AB, 0x116AB},
  {0x116AD, 0x116AD},
  {0x116B0, 0x116B5},
  {0x116B7, 0x116B7},
  {0x1171D, 0x1171D},
  {0x1171F, 0x1171F},
  {0x11722, 0x11725},
  {0x11727, 0x1172B},
  {0x1182F, 0x11837},
  {0x11839, 0x1183A},
  {0x1193B, 0x1193C},
  {0x1193E, 0x1193E},
  {0x11943, 0x11943},
  {0x119D4, 0x119D7},
  {0x119DA, 0x119DB},
  {0x119E0, 0x119E0},
  {0x11A01, 0x11A0A},
  {0x11A33, 0x11A38},
  {0x11A3B, 0x11A3E},
  {0x11A47, 0x11A47},
  {0x11A51, 0x11A56},
  {0x11A59, 0x11A5B},
  {0x11A8A, 0x11A96},
  {0x11A98, 0x11A99},
  {0x11B60, 0x11B60},
  {0x11B62, 0x11B64},
  {0x11B66, 0x11B66},
  {0x11C30, 0x11C36},
  {0x11C38, 0x11C3D},
  {0x11C3F, 0x11C3F},
  {0x11C92, 0x11CA7},
  {0x11CAA, 0x11CB0},
  {0x11CB2, 0x11CB3},
  {0x11CB5, 0x11CB6},
  {0x11D31, 0x11D36},
  {0x11D3A, 0x11D3A},
  {0x11D3C, 0x11D3D},
  {0x11D3F, 0x11D45},
  {0x11D47, 0x11D47},
  {0x11D90, 0x11D91},
  {0x11D95, 0x11D95},
  {0x11D97, 0x11D97},
  {0x11DD9, 0x11DD9},
  {0x11EF3, 0x11EF4},
  {0x11F00, 0x11F01},
  {0x11F36, 0x11F3A},
  {0x11F40, 0x11F40},
  {0x11F42, 0x11F42},
  {0x11F5A, 0x11F5A},
  {0x13430, 0x13440},
  {0x13447, 0x13455},
  {0x1611E, 0x16129},
  {0x1612D, 0x1612F},
  {0x16AF0, 0x16AF4},
  {0x16B30, 0x16B36},
  {0x16B40, 0x16B43},
  {0x16D40, 0x16D42},
  {0x16D6B, 0x16D6C},
  {0x16F4F, 0x16F4F},
  {0x16F8F, 0x16F9F},
  {0x16FE0, 0x16FE1},
  {0x16FE3, 0x16FE4},
  {0x16FF2, 0x16FF3},
  {0x1AFF0, 0x1AFF3},
  {0x1AFF5, 0x1AFFB},
  {0x1AFFD, 0x1AFFE},
  {0x1BC9D, 0x1BC9E},
  {0x1BCA0, 0x1BCA3},
  {0x1CF00, 0x1CF2D},
  {0x1CF30, 0x1CF46},
  {0x1D167, 0x1D169},
  {0x1D173, 0x1D182},
  {0x1D185, 0x1D18B},
  {0x1D1AA, 0x1D1AD},
  {0x1D242, 0x1D244},
  {0x1DA00, 0x1DA36},
  {0x1DA3B, 0x1DA6C},
  {0x1DA75, 0x1DA75},
  {0x1DA84, 0x1DA84},
  {0x1DA9B, 0x1DA9F},
  {0x1DAA1, 0x1DAAF},
  {0x1E000, 0x1E006},
  {0x1E008, 0x1E018},
  {0x1E01B, 0x1E021},
  {0x1E023, 0x1E024},
  {0x1E026, 0x1E02A},
  {0x1E030, 0x1E06D},
  {0x1E08F, 0x1E08F},
  {0x1E130, 0x1E13D},
  {0x1E2AE, 0x1E2AE},
  {0x1E2EC, 0x1E2EF},
  {0x1E4EB, 0x1E4EF},
  {0x1E5EE, 0x1E5EF},
  {0x1E6E3, 0x1E6E3},
  {0x1E6E6, 0x1E6E6},
  {0x1E6EE, 0x1E6EF},
  {0x1E6F5, 0x1E6F5},
  {0x1E6FF, 0x1E6FF},
  {0x1E8D0, 0x1E8D6},
  {0x1E944, 0x1E94B},
  {0x1F3FB, 0x1F3FF},
  {0xE0001, 0xE0001},
  {0xE0020, 0xE007F},
  {0xE0100, 0xE01EF},
  {0x0041, 0x005A},
  {0x0061, 0x007A},
  {0x00AA, 0x00AA},
  {0x00B5, 0x00B5},
  {0x00BA, 0x00BA},
  {0x00C0, 0x00D6},
  {0x00D8, 0x00F6},
  {0x00F8, 0x01BA},
  {0x01BC, 0x01BF},
  {0x01C4, 0x0293},
  {0x0296, 0x02B8},
  {0x02C0, 0x02C1},
  {0x02E0, 0x02E4},
  {0x0345, 0x0345},
  {0x0370, 0x0373},
  {0x0376, 0x0377},
  {0x037A, 0x037D},
  {0x037F, 0x037F},
  {0x0386, 0x0386},
  {0x0388, 0x038A},
  {0x038C, 0x038C},
  {0x038E, 0x03A1},
  {0x03A3, 0x03F5},
  {0x03F7, 0x0481},
  {0x048A, 0x052F},
  {0x0531, 0x0556},
  {0x0560, 0x0588},
  {0x10A0, 0x10C5},
  {0x10C7, 0x10C7},
  {0x10CD, 0x10CD},
  {0x10D0, 0x10FA},
  {0x10FC, 0x10FF},
  {0x13A0, 0x13F5},
  {0x13F8, 0x13FD},
  {0x1C80, 0x1C8A},
  {0x1C90, 0x1CBA},
  {0x1CBD, 0x1CBF},
  {0x1D00, 0x1DBF},
  {0x1E00, 0x1F15},
  {0x1F18, 0x1F1D},
  {0x1F20, 0x1F45},
  {0x1F48, 0x1F4D},
  {0x1F50, 0x1F57},
  {0x1F59, 0x1F59},
  {0x1F5B, 0x1F5B},
  {0x1F5D, 0x1F5D},
  {0x1F5F, 0x1F7D},
  {0x1F80, 0x1FB4},
  {0x1FB6, 0x1FBC},
  {0x1FBE, 0x1FBE},
  {0x1FC2, 0x1FC4},
  {0x1FC6, 0x1FCC},
  {0x1FD0, 0x1FD3},
  {0x1FD6, 0x1FDB},
  {0x1FE0, 0x1FEC},
  {0x1FF2, 0x1FF4},
  {0x1FF6, 0x1FFC},
  {0x2071, 0x2071},
  {0x207F, 0x207F},
  {0x2090, 0x209C},
  {0x2102, 0x2102},
  {0x2107, 0x2107},
  {0x210A, 0x2113},
  {0x2115, 0x2115},
  {0x2119, 0x211D},
  {0x2124, 0x2124},
  {0x2126, 0x2126},
  {0x2128, 0x2128},
  {0x212A, 0x212D},
  {0x212F, 0x2134},
  {0x2139, 0x2139},
  {0x213C, 0x213F},
  {0x2145, 0x2149},
  {0x214E, 0x214E},
  {0x2160, 0x217F},
  {0x2183, 0x2184},
  {0x24B6, 0x24E9},
  {0x2C00, 0x2CE4},
  {0x2CEB, 0x2CEE},
  {0x2CF2, 0x2CF3},
  {0x2D00, 0x2D25},
  {0x2D27, 0x2D27},
  {0x2D2D, 0x2D2D},
  {0xA640, 0xA66D},
  {0xA680, 0xA69D},
  {0xA722, 0xA787},
  {0xA78B, 0xA78E},
  {0xA790, 0xA7DC},
  {0xA7F1, 0xA7F6},
  {0xA7F8, 0xA7FA},
  {0xAB30, 0xAB5A},
  {0xAB5C, 0xAB69},
  {0xAB70, 0xABBF},
  {0xFB00, 0xFB06},
  {0xFB13, 0xFB17},
  {0xFF21, 0xFF3A},
  {0xFF41, 0xFF5A},
  {0x10400, 0x1044F},
  {0x104B0, 0x104D3},
  {0x104D8, 0x104FB},
  {0x10570, 0x1057A},
  {0x1057C, 0x1058A},
  {0x1058C, 0x10592},
  {0x10594, 0x10595},
  {0x10597, 0x105A1},
  {0x105A3, 0x105B1},
  {0x105B3, 0x105B9},
  {0x105BB, 0x105BC},
  {0x10780, 0x10780},
  {0x10783, 0x10785},
  {0x10787, 0x107B0},
  {0x107B2, 0x107BA},
  {0x10C80, 0x10CB2},
  {0x10CC0, 0x10CF2},
  {0x10D50, 0x10D65},
  {0x10D70, 0x10D85},
  {0x118A0, 0x118DF},
  {0x16E40, 0x16E7F},
  {0x16EA0, 0x16EB8},
  {0x16EBB, 0x16ED3},
  {0x1D400, 0x1D454},
  {0x1D456, 0x1D49C},
  {0x1D49E, 0x1D49F},
  {0x1D4A2, 0x1D4A2},
  {0x1D4A5, 0x1D4A6},
  {0x1D4A9, 0x1D4AC},
  {0x1D4AE, 0x1D4B9},
  {0x1D4BB, 0x1D4BB},
  {0x1D4BD, 0x1D4C3},
  {0x1D4C5, 0x1D505},
  {0x1D507, 0x1D50A},
  {0x1D50D, 0x1D514},
  {0x1D516, 0x1D51C},
  {0x1D51E, 0x1D539},
  {0x1D53B, 0x1D53E},
  {0x1D540, 0x1D544},
  {0x1D546, 0x1D546},
  {0x1D54A, 0x1D550},
  {0x1D552, 0x1D6A5},
  {0x1D6A8, 0x1D6C0},
  {0x1D6C2, 0x1D6DA},
  {0x1D6DC, 0x1D6FA},
  {0x1D6FC, 0x1D714},
  {0x1D716, 0x1D734},
  {0x1D736, 0x1D74E},
  {0x1D750, 0x1D76E},
  {0x1D770, 0x1D788},
  {0x1D78A, 0x1D7A8},
  {0x1D7AA, 0x1D7C2},
  {0x1D7C4, 0x1D7CB},
  {0x1DF00, 0x1DF09},
  {0x1DF0B, 0x1DF1E},
  {0x1DF25, 0x1DF2A},
  {0x1E030, 0x1E06D},
  {0x1E900, 0x1E943},
  {0x1F130, 0x1F149},
  {0x1F150, 0x1F169},
  {0x1F170, 0x1F189},
  {0x0041, 0x005A},
  {0x00B5, 0x00B5},
  {0x00C0, 0x00D6},
  {0x00D8, 0x00DF},
  {0x0100, 0x0100},
  {0x0102, 0x0102},
  {0x0104, 0x0104},
  {0x0106, 0x0106},
  {0x0108, 0x0108},
  {0x010A, 0x010A},
  {0x010C, 0x010C},
  {0x010E, 0x010E},
  {0x0110, 0x0110},
  {0x0112, 0x0112},
  {0x0114, 0x0114},
  {0x0116, 0x0116},
  {0x0118, 0x0118},
  {0x011A, 0x011A},
  {0x011C, 0x011C},
  {0x011E, 0x011E},
  {0x0120, 0x0120},
  {0x0122, 0x0122},
  {0x0124, 0x0124},
  {0x0126, 0x0126},
  {0x0128, 0x0128},
  {0x012A, 0x012A},
  {0x012C, 0x012C},
  {0x012E, 0x012E},
  {0x0130, 0x0130},
  {0x0132, 0x0132},
  {0x0134, 0x0134},
  {0x0136, 0x0136},
  {0x0139, 0x0139},
  {0x013B, 0x013B},
  {0x013D, 0x013D},
  {0x013F, 0x013F},
  {0x0141, 0x0141},
  {0x0143, 0x0143},
  {0x0145, 0x0145},
  {0x0147, 0x0147},
  {0x0149, 0x014A},
  {0x014C, 0x014C},
  {0x014E, 0x014E},
  {0x0150, 0x0150},
  {0x0152, 0x0152},
  {0x0154, 0x0154},
  {0x0156, 0x0156},
  {0x0158, 0x0158},
  {0x015A, 0x015A},
  {0x015C, 0x015C},
  {0x015E, 0x015E},
  {0x0160, 0x0160},
  {0x0162, 0x0162},
  {0x0164, 0x0164},
  {0x0166, 0x0166},
  {0x0168, 0x0168},
  {0x016A, 0x016A},
  {0x016C, 0x016C},
  {0x016E, 0x016E},
  {0x0170, 0x0170},
  {0x0172, 0x0172},
  {0x0174, 0x0174},
  {0x0176, 0x0176},
  {0x0178, 0x0179},
  {0x017B, 0x017B},
  {0x017D, 0x017D},
  {0x017F, 0x017F},
  {0x0181, 0x0182},
  {0x0184, 0x0184},
  {0x0186, 0x0187},
  {0x0189, 0x018B},
  {0x018E, 0x0191},
  {0x0193, 0x0194},
  {0x0196, 0x0198},
  {0x019C, 0x019D},
  {0x019F, 0x01A0},
  {0x01A2, 0x01A2},
  {0x01A4, 0x01A4},
  {0x01A6, 0x01A7},
  {0x01A9, 0x01A9},
  {0x01AC, 0x01AC},
  {0x01AE, 0x01AF},
  {0x01B1, 0x01B3},
  {0x01B5, 0x01B5},
  {0x01B7, 0x01B8},
  {0x01BC, 0x01BC},
  {0x01C4, 0x01C5},
  {0x01C7, 0x01C8},
  {0x01CA, 0x01CB},
  {0x01CD, 0x01CD},
  {0x01CF, 0x01CF},
  {0x01D1, 0x01D1},
  {0x01D3, 0x01D3},
  {0x01D5, 0x01D5},
  {0x01D7, 0x01D7},
  {0x01D9, 0x01D9},
  {0x01DB, 0x01DB},
  {0x01DE, 0x01DE},
  {0x01E0, 0x01E0},
  {0x01E2, 0x01E2},
  {0x01E4, 0x01E4},
  {0x01E6, 0x01E6},
  {0x01E8, 0x01E8},
  {0x01EA, 0x01EA},
  {0x01EC, 0x01EC},
  {0x01EE, 0x01EE},
  {0x01F1, 0x01F2},
  {0x01F4, 0x01F4},
  {0x01F6, 0x01F8},
  {0x01FA, 0x01FA},
  {0x01FC, 0x01FC},
  {0x01FE, 0x01FE},
  {0x0200, 0x0200},
  {0x0202, 0x0202},
  {0x0204, 0x0204},
  {0x0206, 0x0206},
  {0x0208, 0x0208},
  {0x020A, 0x020A},
  {0x020C, 0x020C},
  {0x020E, 0x020E},
  {0x0210, 0x0210},
  {0x0212, 0x0212},
  {0x0214, 0x0214},
  {0x0216, 0x0216},
  {0x0218, 0x0218},
  {0x021A, 0x021A},
  {0x021C, 0x021C},
  {0x021E, 0x021E},
  {0x0220, 0x0220},
  {0x0222, 0x0222},
  {0x0224, 0x0224},
  {0x0226, 0x0226},
  {0x0228, 0x0228},
  {0x022A, 0x022A},
  {0x022C, 0x022C},
  {0x022E, 0x022E},
  {0x0230, 0x0230},
  {0x0232, 0x0232},
  {0x023A, 0x023B},
  {0x023D, 0x023E},
  {0x0241, 0x0241},
  {0x0243, 0x0246},
  {0x0248, 0x0248},
  {0x024A, 0x024A},
  {0x024C, 0x024C},
  {0x024E, 0x024E},
  {0x0345, 0x0345},
  {0x0370, 0x0370},
  {0x0372, 0x0372},
  {0x0376, 0x0376},
  {0x037F, 0x037F},
  {0x0386, 0x0386},
  {0x0388, 0x038A},
  {0x038C, 0x038C},
  {0x038E, 0x038F},
  {0x0391, 0x03A1},
  {0x03A3, 0x03AB},
  {0x03C2, 0x03C2},
  {0x03CF, 0x03D1},
  {0x03D5, 0x03D6},
  {0x03D8, 0x03D8},
  {0x03DA, 0x03DA},
  {0x03DC, 0x03DC},
  {0x03DE, 0x03DE},
  {0x03E0, 0x03E0},
  {0x03E2, 0x03E2},
  {0x03E4, 0x03E4},
  {0x03E6, 0x03E6},
  {0x03E8, 0x03E8},
  {0x03EA, 0x03EA},
  {0x03EC, 0x03EC},
  {0x03EE, 0x03EE},
  {0x03F0, 0x03F1},
  {0x03F4, 0x03F5},
  {0x03F7, 0x03F7},
  {0x03F9, 0x03FA},
  {0x03FD, 0x042F},
  {0x0460, 0x0460},
  {0x0462, 0x0462},
  {0x0464, 0x0464},
  {0x0466, 0x0466},
  {0x0468, 0x0468},
  {0x046A, 0x046A},
  {0x046C, 0x046C},
  {0x046E, 0x046E},
  {0x0470, 0x0470},
  {0x0472, 0x0472},
  {0x0474, 0x0474},
  {0x0476, 0x0476},
  {0x0478, 0x0478},
  {0x047A, 0x047A},
  {0x047C, 0x047C},
  {0x047E, 0x047E},
  {0x0480, 0x0480},
  {0x048A, 0x048A},
  {0x048C, 0x048C},
  {0x048E, 0x048E},
  {0x0490, 0x0490},
  {0x0492, 0x0492},
  {0x0494, 0x0494},
  {0x0496, 0x0496},
  {0x0498, 0x0498},
  {0x049A, 0x049A},
  {0x049C, 0x049C},
  {0x049E, 0x049E},
  {0x04A0, 0x04A0},
  {0x04A2, 0x04A2},
  {0x04A4, 0x04A4},
  {0x04A6, 0x04A6},
  {0x04A8, 0x04A8},
  {0x04AA, 0x04AA},
  {0x04AC, 0x04AC},
  {0x04AE, 0x04AE},
  {0x04B0, 0x04B0},
  {0x04B2, 0x04B2},
  {0x04B4, 0x04B4},
  {0x04B6, 0x04B6},
  {0x04B8, 0x04B8},
  {0x04BA, 0x04BA},
  {0x04BC, 0x04BC},
  {0x04BE, 0x04BE},
  {0x04C0, 0x04C1},
  {0x04C3, 0x04C3},
  {0x04C5, 0x04C5},
  {0x04C7, 0x04C7},
  {0x04C9, 0x04C9},
  {0x04CB, 0x04CB},
  {0x04CD, 0x04CD},
  {0x04D0, 0x04D0},
  {0x04D2, 0x04D2},
  {0x04D4, 0x04D4},
  {0x04D6, 0x04D6},
  {0x04D8, 0x04D8},
  {0x04DA, 0x04DA},
  {0x04DC, 0x04DC},
  {0x04DE, 0x04DE},
  {0x04E0, 0x04E0},
  {0x04E2, 0x04E2},
  {0x04E4, 0x04E4},
  {0x04E6, 0x04E6},
  {0x04E8, 0x04E8},
  {0x04EA, 0x04EA},
  {0x04EC, 0x04EC},
  {0x04EE, 0x04EE},
  {0x04F0, 0x04F0},
  {0x04F2, 0x04F2},
  {0x04F4, 0x04F4},
  {0x04F6, 0x04F6},
  {0x04F8, 0x04F8},
  {0x04FA, 0x04FA},
  {0x04FC, 0x04FC},
  {0x04FE, 0x04FE},
  {0x0500, 0x0500},
  {0x0502, 0x0502},
  {0x0504, 0x0504},
  {0x0506, 0x0506},
  {0x0508, 0x0508},
  {0x050A, 0x050A},
  {0x050C, 0x050C},
  {0x050E, 0x050E},
  {0x0510, 0x0510},
  {0x0512, 0x0512},
  {0x0514, 0x0514},
  {0x0516, 0x0516},
  {0x0518, 0x0518},
  {0x051A, 0x051A},
  {0x051C, 0x051C},
  {0x051E, 0x051E},
  {0x0520, 0x0520},
  {0x0522, 0x0522},
  {0x0524, 0x0524},
  {0x0526, 0x0526},
  {0x0528, 0x0528},
  {0x052A, 0x052A},
  {0x052C, 0x052C},
  {0x052E, 0x052E},
  {0x0531, 0x0556},
  {0x0587, 0x0587},
  {0x10A0, 0x10C5},
  {0x10C7, 0x10C7},
  {0x10CD, 0x10CD},
  {0x13F8, 0x13FD},
  {0x1C80, 0x1C89},
  {0x1C90, 0x1CBA},
  {0x1CBD, 0x1CBF},
  {0x1E00, 0x1E00},
  {0x1E02, 0x1E02},
  {0x1E04, 0x1E04},
  {0x1E06, 0x1E06},
  {0x1E08, 0x1E08},
  {0x1E0A, 0x1E0A},
  {0x1E0C, 0x1E0C},
  {0x1E0E, 0x1E0E},
  {0x1E10, 0x1E10},
  {0x1E12, 0x1E12},
  {0x1E14, 0x1E14},
  {0x1E16, 0x1E16},
  {0x1E18, 0x1E18},
  {0x1E1A, 0x1E1A},
  {0x1E1C, 0x1E1C},
  {0x1E1E, 0x1E1E},
  {0x1E20, 0x1E20},
  {0x1E22, 0x1E22},
  {0x1E24, 0x1E24},
  {0x1E26, 0x1E26},
  {0x1E28, 0x1E28},
  {0x1E2A, 0x1E2A},
  {0x1E2C, 0x1E2C},
  {0x1E2E, 0x1E2E},
  {0x1E30, 0x1E30},
  {0x1E32, 0x1E32},
  {0x1E34, 0x1E34},
  {0x1E36, 0x1E36},
  {0x1E38, 0x1E38},
  {0x1E3A, 0x1E3A},
  {0x1E3C, 0x1E3C},
  {0x1E3E, 0x1E3E},
  {0x1E40, 0x1E40},
  {0x1E42, 0x1E42},
  {0x1E44, 0x1E44},
  {0x1E46, 0x1E46},
  {0x1E48, 0x1E48},
  {0x1E4A, 0x1E4A},
  {0x1E4C, 0x1E4C},
  {0x1E4E, 0x1E4E},
  {0x1E50, 0x1E50},
  {0x1E52, 0x1E52},
  {0x1E54, 0x1E54},
  {0x1E56, 0x1E56},
  {0x1E58, 0x1E58},
  {0x1E5A, 0x1E5A},
  {0x1E5C, 0x1E5C},
  {0x1E5E, 0x1E5E},
  {0x1E60, 0x1E60},
  {0x1E62, 0x1E62},
  {0x1E64, 0x1E64},
  {0x1E66, 0x1E66},
  {0x1E68, 0x1E68},
  {0x1E6A, 0x1E6A},
  {0x1E6C, 0x1E6C},
  {0x1E6E, 0x1E6E},
  {0x1E70, 0x1E70},
  {0x1E72, 0x1E72},
  {0x1E74, 0x1E74},
  {0x1E76, 0x1E76},
  {0x1E78, 0x1E78},
  {0x1E7A, 0x1E7A},
  {0x1E7C, 0x1E7C},
  {0x1E7E, 0x1E7E},
  {0x1E80, 0x1E80},
  {0x1E82, 0x1E82},
  {0x1E84, 0x1E84},
  {0x1E86, 0x1E86},
  {0x1E88, 0x1E88},
  {0x1E8A, 0x1E8A},
  {0x1E8C, 0x1E8C},
  {0x1E8E, 0x1E8E},
  {0x1E90, 0x1E90},
  {0x1E92, 0x1E92},
  {0x1E94, 0x1E94},
  {0x1E9A, 0x1E9B},
  {0x1E9E, 0x1E9E},
  {0x1EA0, 0x1EA0},
  {0x1EA2, 0x1EA2},
  {0x1EA4, 0x1EA4},
  {0x1EA6, 0x1EA6},
  {0x1EA8, 0x1EA8},
  {0x1EAA, 0x1EAA},
  {0x1EAC, 0x1EAC},
  {0x1EAE, 0x1EAE},
  {0x1EB0, 0x1EB0},
  {0x1EB2, 0x1EB2},
  {0x1EB4, 0x1EB4},
  {0x1EB6, 0x1EB6},
  {0x1EB8, 0x1EB8},
  {0x1EBA, 0x1EBA},
  {0x1EBC, 0x1EBC},
  {0x1EBE, 0x1EBE},
  {0x1EC0, 0x1EC0},
  {0x1EC2, 0x1EC2},
  {0x1EC4, 0x1EC4},
  {0x1EC6, 0x1EC6},
  {0x1EC8, 0x1EC8},
  {0x1ECA, 0x1ECA},
  {0x1ECC, 0x1ECC},
  {0x1ECE, 0x1ECE},
  {0x1ED0, 0x1ED0},
  {0x1ED2, 0x1ED2},
  {0x1ED4, 0x1ED4},
  {0x1ED6, 0x1ED6},
  {0x1ED8, 0x1ED8},
  {0x1EDA, 0x1EDA},
  {0x1EDC, 0x1EDC},
  {0x1EDE, 0x1EDE},
  {0x1EE0, 0x1EE0},
  {0x1EE2, 0x1EE2},
  {0x1EE4, 0x1EE4},
  {0x1EE6, 0x1EE6},
  {0x1EE8, 0x1EE8},
  {0x1EEA, 0x1EEA},
  {0x1EEC, 0x1EEC},
  {0x1EEE, 0x1EEE},
  {0x1EF0, 0x1EF0},
  {0x1EF2, 0x1EF2},
  {0x1EF4, 0x1EF4},
  {0x1EF6, 0x1EF6},
  {0x1EF8, 0x1EF8},
  {0x1EFA, 0x1EFA},
  {0x1EFC, 0x1EFC},
  {0x1EFE, 0x1EFE},
  {0x1F08, 0x1F0F},
  {0x1F18, 0x1F1D},
  {0x1F28, 0x1F2F},
  {0x1F38, 0x1F3F},
  {0x1F48, 0x1F4D},
  {0x1F59, 0x1F59},
  {0x1F5B, 0x1F5B},
  {0x1F5D, 0x1F5D},
  {0x1F5F, 0x1F5F},
  {0x1F68, 0x1F6F},
  {0x1F80, 0x1FAF},
  {0x1FB2, 0x1FB4},
  {0x1FB7, 0x1FBC},
  {0x1FC2, 0x1FC4},
  {0x1FC7, 0x1FCC},
  {0x1FD8, 0x1FDB},
  {0x1FE8, 0x1FEC},
  {0x1FF2, 0x1FF4},
  {0x1FF7, 0x1FFC},
  {0x2126, 0x2126},
  {0x212A, 0x212B},
  {0x2132, 0x2132},
  {0x2160, 0x216F},
  {0x2183, 0x2183},
  {0x24B6, 0x24CF},
  {0x2C00, 0x2C2F},
  {0x2C60, 0x2C60},
  {0x2C62, 0x2C64},
  {0x2C67, 0x2C67},
  {0x2C69, 0x2C69},
  {0x2C6B, 0x2C6B},
  {0x2C6D, 0x2C70},
  {0x2C72, 0x2C72},
  {0x2C75, 0x2C75},
  {0x2C7E, 0x2C80},
  {0x2C82, 0x2C82},
  {0x2C84, 0x2C84},
  {0x2C86, 0x2C86},
  {0x2C88, 0x2C88},
  {0x2C8A, 0x2C8A},
  {0x2C8C, 0x2C8C},
  {0x2C8E, 0x2C8E},
  {0x2C90, 0x2C90},
  {0x2C92, 0x2C92},
  {0x2C94, 0x2C94},
  {0x2C96, 0x2C96},
  {0x2C98, 0x2C98},
  {0x2C9A, 0x2C9A},
  {0x2C9C, 0x2C9C},
  {0x2C9E, 0x2C9E},
  {0x2CA0, 0x2CA0},
  {0x2CA2, 0x2CA2},
  {0x2CA4, 0x2CA4},
  {0x2CA6, 0x2CA6},
  {0x2CA8, 0x2CA8},
  {0x2CAA, 0x2CAA},
  {0x2CAC, 0x2CAC},
  {0x2CAE, 0x2CAE},
  {0x2CB0, 0x2CB0},
  {0x2CB2, 0x2CB2},
  {0x2CB4, 0x2CB4},
  {0x2CB6, 0x2CB6},
  {0x2CB8, 0x2CB8},
  {0x2CBA, 0x2CBA},
  {0x2CBC, 0x2CBC},
  {0x2CBE, 0x2CBE},
  {0x2CC0, 0x2CC0},
  {0x2CC2, 0x2CC2},
  {0x2CC4, 0x2CC4},
  {0x2CC6, 0x2CC6},
  {0x2CC8, 0x2CC8},
  {0x2CCA, 0x2CCA},
  {0x2CCC, 0x2CCC},
  {0x2CCE, 0x2CCE},
  {0x2CD0, 0x2CD0},
  {0x2CD2, 0x2CD2},
  {0x2CD4, 0x2CD4},
  {0x2CD6, 0x2CD6},
  {0x2CD8, 0x2CD8},
  {0x2CDA, 0x2CDA},
  {0x2CDC, 0x2CDC},
  {0x2CDE, 0x2CDE},
  {0x2CE0, 0x2CE0},
  {0x2CE2, 0x2CE2},
  {0x2CEB, 0x2CEB},
  {0x2CED, 0x2CED},
  {0x2CF2, 0x2CF2},
  {0xA640, 0xA640},
  {0xA642, 0xA642},
  {0xA644, 0xA644},
  {0xA646, 0xA646},
  {0xA648, 0xA648},
  {0xA64A, 0xA64A},
  {0xA64C, 0xA64C},
  {0xA64E, 0xA64E},
  {0xA650, 0xA650},
  {0xA652, 0xA652},
  {0xA654, 0xA654},
  {0xA656, 0xA656},
  {0xA658, 0xA658},
  {0xA65A, 0xA65A},
  {0xA65C, 0xA65C},
  {0xA65E, 0xA65E},
  {0xA660, 0xA660},
  {0xA662, 0xA662},
  {0xA664, 0xA664},
  {0xA666, 0xA666},
  {0xA668, 0xA668},
  {0xA66A, 0xA66A},
  {0xA66C, 0xA66C},
  {0xA680, 0xA680},
  {0xA682, 0xA682},
  {0xA684, 0xA684},
  {0xA686, 0xA686},
  {0xA688, 0xA688},
  {0xA68A, 0xA68A},
  {0xA68C, 0xA68C},
  {0xA68E, 0xA68E},
  {0xA690, 0xA690},
  {0xA692, 0xA692},
  {0xA694, 0xA694},
  {0xA696, 0xA696},
  {0xA698, 0xA698},
  {0xA69A, 0xA69A},
  {0xA722, 0xA722},
  {0xA724, 0xA724},
  {0xA726, 0xA726},
  {0xA728, 0xA728},
  {0xA72A, 0xA72A},
  {0xA72C, 0xA72C},
  {0xA72E, 0xA72E},
  {0xA732, 0xA732},
  {0xA734, 0xA734},
  {0xA736, 0xA736},
  {0xA738, 0xA738},
  {0xA73A, 0xA73A},
  {0xA73C, 0xA73C},
  {0xA73E, 0xA73E},
  {0xA740, 0xA740},
  {0xA742, 0xA742},
  {0xA744, 0xA744},
  {0xA746, 0xA746},
  {0xA748, 0xA748},
  {0xA74A, 0xA74A},
  {0xA74C, 0xA74C},
  {0xA74E, 0xA74E},
  {0xA750, 0xA750},
  {0xA752, 0xA752},
  {0xA754, 0xA754},
  {0xA756, 0xA756},
  {0xA758, 0xA758},
  {0xA75A, 0xA75A},
  {0xA75C, 0xA75C},
  {0xA75E, 0xA75E},
  {0xA760, 0xA760},
  {0xA762, 0xA762},
  {0xA764, 0xA764},
  {0xA766, 0xA766},
  {0xA768, 0xA768},
  {0xA76A, 0xA76A},
  {0xA76C, 0xA76C},
  {0xA76E, 0xA76E},
  {0xA779, 0xA779},
  {0xA77B, 0xA77B},
  {0xA77D, 0xA77E},
  {0xA780, 0xA780},
  {0xA782, 0xA782},
  {0xA784, 0xA784},
  {0xA786, 0xA786},
  {0xA78B, 0xA78B},
  {0xA78D, 0xA78D},
  {0xA790, 0xA790},
  {0xA792, 0xA792},
  {0xA796, 0xA796},
  {0xA798, 0xA798},
  {0xA79A, 0xA79A},
  {0xA79C, 0xA79C},
  {0xA79E, 0xA79E},
  {0xA7A0, 0xA7A0},
  {0xA7A2, 0xA7A2},
  {0xA7A4, 0xA7A4},
  {0xA7A6, 0xA7A6},
  {0xA7A8, 0xA7A8},
  {0xA7AA, 0xA7AE},
  {0xA7B0, 0xA7B4},
  {0xA7B6, 0xA7B6},
  {0xA7B8, 0xA7B8},
  {0xA7BA, 0xA7BA},
  {0xA7BC, 0xA7BC},
  {0xA7BE, 0xA7BE},
  {0xA7C0, 0xA7C0},
  {0xA7C2, 0xA7C2},
  {0xA7C4, 0xA7C7},
  {0xA7C9, 0xA7C9},
  {0xA7CB, 0xA7CC},
  {0xA7CE, 0xA7CE},
  {0xA7D0, 0xA7D0},
  {0xA7D2, 0xA7D2},
  {0xA7D4, 0xA7D4},
  {0xA7D6, 0xA7D6},
  {0xA7D8, 0xA7D8},
  {0xA7DA, 0xA7DA},
  {0xA7DC, 0xA7DC},
  {0xA7F5, 0xA7F5},
  {0xAB70, 0xABBF},
  {0xFB00, 0xFB06},
  {0xFB13, 0xFB17},
  {0xFF21, 0xFF3A},
  {0x10400, 0x10427},
  {0x104B0, 0x104D3},
  {0x10570, 0x1057A},
  {0x1057C, 0x1058A},
  {0x1058C, 0x10592},
  {0x10594, 0x10595},
  {0x10C80, 0x10CB2},
  {0x10D50, 0x10D65},
  {0x118A0, 0x118BF},
  {0x16E40, 0x16E5F},
  {0x16EA0, 0x16EB8},
  {0x1E900, 0x1E921},
  {0x0041, 0x005A},
  {0x0061, 0x007A},
  {0x00B5, 0x00B5},
  {0x00C0, 0x00D6},
  {0x00D8, 0x00F6},
  {0x00F8, 0x0137},
  {0x0139, 0x018C},
  {0x018E, 0x01A9},
  {0x01AC, 0x01B9},
  {0x01BC, 0x01BD},
  {0x01BF, 0x01BF},
  {0x01C4, 0x0220},
  {0x0222, 0x0233},
  {0x023A, 0x0254},
  {0x0256, 0x0257},
  {0x0259, 0x0259},
  {0x025B, 0x025C},
  {0x0260, 0x0261},
  {0x0263, 0x0266},
  {0x0268, 0x026C},
  {0x026F, 0x026F},
  {0x0271, 0x0272},
  {0x0275, 0x0275},
  {0x027D, 0x027D},
  {0x0280, 0x0280},
  {0x0282, 0x0283},
  {0x0287, 0x028C},
  {0x0292, 0x0292},
  {0x029D, 0x029E},
  {0x0345, 0x0345},
  {0x0370, 0x0373},
  {0x0376, 0x0377},
  {0x037B, 0x037D},
  {0x037F, 0x037F},
  {0x0386, 0x0386},
  {0x0388, 0x038A},
  {0x038C, 0x038C},
  {0x038E, 0x03A1},
  {0x03A3, 0x03D1},
  {0x03D5, 0x03F5},
  {0x03F7, 0x03FB},
  {0x03FD, 0x0481},
  {0x048A, 0x052F},
  {0x0531, 0x0556},
  {0x0561, 0x0587},
  {0x10A0, 0x10C5},
  {0x10C7, 0x10C7},
  {0x10CD, 0x10CD},
  {0x10D0, 0x10FA},
  {0x10FD, 0x10FF},
  {0x13A0, 0x13F5},
  {0x13F8, 0x13FD},
  {0x1C80, 0x1C8A},
  {0x1C90, 0x1CBA},
  {0x1CBD, 0x1CBF},
  {0x1D79, 0x1D79},
  {0x1D7D, 0x1D7D},
  {0x1D8E, 0x1D8E},
  {0x1E00, 0x1E9B},
  {0x1E9E, 0x1E9E},
  {0x1EA0, 0x1F15},
  {0x1F18, 0x1F1D},
  {0x1F20, 0x1F45},
  {0x1F48, 0x1F4D},
  {0x1F50, 0x1F57},
  {0x1F59, 0x1F59},
  {0x1F5B, 0x1F5B},
  {0x1F5D, 0x1F5D},
  {0x1F5F, 0x1F7D},
  {0x1F80, 0x1FB4},
  {0x1FB6, 0x1FBC},
  {0x1FBE, 0x1FBE},
  {0x1FC2, 0x1FC4},
  {0x1FC6, 0x1FCC},
  {0x1FD0, 0x1FD3},
  {0x1FD6, 0x1FDB},
  {0x1FE0, 0x1FEC},
  {0x1FF2, 0x1FF4},
  {0x1FF6, 0x1FFC},
  {0x2126, 0x2126},
  {0x212A, 0x212B},
  {0x2132, 0x2132},
  {0x214E, 0x214E},
  {0x2160, 0x217F},
  {0x2183, 0x2184},
  {0x24B6, 0x24E9},
  {0x2C00, 0x2C70},
  {0x2C72, 0x2C73},
  {0x2C75, 0x2C76},
  {0x2C7E, 0x2CE3},
  {0x2CEB, 0x2CEE},
  {0x2CF2, 0x2CF3},
  {0x2D00, 0x2D25},
  {0x2D27, 0x2D27},
  {0x2D2D, 0x2D2D},
  {0xA640, 0xA66D},
  {0xA680, 0xA69B},
  {0xA722, 0xA72F},
  {0xA732, 0xA76F},
  {0xA779, 0xA787},
  {0xA78B, 0xA78D},
  {0xA790, 0xA794},
  {0xA796, 0xA7AE},
  {0xA7B0, 0xA7DC},
  {0xA7F5, 0xA7F6},
  {0xAB53, 0xAB53},
  {0xAB70, 0xABBF},
  {0xFB00, 0xFB06},
  {0xFB13, 0xFB17},
  {0xFF21, 0xFF3A},
  {0xFF41, 0xFF5A},
  {0x10400, 0x1044F},
  {0x104B0, 0x104D3},
  {0x104D8, 0x104FB},
  {0x10570, 0x1057A},
  {0x1057C, 0x1058A},
  {0x1058C, 0x10592},
  {0x10594, 0x10595},
  {0x10597, 0x105A1},
  {0x105A3, 0x105B1},
  {0x105B3, 0x105B9},
  {0x105BB, 0x105BC},
  {0x10C80, 0x10CB2},
  {0x10CC0, 0x10CF2},
  {0x10D50, 0x10D65},
  {0x10D70, 0x10D85},
  {0x118A0, 0x118DF},
  {0x16E40, 0x16E7F},
  {0x16EA0, 0x16EB8},
  {0x16EBB, 0x16ED3},
  {0x1E900, 0x1E943},
  {0x0041, 0x005A},
  {0x00C0, 0x00D6},
  {0x00D8, 0x00DE},
  {0x0100, 0x0100},
  {0x0102, 0x0102},
  {0x0104, 0x0104},
  {0x0106, 0x0106},
  {0x0108, 0x0108},
  {0x010A, 0x010A},
  {0x010C, 0x010C},
  {0x010E, 0x010E},
  {0x0110, 0x0110},
  {0x0112, 0x0112},
  {0x0114, 0x0114},
  {0x0116, 0x0116},
  {0x0118, 0x0118},
  {0x011A, 0x011A},
  {0x011C, 0x011C},
  {0x011E, 0x011E},
  {0x0120, 0x0120},
  {0x0122, 0x0122},
  {0x0124, 0x0124},
  {0x0126, 0x0126},
  {0x0128, 0x0128},
  {0x012A, 0x012A},
  {0x012C, 0x012C},
  {0x012E, 0x012E},
  {0x0130, 0x0130},
  {0x0132, 0x0132},
  {0x0134, 0x0134},
  {0x0136, 0x0136},
  {0x0139, 0x0139},
  {0x013B, 0x013B},
  {0x013D, 0x013D},
  {0x013F, 0x013F},
  {0x0141, 0x0141},
  {0x0143, 0x0143},
  {0x0145, 0x0145},
  {0x0147, 0x0147},
  {0x014A, 0x014A},
  {0x014C, 0x014C},
  {0x014E, 0x014E},
  {0x0150, 0x0150},
  {0x0152, 0x0152},
  {0x0154, 0x0154},
  {0x0156, 0x0156},
  {0x0158, 0x0158},
  {0x015A, 0x015A},
  {0x015C, 0x015C},
  {0x015E, 0x015E},
  {0x0160, 0x0160},
  {0x0162, 0x0162},
  {0x0164, 0x0164},
  {0x0166, 0x0166},
  {0x0168, 0x0168},
  {0x016A, 0x016A},
  {0x016C, 0x016C},
  {0x016E, 0x016E},
  {0x0170, 0x0170},
  {0x0172, 0x0172},
  {0x0174, 0x0174},
  {0x0176, 0x0176},
  {0x0178, 0x0179},
  {0x017B, 0x017B},
  {0x017D, 0x017D},
  {0x0181, 0x0182},
  {0x0184, 0x0184},
  {0x0186, 0x0187},
  {0x0189, 0x018B},
  {0x018E, 0x0191},
  {0x0193, 0x0194},
  {0x0196, 0x0198},
  {0x019C, 0x019D},
  {0x019F, 0x01A0},
  {0x01A2, 0x01A2},
  {0x01A4, 0x01A4},
  {0x01A6, 0x01A7},
  {0x01A9, 0x01A9},
  {0x01AC, 0x01AC},
  {0x01AE, 0x01AF},
  {0x01B1, 0x01B3},
  {0x01B5, 0x01B5},
  {0x01B7, 0x01B8},
  {0x01BC, 0x01BC},
  {0x01C4, 0x01C5},
  {0x01C7, 0x01C8},
  {0x01CA, 0x01CB},
  {0x01CD, 0x01CD},
  {0x01CF, 0x01CF},
  {0x01D1, 0x01D1},
  {0x01D3, 0x01D3},
  {0x01D5, 0x01D5},
  {0x01D7, 0x01D7},
  {0x01D9, 0x01D9},
  {0x01DB, 0x01DB},
  {0x01DE, 0x01DE},
  {0x01E0, 0x01E0},
  {0x01E2, 0x01E2},
  {0x01E4, 0x01E4},
  {0x01E6, 0x01E6},
  {0x01E8, 0x01E8},
  {0x01EA, 0x01EA},
  {0x01EC, 0x01EC},
  {0x01EE, 0x01EE},
  {0x01F1, 0x01F2},
  {0x01F4, 0x01F4},
  {0x01F6, 0x01F8},
  {0x01FA, 0x01FA},
  {0x01FC, 0x01FC},
  {0x01FE, 0x01FE},
  {0x0200, 0x0200},
  {0x0202, 0x0202},
  {0x0204, 0x0204},
  {0x0206, 0x0206},
  {0x0208, 0x0208},
  {0x020A, 0x020A},
  {0x020C, 0x020C},
  {0x020E, 0x020E},
  {0x0210, 0x0210},
  {0x0212, 0x0212},
  {0x0214, 0x0214},
  {0x0216, 0x0216},
  {0x0218, 0x0218},
  {0x021A, 0x021A},
  {0x021C, 0x021C},
  {0x021E, 0x021E},
  {0x0220, 0x0220},
  {0x0222, 0x0222},
  {0x0224, 0x0224},
  {0x0226, 0x0226},
  {0x0228, 0x0228},
  {0x022A, 0x022A},
  {0x022C, 0x022C},
  {0x022E, 0x022E},
  {0x0230, 0x0230},
  {0x0232, 0x0232},
  {0x023A, 0x023B},
  {0x023D, 0x023E},
  {0x0241, 0x0241},
  {0x0243, 0x0246},
  {0x0248, 0x0248},
  {0x024A, 0x024A},
  {0x024C, 0x024C},
  {0x024E, 0x024E},
  {0x0370, 0x0370},
  {0x0372, 0x0372},
  {0x0376, 0x0376},
  {0x037F, 0x037F},
  {0x0386, 0x0386},
  {0x0388, 0x038A},
  {0x038C, 0x038C},
  {0x038E, 0x038F},
  {0x0391, 0x03A1},
  {0x03A3, 0x03AB},
  {0x03CF, 0x03CF},
  {0x03D8, 0x03D8},
  {0x03DA, 0x03DA},
  {0x03DC, 0x03DC},
  {0x03DE, 0x03DE},
  {0x03E0, 0x03E0},
  {0x03E2, 0x03E2},
  {0x03E4, 0x03E4},
  {0x03E6, 0x03E6},
  {0x03E8, 0x03E8},
  {0x03EA, 0x03EA},
  {0x03EC, 0x03EC},
  {0x03EE, 0x03EE},
  {0x03F4, 0x03F4},
  {0x03F7, 0x03F7},
  {0x03F9, 0x03FA},
  {0x03FD, 0x042F},
  {0x0460, 0x0460},
  {0x0462, 0x0462},
  {0x0464, 0x0464},
  {0x0466, 0x0466},
  {0x0468, 0x0468},
  {0x046A, 0x046A},
  {0x046C, 0x046C},
  {0x046E, 0x046E},
  {0x0470, 0x0470},
  {0x0472, 0x0472},
  {0x0474, 0x0474},
  {0x0476, 0x0476},
  {0x0478, 0x0478},
  {0x047A, 0x047A},
  {0x047C, 0x047C},
  {0x047E, 0x047E},
  {0x0480, 0x0480},
  {0x048A, 0x048A},
  {0x048C, 0x048C},
  {0x048E, 0x048E},
  {0x0490, 0x0490},
  {0x0492, 0x0492},
  {0x0494, 0x0494},
  {0x0496, 0x0496},
  {0x0498, 0x0498},
  {0x049A, 0x049A},
  {0x049C, 0x049C},
  {0x049E, 0x049E},
  {0x04A0, 0x04A0},
  {0x04A2, 0x04A2},
  {0x04A4, 0x04A4},
  {0x04A6, 0x04A6},
  {0x04A8, 0x04A8},
  {0x04AA, 0x04AA},
  {0x04AC, 0x04AC},
  {0x04AE, 0x04AE},
  {0x04B0, 0x04B0},
  {0x04B2, 0x04B2},
  {0x04B4, 0x04B4},
  {0x04B6, 0x04B6},
  {0x04B8, 0x04B8},
  {0x04BA, 0x04BA},
  {0x04BC, 0x04BC},
  {0x04BE, 0x04BE},
  {0x04C0, 0x04C1},
  {0x04C3, 0x04C3},
  {0x04C5, 0x04C5},
  {0x04C7, 0x04C7},
  {0x04C9, 0x04C9},
  {0x04CB, 0x04CB},
  {0x04CD, 0x04CD},
  {0x04D0, 0x04D0},
  {0x04D2, 0x04D2},
  {0x04D4, 0x04D4},
  {0x04D6, 0x04D6},
  {0x04D8, 0x04D8},
  {0x04DA, 0x04DA},
  {0x04DC, 0x04DC},
  {0x04DE, 0x04DE},
  {0x04E0, 0x04E0},
  {0x04E2, 0x04E2},
  {0x04E4, 0x04E4},
  {0x04E6, 0x04E6},
  {0x04E8, 0x04E8},
  {0x04EA, 0x04EA},
  {0x04EC, 0x04EC},
  {0x04EE, 0x04EE},
  {0x04F0, 0x04F0},
  {0x04F2, 0x04F2},
  {0x04F4, 0x04F4},
  {0x04F6, 0x04F6},
  {0x04F8, 0x04F8},
  {0x04FA, 0x04FA},
  {0x04FC, 0x04FC},
  {0x04FE, 0x04FE},
  {0x0500, 0x0500},
  {0x0502, 0x0502},
  {0x0504, 0x0504},
  {0x0506, 0x0506},
  {0x0508, 0x0508},
  {0x050A, 0x050A},
  {0x050C, 0x050C},
  {0x050E, 0x050E},
  {0x0510, 0x0510},
  {0x0512, 0x0512},
  {0x0514, 0x0514},
  {0x0516, 0x0516},
  {0x0518, 0x0518},
  {0x051A, 0x051A},
  {0x051C, 0x051C},
  {0x051E, 0x051E},
  {0x0520, 0x0520},
  {0x0522, 0x0522},
  {0x0524, 0x0524},
  {0x0526, 0x0526},
  {0x0528, 0x0528},
  {0x052A, 0x052A},
  {0x052C, 0x052C},
  {0x052E, 0x052E},
  {0x0531, 0x0556},
  {0x10A0, 0x10C5},
  {0x10C7, 0x10C7},
  {0x10CD, 0x10CD},
  {0x13A0, 0x13F5},
  {0x1C89, 0x1C89},
  {0x1C90, 0x1CBA},
  {0x1CBD, 0x1CBF},
  {0x1E00, 0x1E00},
  {0x1E02, 0x1E02},
  {0x1E04, 0x1E04},
  {0x1E06, 0x1E06},
  {0x1E08, 0x1E08},
  {0x1E0A, 0x1E0A},
  {0x1E0C, 0x1E0C},
  {0x1E0E, 0x1E0E},
  {0x1E10, 0x1E10},
  {0x1E12, 0x1E12},
  {0x1E14, 0x1E14},
  {0x1E16, 0x1E16},
  {0x1E18, 0x1E18},
  {0x1E1A, 0x1E1A},
  {0x1E1C, 0x1E1C},
  {0x1E1E, 0x1E1E},
  {0x1E20, 0x1E20},
  {0x1E22, 0x1E22},
  {0x1E24, 0x1E24},
  {0x1E26, 0x1E26},
  {0x1E28, 0x1E28},
  {0x1E2A, 0x1E2A},
  {0x1E2C, 0x1E2C},
  {0x1E2E, 0x1E2E},
  {0x1E30, 0x1E30},
  {0x1E32, 0x1E32},
  {0x1E34, 0x1E34},
  {0x1E36, 0x1E36},
  {0x1E38, 0x1E38},
  {0x1E3A, 0x1E3A},
  {0x1E3C, 0x1E3C},
  {0x1E3E, 0x1E3E},
  {0x1E40, 0x1E40},
  {0x1E42, 0x1E42},
  {0x1E44, 0x1E44},
  {0x1E46, 0x1E46},
  {0x1E48, 0x1E48},
  {0x1E4A, 0x1E4A},
  {0x1E4C, 0x1E4C},
  {0x1E4E, 0x1E4E},
  {0x1E50, 0x1E50},
  {0x1E52, 0x1E52},
  {0x1E54, 0x1E54},
  {0x1E56, 0x1E56},
  {0x1E58, 0x1E58},
  {0x1E5A, 0x1E5A},
  {0x1E5C, 0x1E5C},
  {0x1E5E, 0x1E5E},
  {0x1E60, 0x1E60},
  {0x1E62, 0x1E62},
  {0x1E64, 0x1E64},
  {0x1E66, 0x1E66},
  {0x1E68, 0x1E68},
  {0x1E6A, 0x1E6A},
  {0x1E6C, 0x1E6C},
  {0x1E6E, 0x1E6E},
  {0x1E70, 0x1E70},
  {0x1E72, 0x1E72},
  {0x1E74, 0x1E74},
  {0x1E76, 0x1E76},
  {0x1E78, 0x1E78},
  {0x1E7A, 0x1E7A},
  {0x1E7C, 0x1E7C},
  {0x1E7E, 0x1E7E},
  {0x1E80, 0x1E80},
  {0x1E82, 0x1E82},
  {0x1E84, 0x1E84},
  {0x1E86, 0x1E86},
  {0x1E88, 0x1E88},
  {0x1E8A, 0x1E8A},
  {0x1E8C, 0x1E8C},
  {0x1E8E, 0x1E8E},
  {0x1E90, 0x1E90},
  {0x1E92, 0x1E92},
  {0x1E94, 0x1E94},
  {0x1E9E, 0x1E9E},
  {0x1EA0, 0x1EA0},
  {0x1EA2, 0x1EA2},
  {0x1EA4, 0x1EA4},
  {0x1EA6, 0x1EA6},
  {0x1EA8, 0x1EA8},
  {0x1EAA, 0x1EAA},
  {0x1EAC, 0x1EAC},
  {0x1EAE, 0x1EAE},
  {0x1EB0, 0x1EB0},
  {0x1EB2, 0x1EB2},
  {0x1EB4, 0x1EB4},
  {0x1EB6, 0x1EB6},
  {0x1EB8, 0x1EB8},
  {0x1EBA, 0x1EBA},
  {0x1EBC, 0x1EBC},
  {0x1EBE, 0x1EBE},
  {0x1EC0, 0x1EC0},
  {0x1EC2, 0x1EC2},
  {0x1EC4, 0x1EC4},
  {0x1EC6, 0x1EC6},
  {0x1EC8, 0x1EC8},
  {0x1ECA, 0x1ECA},
  {0x1ECC, 0x1ECC},
  {0x1ECE, 0x1ECE},
  {0x1ED0, 0x1ED0},
  {0x1ED2, 0x1ED2},
  {0x1ED4, 0x1ED4},
  {0x1ED6, 0x1ED6},
  {0x1ED8, 0x1ED8},
  {0x1EDA, 0x1EDA},
  {0x1EDC, 0x1EDC},
  {0x1EDE, 0x1EDE},
  {0x1EE0, 0x1EE0},
  {0x1EE2, 0x1EE2},
  {0x1EE4, 0x1EE4},
  {0x1EE6, 0x1EE6},
  {0x1EE8, 0x1EE8},
  {0x1EEA, 0x1EEA},
  {0x1EEC, 0x1EEC},
  {0x1EEE, 0x1EEE},
  {0x1EF0, 0x1EF0},
  {0x1EF2, 0x1EF2},
  {0x1EF4, 0x1EF4},
  {0x1EF6, 0x1EF6},
  {0x1EF8, 0x1EF8},
  {0x1EFA, 0x1EFA},
  {0x1EFC, 0x1EFC},
  {0x1EFE, 0x1EFE},
  {0x1F08, 0x1F0F},
  {0x1F18, 0x1F1D},
  {0x1F28, 0x1F2F},
  {0x1F38, 0x1F3F},
  {0x1F48, 0x1F4D},
  {0x1F59, 0x1F59},
  {0x1F5B, 0x1F5B},
  {0x1F5D, 0x1F5D},
  {0x1F5F, 0x1F5F},
  {0x1F68, 0x1F6F},
  {0x1F88, 0x1F8F},
  {0x1F98, 0x1F9F},
  {0x1FA8, 0x1FAF},
  {0x1FB8, 0x1FBC},
  {0x1FC8, 0x1FCC},
  {0x1FD8, 0x1FDB},
  {0x1FE8, 0x1FEC},
  {0x1FF8, 0x1FFC},
  {0x2126, 0x2126},
  {0x212A, 0x212B},
  {0x2132, 0x2132},
  {0x2160, 0x216F},
  {0x2183, 0x2183},
  {0x24B6, 0x24CF},
  {0x2C00, 0x2C2F},
  {0x2C60, 0x2C60},
  {0x2C62, 0x2C64},
  {0x2C67, 0x2C67},
  {0x2C69, 0x2C69},
  {0x2C6B, 0x2C6B},
  {0x2C6D, 0x2C70},
  {0x2C72, 0x2C72},
  {0x2C75, 0x2C75},
  {0x2C7E, 0x2C80},
  {0x2C82, 0x2C82},
  {0x2C84, 0x2C84},
  {0x2C86, 0x2C86},
  {0x2C88, 0x2C88},
  {0x2C8A, 0x2C8A},
  {0x2C8C, 0x2C8C},
  {0x2C8E, 0x2C8E},
  {0x2C90, 0x2C90},
  {0x2C92, 0x2C92},
  {0x2C94, 0x2C94},
  {0x2C96, 0x2C96},
  {0x2C98, 0x2C98},
  {0x2C9A, 0x2C9A},
  {0x2C9C, 0x2C9C},
  {0x2C9E, 0x2C9E},
  {0x2CA0, 0x2CA0},
  {0x2CA2, 0x2CA2},
  {0x2CA4, 0x2CA4},
  {0x2CA6, 0x2CA6},
  {0x2CA8, 0x2CA8},
  {0x2CAA, 0x2CAA},
  {0x2CAC, 0x2CAC},
  {0x2CAE, 0x2CAE},
  {0x2CB0, 0x2CB0},
  {0x2CB2, 0x2CB2},
  {0x2CB4, 0x2CB4},
  {0x2CB6, 0x2CB6},
  {0x2CB8, 0x2CB8},
  {0x2CBA, 0x2CBA},
  {0x2CBC, 0x2CBC},
  {0x2CBE, 0x2CBE},
  {0x2CC0, 0x2CC0},
  {0x2CC2, 0x2CC2},
  {0x2CC4, 0x2CC4},
  {0x2CC6, 0x2CC6},
  {0x2CC8, 0x2CC8},
  {0x2CCA, 0x2CCA},
  {0x2CCC, 0x2CCC},
  {0x2CCE, 0x2CCE},
  {0x2CD0, 0x2CD0},
  {0x2CD2, 0x2CD2},
  {0x2CD4, 0x2CD4},
  {0x2CD6, 0x2CD6},
  {0x2CD8, 0x2CD8},
  {0x2CDA, 0x2CDA},
  {0x2CDC, 0x2CDC},
  {0x2CDE, 0x2CDE},
  {0x2CE0, 0x2CE0},
  {0x2CE2, 0x2CE2},
  {0x2CEB, 0x2CEB},
  {0x2CED, 0x2CED},
  {0x2CF2, 0x2CF2},
  {0xA640, 0xA640},
  {0xA642, 0xA642},
  {0xA644, 0xA644},
  {0xA646, 0xA646},
  {0xA648, 0xA648},
  {0xA64A, 0xA64A},
  {0xA64C, 0xA64C},
  {0xA64E, 0xA64E},
  {0xA650, 0xA650},
  {0xA652, 0xA652},
  {0xA654, 0xA654},
  {0xA656, 0xA656},
  {0xA658, 0xA658},
  {0xA65A, 0xA65A},
  {0xA65C, 0xA65C},
  {0xA65E, 0xA65E},
  {0xA660, 0xA660},
  {0xA662, 0xA662},
  {0xA664, 0xA664},
  {0xA666, 0xA666},
  {0xA668, 0xA668},
  {0xA66A, 0xA66A},
  {0xA66C, 0xA66C},
  {0xA680, 0xA680},
  {0xA682, 0xA682},
  {0xA684, 0xA684},
  {0xA686, 0xA686},
  {0xA688, 0xA688},
  {0xA68A, 0xA68A},
  {0xA68C, 0xA68C},
  {0xA68E, 0xA68E},
  {0xA690, 0xA690},
  {0xA692, 0xA692},
  {0xA694, 0xA694},
  {0xA696, 0xA696},
  {0xA698, 0xA698},
  {0xA69A, 0xA69A},
  {0xA722, 0xA722},
  {0xA724, 0xA724},
  {0xA726, 0xA726},
  {0xA728, 0xA728},
  {0xA72A, 0xA72A},
  {0xA72C, 0xA72C},
  {0xA72E, 0xA72E},
  {0xA732, 0xA732},
  {0xA734, 0xA734},
  {0xA736, 0xA736},
  {0xA738, 0xA738},
  {0xA73A, 0xA73A},
  {0xA73C, 0xA73C},
  {0xA73E, 0xA73E},
  {0xA740, 0xA740},
  {0xA742, 0xA742},
  {0xA744, 0xA744},
  {0xA746, 0xA746},
  {0xA748, 0xA748},
  {0xA74A, 0xA74A},
  {0xA74C, 0xA74C},
  {0xA74E, 0xA74E},
  {0xA750, 0xA750},
  {0xA752, 0xA752},
  {0xA754, 0xA754},
  {0xA756, 0xA756},
  {0xA758, 0xA758},
  {0xA75A, 0xA75A},
  {0xA75C, 0xA75C},
  {0xA75E, 0xA75E},
  {0xA760, 0xA760},
  {0xA762, 0xA762},
  {0xA764, 0xA764},
  {0xA766, 0xA766},
  {0xA768, 0xA768},
  {0xA76A, 0xA76A},
  {0xA76C, 0xA76C},
  {0xA76E, 0xA76E},
  {0xA779, 0xA779},
  {0xA77B, 0xA77B},
  {0xA77D, 0xA77E},
  {0xA780, 0xA780},
  {0xA782, 0xA782},
  {0xA784, 0xA784},
  {0xA786, 0xA786},
  {0xA78B, 0xA78B},
  {0xA78D, 0xA78D},
  {0xA790, 0xA790},
  {0xA792, 0xA792},
  {0xA796, 0xA796},
  {0xA798, 0xA798},
  {0xA79A, 0xA79A},
  {0xA79C, 0xA79C},
  {0xA79E, 0xA79E},
  {0xA7A0, 0xA7A0},
  {0xA7A2, 0xA7A2},
  {0xA7A4, 0xA7A4},
  {0xA7A6, 0xA7A6},
  {0xA7A8, 0xA7A8},
  {0xA7AA, 0xA7AE},
  {0xA7B0, 0xA7B4},
  {0xA7B6, 0xA7B6},
  {0xA7B8, 0xA7B8},
  {0xA7BA, 0xA7BA},
  {0xA7BC, 0xA7BC},
  {0xA7BE, 0xA7BE},
  {0xA7C0, 0xA7C0},
  {0xA7C2, 0xA7C2},
  {0xA7C4, 0xA7C7},
  {0xA7C9, 0xA7C9},
  {0xA7CB, 0xA7CC},
  {0xA7CE, 0xA7CE},
  {0xA7D0, 0xA7D0},
  {0xA7D2, 0xA7D2},
  {0xA7D4, 0xA7D4},
  {0xA7D6, 0xA7D6},
  {0xA7D8, 0xA7D8},
  {0xA7DA, 0xA7DA},
  {0xA7DC, 0xA7DC},
  {0xA7F5, 0xA7F5},
  {0xFF21, 0xFF3A},
  {0x10400, 0x10427},
  {0x104B0, 0x104D3},
  {0x10570, 0x1057A},
  {0x1057C, 0x1058A},
  {0x1058C, 0x10592},
  {0x10594, 0x10595},
  {0x10C80, 0x10CB2},
  {0x10D50, 0x10D65},
  {0x118A0, 0x118BF},
  {0x16E40, 0x16E5F},
  {0x16EA0, 0x16EB8},
  {0x1E900, 0x1E921},
  {0x0061, 0x007A},
  {0x00B5, 0x00B5},
  {0x00DF, 0x00F6},
  {0x00F8, 0x00FF},
  {0x0101, 0x0101},
  {0x0103, 0x0103},
  {0x0105, 0x0105},
  {0x0107, 0x0107},
  {0x0109, 0x0109},
  {0x010B, 0x010B},
  {0x010D, 0x010D},
  {0x010F, 0x010F},
  {0x0111, 0x0111},
  {0x0113, 0x0113},
  {0x0115, 0x0115},
  {0x0117, 0x0117},
  {0x0119, 0x0119},
  {0x011B, 0x011B},
  {0x011D, 0x011D},
  {0x011F, 0x011F},
  {0x0121, 0x0121},
  {0x0123, 0x0123},
  {0x0125, 0x0125},
  {0x0127, 0x0127},
  {0x0129, 0x0129},
  {0x012B, 0x012B},
  {0x012D, 0x012D},
  {0x012F, 0x012F},
  {0x0131, 0x0131},
  {0x0133, 0x0133},
  {0x0135, 0x0135},
  {0x0137, 0x0137},
  {0x013A, 0x013A},
  {0x013C, 0x013C},
  {0x013E, 0x013E},
  {0x0140, 0x0140},
  {0x0142, 0x0142},
  {0x0144, 0x0144},
  {0x0146, 0x0146},
  {0x0148, 0x0149},
  {0x014B, 0x014B},
  {0x014D, 0x014D},
  {0x014F, 0x014F},
  {0x0151, 0x0151},
  {0x0153, 0x0153},
  {0x0155, 0x0155},
  {0x0157, 0x0157},
  {0x0159, 0x0159},
  {0x015B, 0x015B},
  {0x015D, 0x015D},
  {0x015F, 0x015F},
  {0x0161, 0x0161},
  {0x0163, 0x0163},
  {0x0165, 0x0165},
  {0x0167, 0x0167},
  {0x0169, 0x0169},
  {0x016B, 0x016B},
  {0x016D, 0x016D},
  {0x016F, 0x016F},
  {0x0171, 0x0171},
  {0x0173, 0x0173},
  {0x0175, 0x0175},
  {0x0177, 0x0177},
  {0x017A, 0x017A},
  {0x017C, 0x017C},
  {0x017E, 0x0180},
  {0x0183, 0x0183},
  {0x0185, 0x0185},
  {0x0188, 0x0188},
  {0x018C, 0x018C},
  {0x0192, 0x0192},
  {0x0195, 0x0195},
  {0x0199, 0x019B},
  {0x019E, 0x019E},
  {0x01A1, 0x01A1},
  {0x01A3, 0x01A3},
  {0x01A5, 0x01A5},
  {0x01A8, 0x01A8},
  {0x01AD, 0x01AD},
  {0x01B0, 0x01B0},
  {0x01B4, 0x01B4},
  {0x01B6, 0x01B6},
  {0x01B9, 0x01B9},
  {0x01BD, 0x01BD},
  {0x01BF, 0x01BF},
  {0x01C4, 0x01C4},
  {0x01C6, 0x01C7},
  {0x01C9, 0x01CA},
  {0x01CC, 0x01CC},
  {0x01CE, 0x01CE},
  {0x01D0, 0x01D0},
  {0x01D2, 0x01D2},
  {0x01D4, 0x01D4},
  {0x01D6, 0x01D6},
  {0x01D8, 0x01D8},
  {0x01DA, 0x01DA},
  {0x01DC, 0x01DD},
  {0x01DF, 0x01DF},
  {0x01E1, 0x01E1},
  {0x01E3, 0x01E3},
  {0x01E5, 0x01E5},
  {0x01E7, 0x01E7},
  {0x01E9, 0x01E9},
  {0x01EB, 0x01EB},
  {0x01ED, 0x01ED},
  {0x01EF, 0x01F1},
  {0x01F3, 0x01F3},
  {0x01F5, 0x01F5},
  {0x01F9, 0x01F9},
  {0x01FB, 0x01FB},
  {0x01FD, 0x01FD},
  {0x01FF, 0x01FF},
  {0x0201, 0x0201},
  {0x0203, 0x0203},
  {0x0205, 0x0205},
  {0x0207, 0x0207},
  {0x0209, 0x0209},
  {0x020B, 0x020B},
  {0x020D, 0x020D},
  {0x020F, 0x020F},
  {0x0211, 0x0211},
  {0x0213, 0x0213},
  {0x0215, 0x0215},
  {0x0217, 0x0217},
  {0x0219, 0x0219},
  {0x021B, 0x021B},
  {0x021D, 0x021D},
  {0x021F, 0x021F},
  {0x0223, 0x0223},
  {0x0225, 0x0225},
  {0x0227, 0x0227},
  {0x0229, 0x0229},
  {0x022B, 0x022B},
  {0x022D, 0x022D},
  {0x022F, 0x022F},
  {0x0231, 0x0231},
  {0x0233, 0x0233},
  {0x023C, 0x023C},
  {0x023F, 0x0240},
  {0x0242, 0x0242},
  {0x0247, 0x0247},
  {0x0249, 0x0249},
  {0x024B, 0x024B},
  {0x024D, 0x024D},
  {0x024F, 0x0254},
  {0x0256, 0x0257},
  {0x0259, 0x0259},
  {0x025B, 0x025C},
  {0x0260, 0x0261},
  {0x0263, 0x0266},
  {0x0268, 0x026C},
  {0x026F, 0x026F},
  {0x0271, 0x0272},
  {0x0275, 0x0275},
  {0x027D, 0x027D},
  {0x0280, 0x0280},
  {0x0282, 0x0283},
  {0x0287, 0x028C},
  {0x0292, 0x0292},
  {0x029D, 0x029E},
  {0x0345, 0x0345},
  {0x0371, 0x0371},
  {0x0373, 0x0373},
  {0x0377, 0x0377},
  {0x037B, 0x037D},
  {0x0390, 0x0390},
  {0x03AC, 0x03CE},
  {0x03D0, 0x03D1},
  {0x03D5, 0x03D7},
  {0x03D9, 0x03D9},
  {0x03DB, 0x03DB},
  {0x03DD, 0x03DD},
  {0x03DF, 0x03DF},
  {0x03E1, 0x03E1},
  {0x03E3, 0x03E3},
  {0x03E5, 0x03E5},
  {0x03E7, 0x03E7},
  {0x03E9, 0x03E9},
  {0x03EB, 0x03EB},
  {0x03ED, 0x03ED},
  {0x03EF, 0x03F3},
  {0x03F5, 0x03F5},
  {0x03F8, 0x03F8},
  {0x03FB, 0x03FB},
  {0x0430, 0x045F},
  {0x0461, 0x0461},
  {0x0463, 0x0463},
  {0x0465, 0x0465},
  {0x0467, 0x0467},
  {0x0469, 0x0469},
  {0x046B, 0x046B},
  {0x046D, 0x046D},
  {0x046F, 0x046F},
  {0x0471, 0x0471},
  {0x0473, 0x0473},
  {0x0475, 0x0475},
  {0x0477, 0x0477},
  {0x0479, 0x0479},
  {0x047B, 0x047B},
  {0x047D, 0x047D},
  {0x047F, 0x047F},
  {0x0481, 0x0481},
  {0x048B, 0x048B},
  {0x048D, 0x048D},
  {0x048F, 0x048F},
  {0x0491, 0x0491},
  {0x0493, 0x0493},
  {0x0495, 0x0495},
  {0x0497, 0x0497},
  {0x0499, 0x0499},
  {0x049B, 0x049B},
  {0x049D, 0x049D},
  {0x049F, 0x049F},
  {0x04A1, 0x04A1},
  {0x04A3, 0x04A3},
  {0x04A5, 0x04A5},
  {0x04A7, 0x04A7},
  {0x04A9, 0x04A9},
  {0x04AB, 0x04AB},
  {0x04AD, 0x04AD},
  {0x04AF, 0x04AF},
  {0x04B1, 0x04B1},
  {0x04B3, 0x04B3},
  {0x04B5, 0x04B5},
  {0x04B7, 0x04B7},
  {0x04B9, 0x04B9},
  {0x04BB, 0x04BB},
  {0x04BD, 0x04BD},
  {0x04BF, 0x04BF},
  {0x04C2, 0x04C2},
  {0x04C4, 0x04C4},
  {0x04C6, 0x04C6},
  {0x04C8, 0x04C8},
  {0x04CA, 0x04CA},
  {0x04CC, 0x04CC},
  {0x04CE, 0x04CF},
  {0x04D1, 0x04D1},
  {0x04D3, 0x04D3},
  {0x04D5, 0x04D5},
  {0x04D7, 0x04D7},
  {0x04D9, 0x04D9},
  {0x04DB, 0x04DB},
  {0x04DD, 0x04DD},
  {0x04DF, 0x04DF},
  {0x04E1, 0x04E1},
  {0x04E3, 0x04E3},
  {0x04E5, 0x04E5},
  {0x04E7, 0x04E7},
  {0x04E9, 0x04E9},
  {0x04EB, 0x04EB},
  {0x04ED, 0x04ED},
  {0x04EF, 0x04EF},
  {0x04F1, 0x04F1},
  {0x04F3, 0x04F3},
  {0x04F5, 0x04F5},
  {0x04F7, 0x04F7},
  {0x04F9, 0x04F9},
  {0x04FB, 0x04FB},
  {0x04FD, 0x04FD},
  {0x04FF, 0x04FF},
  {0x0501, 0x0501},
  {0x0503, 0x0503},
  {0x0505, 0x0505},
  {0x0507, 0x0507},
  {0x0509, 0x0509},
  {0x050B, 0x050B},
  {0x050D, 0x050D},
  {0x050F, 0x050F},
  {0x0511, 0x0511},
  {0x0513, 0x0513},
  {0x0515, 0x0515},
  {0x0517, 0x0517},
  {0x0519, 0x0519},
  {0x051B, 0x051B},
  {0x051D, 0x051D},
  {0x051F, 0x051F},
  {0x0521, 0x0521},
  {0x0523, 0x0523},
  {0x0525, 0x0525},
  {0x0527, 0x0527},
  {0x0529, 0x0529},
  {0x052B, 0x052B},
  {0x052D, 0x052D},
  {0x052F, 0x052F},
  {0x0561, 0x0587},
  {0x13F8, 0x13FD},
  {0x1C80, 0x1C88},
  {0x1C8A, 0x1C8A},
  {0x1D79, 0x1D79},
  {0x1D7D, 0x1D7D},
  {0x1D8E, 0x1D8E},
  {0x1E01, 0x1E01},
  {0x1E03, 0x1E03},
  {0x1E05, 0x1E05},
  {0x1E07, 0x1E07},
  {0x1E09, 0x1E09},
  {0x1E0B, 0x1E0B},
  {0x1E0D, 0x1E0D},
  {0x1E0F, 0x1E0F},
  {0x1E11, 0x1E11},
  {0x1E13, 0x1E13},
  {0x1E15, 0x1E15},
  {0x1E17, 0x1E17},
  {0x1E19, 0x1E19},
  {0x1E1B, 0x1E1B},
  {0x1E1D, 0x1E1D},
  {0x1E1F, 0x1E1F},
  {0x1E21, 0x1E21},
  {0x1E23, 0x1E23},
  {0x1E25, 0x1E25},
  {0x1E27, 0x1E27},
  {0x1E29, 0x1E29},
  {0x1E2B, 0x1E2B},
  {0x1E2D, 0x1E2D},
  {0x1E2F, 0x1E2F},
  {0x1E31, 0x1E31},
  {0x1E33, 0x1E33},
  {0x1E35, 0x1E35},
  {0x1E37, 0x1E37},
  {0x1E39, 0x1E39},
  {0x1E3B, 0x1E3B},
  {0x1E3D, 0x1E3D},
  {0x1E3F, 0x1E3F},
  {0x1E41, 0x1E41},
  {0x1E43, 0x1E43},
  {0x1E45, 0x1E45},
  {0x1E47, 0x1E47},
  {0x1E49, 0x1E49},
  {0x1E4B, 0x1E4B},
  {0x1E4D, 0x1E4D},
  {0x1E4F, 0x1E4F},
  {0x1E51, 0x1E51},
  {0x1E53, 0x1E53},
  {0x1E55, 0x1E55},
  {0x1E57, 0x1E57},
  {0x1E59, 0x1E59},
  {0x1E5B, 0x1E5B},
  {0x1E5D, 0x1E5D},
  {0x1E5F, 0x1E5F},
  {0x1E61, 0x1E61},
  {0x1E63, 0x1E63},
  {0x1E65, 0x1E65},
  {0x1E67, 0x1E67},
  {0x1E69, 0x1E69},
  {0x1E6B, 0x1E6B},
  {0x1E6D, 0x1E6D},
  {0x1E6F, 0x1E6F},
  {0x1E71, 0x1E71},
  {0x1E73, 0x1E73},
  {0x1E75, 0x1E75},
  {0x1E77, 0x1E77},
  {0x1E79, 0x1E79},
  {0x1E7B, 0x1E7B},
  {0x1E7D, 0x1E7D},
  {0x1E7F, 0x1E7F},
  {0x1E81, 0x1E81},
  {0x1E83, 0x1E83},
  {0x1E85, 0x1E85},
  {0x1E87, 0x1E87},
  {0x1E89, 0x1E89},
  {0x1E8B, 0x1E8B},
  {0x1E8D, 0x1E8D},
  {0x1E8F, 0x1E8F},
  {0x1E91, 0x1E91},
  {0x1E93, 0x1E93},
  {0x1E95, 0x1E9B},
  {0x1EA1, 0x1EA1},
  {0x1EA3, 0x1EA3},
  {0x1EA5, 0x1EA5},
  {0x1EA7, 0x1EA7},
  {0x1EA9, 0x1EA9},
  {0x1EAB, 0x1EAB},
  {0x1EAD, 0x1EAD},
  {0x1EAF, 0x1EAF},
  {0x1EB1, 0x1EB1},
  {0x1EB3, 0x1EB3},
  {0x1EB5, 0x1EB5},
  {0x1EB7, 0x1EB7},
  {0x1EB9, 0x1EB9},
  {0x1EBB, 0x1EBB},
  {0x1EBD, 0x1EBD},
  {0x1EBF, 0x1EBF},
  {0x1EC1, 0x1EC1},
  {0x1EC3, 0x1EC3},
  {0x1EC5, 0x1EC5},
  {0x1EC7, 0x1EC7},
  {0x1EC9, 0x1EC9},
  {0x1ECB, 0x1ECB},
  {0x1ECD, 0x1ECD},
  {0x1ECF, 0x1ECF},
  {0x1ED1, 0x1ED1},
  {0x1ED3, 0x1ED3},
  {0x1ED5, 0x1ED5},
  {0x1ED7, 0x1ED7},
  {0x1ED9, 0x1ED9},
  {0x1EDB, 0x1EDB},
  {0x1EDD, 0x1EDD},
  {0x1EDF, 0x1EDF},
  {0x1EE1, 0x1EE1},
  {0x1EE3, 0x1EE3},
  {0x1EE5, 0x1EE5},
  {0x1EE7, 0x1EE7},
  {0x1EE9, 0x1EE9},
  {0x1EEB, 0x1EEB},
  {0x1EED, 0x1EED},
  {0x1EEF, 0x1EEF},
  {0x1EF1, 0x1EF1},
  {0x1EF3, 0x1EF3},
  {0x1EF5, 0x1EF5},
  {0x1EF7, 0x1EF7},
  {0x1EF9, 0x1EF9},
  {0x1EFB, 0x1EFB},
  {0x1EFD, 0x1EFD},
  {0x1EFF, 0x1F07},
  {0x1F10, 0x1F15},
  {0x1F20, 0x1F27},
  {0x1F30, 0x1F37},
  {0x1F40, 0x1F45},
  {0x1F50, 0x1F57},
  {0x1F60, 0x1F67},
  {0x1F70, 0x1F7D},
  {0x1F80, 0x1F87},
  {0x1F90, 0x1F97},
  {0x1FA0, 0x1FA7},
  {0x1FB0, 0x1FB4},
  {0x1FB6, 0x1FB7},
  {0x1FBE, 0x1FBE},
  {0x1FC2, 0x1FC4},
  {0x1FC6, 0x1FC7},
  {0x1FD0, 0x1FD3},
  {0x1FD6, 0x1FD7},
  {0x1FE0, 0x1FE7},
  {0x1FF2, 0x1FF4},
  {0x1FF6, 0x1FF7},
  {0x214E, 0x214E},
  {0x2170, 0x217F},
  {0x2184, 0x2184},
  {0x24D0, 0x24E9},
  {0x2C30, 0x2C5F},
  {0x2C61, 0x2C61},
  {0x2C65, 0x2C66},
  {0x2C68, 0x2C68},
  {0x2C6A, 0x2C6A},
  {0x2C6C, 0x2C6C},
  {0x2C73, 0x2C73},
  {0x2C76, 0x2C76},
  {0x2C81, 0x2C81},
  {0x2C83, 0x2C83},
  {0x2C85, 0x2C85},
  {0x2C87, 0x2C87},
  {0x2C89, 0x2C89},
  {0x2C8B, 0x2C8B},
  {0x2C8D, 0x2C8D},
  {0x2C8F, 0x2C8F},
  {0x2C91, 0x2C91},
  {0x2C93, 0x2C93},
  {0x2C95, 0x2C95},
  {0x2C97, 0x2C97},
  {0x2C99, 0x2C99},
  {0x2C9B, 0x2C9B},
  {0x2C9D, 0x2C9D},
  {0x2C9F, 0x2C9F},
  {0x2CA1, 0x2CA1},
  {0x2CA3, 0x2CA3},
  {0x2CA5, 0x2CA5},
  {0x2CA7, 0x2CA7},
  {0x2CA9, 0x2CA9},
  {0x2CAB, 0x2CAB},
  {0x2CAD, 0x2CAD},
  {0x2CAF, 0x2CAF},
  {0x2CB1, 0x2CB1},
  {0x2CB3, 0x2CB3},
  {0x2CB5, 0x2CB5},
  {0x2CB7, 0x2CB7},
  {0x2CB9, 0x2CB9},
  {0x2CBB, 0x2CBB},
  {0x2CBD, 0x2CBD},
  {0x2CBF, 0x2CBF},
  {0x2CC1, 0x2CC1},
  {0x2CC3, 0x2CC3},
  {0x2CC5, 0x2CC5},
  {0x2CC7, 0x2CC7},
  {0x2CC9, 0x2CC9},
  {0x2CCB, 0x2CCB},
  {0x2CCD, 0x2CCD},
  {0x2CCF, 0x2CCF},
  {0x2CD1, 0x2CD1},
  {0x2CD3, 0x2CD3},
  {0x2CD5, 0x2CD5},
  {0x2CD7, 0x2CD7},
  {0x2CD9, 0x2CD9},
  {0x2CDB, 0x2CDB},
  {0x2CDD, 0x2CDD},
  {0x2CDF, 0x2CDF},
  {0x2CE1, 0x2CE1},
  {0x2CE3, 0x2CE3},
  {0x2CEC, 0x2CEC},
  {0x2CEE, 0x2CEE},
  {0x2CF3, 0x2CF3},
  {0x2D00, 0x2D25},
  {0x2D27, 0x2D27},
  {0x2D2D, 0x2D2D},
  {0xA641, 0xA641},
  {0xA643, 0xA643},
  {0xA645, 0xA645},
  {0xA647, 0xA647},
  {0xA649, 0xA649},
  {0xA64B, 0xA64B},
  {0xA64D, 0xA64D},
  {0xA64F, 0xA64F},
  {0xA651, 0xA651},
  {0xA653, 0xA653},
  {0xA655, 0xA655},
  {0xA657, 0xA657},
  {0xA659, 0xA659},
  {0xA65B, 0xA65B},
  {0xA65D, 0xA65D},
  {0xA65F, 0xA65F},
  {0xA661, 0xA661},
  {0xA663, 0xA663},
  {0xA665, 0xA665},
  {0xA667, 0xA667},
  {0xA669, 0xA669},
  {0xA66B, 0xA66B},
  {0xA66D, 0xA66D},
  {0xA681, 0xA681},
  {0xA683, 0xA683},
  {0xA685, 0xA685},
  {0xA687, 0xA687},
  {0xA689, 0xA689},
  {0xA68B, 0xA68B},
  {0xA68D, 0xA68D},
  {0xA68F, 0xA68F},
  {0xA691, 0xA691},
  {0xA693, 0xA693},
  {0xA695, 0xA695},
  {0xA697, 0xA697},
  {0xA699, 0xA699},
  {0xA69B, 0xA69B},
  {0xA723, 0xA723},
  {0xA725, 0xA725},
  {0xA727, 0xA727},
  {0xA729, 0xA729},
  {0xA72B, 0xA72B},
  {0xA72D, 0xA72D},
  {0xA72F, 0xA72F},
  {0xA733, 0xA733},
  {0xA735, 0xA735},
  {0xA737, 0xA737},
  {0xA739, 0xA739},
  {0xA73B, 0xA73B},
  {0xA73D, 0xA73D},
  {0xA73F, 0xA73F},
  {0xA741, 0xA741},
  {0xA743, 0xA743},
  {0xA745, 0xA745},
  {0xA747, 0xA747},
  {0xA749, 0xA749},
  {0xA74B, 0xA74B},
  {0xA74D, 0xA74D},
  {0xA74F, 0xA74F},
  {0xA751, 0xA751},
  {0xA753, 0xA753},
  {0xA755, 0xA755},
  {0xA757, 0xA757},
  {0xA759, 0xA759},
  {0xA75B, 0xA75B},
  {0xA75D, 0xA75D},
  {0xA75F, 0xA75F},
  {0xA761, 0xA761},
  {0xA763, 0xA763},
  {0xA765, 0xA765},
  {0xA767, 0xA767},
  {0xA769, 0xA769},
  {0xA76B, 0xA76B},
  {0xA76D, 0xA76D},
  {0xA76F, 0xA76F},
  {0xA77A, 0xA77A},
  {0xA77C, 0xA77C},
  {0xA77F, 0xA77F},
  {0xA781, 0xA781},
  {0xA783, 0xA783},
  {0xA785, 0xA785},
  {0xA787, 0xA787},
  {0xA78C, 0xA78C},
  {0xA791, 0xA791},
  {0xA793, 0xA794},
  {0xA797, 0xA797},
  {0xA799, 0xA799},
  {0xA79B, 0xA79B},
  {0xA79D, 0xA79D},
  {0xA79F, 0xA79F},
  {0xA7A1, 0xA7A1},
  {0xA7A3, 0xA7A3},
  {0xA7A5, 0xA7A5},
  {0xA7A7, 0xA7A7},
  {0xA7A9, 0xA7A9},
  {0xA7B5, 0xA7B5},
  {0xA7B7, 0xA7B7},
  {0xA7B9, 0xA7B9},
  {0xA7BB, 0xA7BB},
  {0xA7BD, 0xA7BD},
  {0xA7BF, 0xA7BF},
  {0xA7C1, 0xA7C1},
  {0xA7C3, 0xA7C3},
  {0xA7C8, 0xA7C8},
  {0xA7CA, 0xA7CA},
  {0xA7CD, 0xA7CD},
  {0xA7CF, 0xA7CF},
  {0xA7D1, 0xA7D1},
  {0xA7D3, 0xA7D3},
  {0xA7D5, 0xA7D5},
  {0xA7D7, 0xA7D7},
  {0xA7D9, 0xA7D9},
  {0xA7DB, 0xA7DB},
  {0xA7F6, 0xA7F6},
  {0xAB53, 0xAB53},
  {0xAB70, 0xABBF},
  {0xFB00, 0xFB06},
  {0xFB13, 0xFB17},
  {0xFF41, 0xFF5A},
  {0x10428, 0x1044F},
  {0x104D8, 0x104FB},
  {0x10597, 0x105A1},
  {0x105A3, 0x105B1},
  {0x105B3, 0x105B9},
  {0x105BB, 0x105BC},
  {0x10CC0, 0x10CF2},
  {0x10D70, 0x10D85},
  {0x118C0, 0x118DF},
  {0x16E60, 0x16E7F},
  {0x16EBB, 0x16ED3},
  {0x1E922, 0x1E943},
  {0x0061, 0x007A},
  {0x00B5, 0x00B5},
  {0x00DF, 0x00F6},
  {0x00F8, 0x00FF},
  {0x0101, 0x0101},
  {0x0103, 0x0103},
  {0x0105, 0x0105},
  {0x0107, 0x0107},
  {0x0109, 0x0109},
  {0x010B, 0x010B},
  {0x010D, 0x010D},
  {0x010F, 0x010F},
  {0x0111, 0x0111},
  {0x0113, 0x0113},
  {0x0115, 0x0115},
  {0x0117, 0x0117},
  {0x0119, 0x0119},
  {0x011B, 0x011B},
  {0x011D, 0x011D},
  {0x011F, 0x011F},
  {0x0121, 0x0121},
  {0x0123, 0x0123},
  {0x0125, 0x0125},
  {0x0127, 0x0127},
  {0x0129, 0x0129},
  {0x012B, 0x012B},
  {0x012D, 0x012D},
  {0x012F, 0x012F},
  {0x0131, 0x0131},
  {0x0133, 0x0133},
  {0x0135, 0x0135},
  {0x0137, 0x0137},
  {0x013A, 0x013A},
  {0x013C, 0x013C},
  {0x013E, 0x013E},
  {0x0140, 0x0140},
  {0x0142, 0x0142},
  {0x0144, 0x0144},
  {0x0146, 0x0146},
  {0x0148, 0x0149},
  {0x014B, 0x014B},
  {0x014D, 0x014D},
  {0x014F, 0x014F},
  {0x0151, 0x0151},
  {0x0153, 0x0153},
  {0x0155, 0x0155},
  {0x0157, 0x0157},
  {0x0159, 0x0159},
  {0x015B, 0x015B},
  {0x015D, 0x015D},
  {0x015F, 0x015F},
  {0x0161, 0x0161},
  {0x0163, 0x0163},
  {0x0165, 0x0165},
  {0x0167, 0x0167},
  {0x0169, 0x0169},
  {0x016B, 0x016B},
  {0x016D, 0x016D},
  {0x016F, 0x016F},
  {0x0171, 0x0171},
  {0x0173, 0x0173},
  {0x0175, 0x0175},
  {0x0177, 0x0177},
  {0x017A, 0x017A},
  {0x017C, 0x017C},
  {0x017E, 0x0180},
  {0x0183, 0x0183},
  {0x0185, 0x0185},
  {0x0188, 0x0188},
  {0x018C, 0x018C},
  {0x0192, 0x0192},
  {0x0195, 0x0195},
  {0x0199, 0x019B},
  {0x019E, 0x019E},
  {0x01A1, 0x01A1},
  {0x01A3, 0x01A3},
  {0x01A5, 0x01A5},
  {0x01A8, 0x01A8},
  {0x01AD, 0x01AD},
  {0x01B0, 0x01B0},
  {0x01B4, 0x01B4},
  {0x01B6, 0x01B6},
  {0x01B9, 0x01B9},
  {0x01BD, 0x01BD},
  {0x01BF, 0x01BF},
  {0x01C5, 0x01C6},
  {0x01C8, 0x01C9},
  {0x01CB, 0x01CC},
  {0x01CE, 0x01CE},
  {0x01D0, 0x01D0},
  {0x01D2, 0x01D2},
  {0x01D4, 0x01D4},
  {0x01D6, 0x01D6},
  {0x01D8, 0x01D8},
  {0x01DA, 0x01DA},
  {0x01DC, 0x01DD},
  {0x01DF, 0x01DF},
  {0x01E1, 0x01E1},
  {0x01E3, 0x01E3},
  {0x01E5, 0x01E5},
  {0x01E7, 0x01E7},
  {0x01E9, 0x01E9},
  {0x01EB, 0x01EB},
  {0x01ED, 0x01ED},
  {0x01EF, 0x01F0},
  {0x01F2, 0x01F3},
  {0x01F5, 0x01F5},
  {0x01F9, 0x01F9},
  {0x01FB, 0x01FB},
  {0x01FD, 0x01FD},
  {0x01FF, 0x01FF},
  {0x0201, 0x0201},
  {0x0203, 0x0203},
  {0x0205, 0x0205},
  {0x0207, 0x0207},
  {0x0209, 0x0209},
  {0x020B, 0x020B},
  {0x020D, 0x020D},
  {0x020F, 0x020F},
  {0x0211, 0x0211},
  {0x0213, 0x0213},
  {0x0215, 0x0215},
  {0x0217, 0x0217},
  {0x0219, 0x0219},
  {0x021B, 0x021B},
  {0x021D, 0x021D},
  {0x021F, 0x021F},
  {0x0223, 0x0223},
  {0x0225, 0x0225},
  {0x0227, 0x0227},
  {0x0229, 0x0229},
  {0x022B, 0x022B},
  {0x022D, 0x022D},
  {0x022F, 0x022F},
  {0x0231, 0x0231},
  {0x0233, 0x0233},
  {0x023C, 0x023C},
  {0x023F, 0x0240},
  {0x0242, 0x0242},
  {0x0247, 0x0247},
  {0x0249, 0x0249},
  {0x024B, 0x024B},
  {0x024D, 0x024D},
  {0x024F, 0x0254},
  {0x0256, 0x0257},
  {0x0259, 0x0259},
  {0x025B, 0x025C},
  {0x0260, 0x0261},
  {0x0263, 0x0266},
  {0x0268, 0x026C},
  {0x026F, 0x026F},
  {0x0271, 0x0272},
  {0x0275, 0x0275},
  {0x027D, 0x027D},
  {0x0280, 0x0280},
  {0x0282, 0x0283},
  {0x0287, 0x028C},
  {0x0292, 0x0292},
  {0x029D, 0x029E},
  {0x0345, 0x0345},
  {0x0371, 0x0371},
  {0x0373, 0x0373},
  {0x0377, 0x0377},
  {0x037B, 0x037D},
  {0x0390, 0x0390},
  {0x03AC, 0x03CE},
  {0x03D0, 0x03D1},
  {0x03D5, 0x03D7},
  {0x03D9, 0x03D9},
  {0x03DB, 0x03DB},
  {0x03DD, 0x03DD},
  {0x03DF, 0x03DF},
  {0x03E1, 0x03E1},
  {0x03E3, 0x03E3},
  {0x03E5, 0x03E5},
  {0x03E7, 0x03E7},
  {0x03E9, 0x03E9},
  {0x03EB, 0x03EB},
  {0x03ED, 0x03ED},
  {0x03EF, 0x03F3},
  {0x03F5, 0x03F5},
  {0x03F8, 0x03F8},
  {0x03FB, 0x03FB},
  {0x0430, 0x045F},
  {0x0461, 0x0461},
  {0x0463, 0x0463},
  {0x0465, 0x0465},
  {0x0467, 0x0467},
  {0x0469, 0x0469},
  {0x046B, 0x046B},
  {0x046D, 0x046D},
  {0x046F, 0x046F},
  {0x0471, 0x0471},
  {0x0473, 0x0473},
  {0x0475, 0x0475},
  {0x0477, 0x0477},
  {0x0479, 0x0479},
  {0x047B, 0x047B},
  {0x047D, 0x047D},
  {0x047F, 0x047F},
  {0x0481, 0x0481},
  {0x048B, 0x048B},
  {0x048D, 0x048D},
  {0x048F, 0x048F},
  {0x0491, 0x0491},
  {0x0493, 0x0493},
  {0x0495, 0x0495},
  {0x0497, 0x0497},
  {0x0499, 0x0499},
  {0x049B, 0x049B},
  {0x049D, 0x049D},
  {0x049F, 0x049F},
  {0x04A1, 0x04A1},
  {0x04A3, 0x04A3},
  {0x04A5, 0x04A5},
  {0x04A7, 0x04A7},
  {0x04A9, 0x04A9},
  {0x04AB, 0x04AB},
  {0x04AD, 0x04AD},
  {0x04AF, 0x04AF},
  {0x04B1, 0x04B1},
  {0x04B3, 0x04B3},
  {0x04B5, 0x04B5},
  {0x04B7, 0x04B7},
  {0x04B9, 0x04B9},
  {0x04BB, 0x04BB},
  {0x04BD, 0x04BD},
  {0x04BF, 0x04BF},
  {0x04C2, 0x04C2},
  {0x04C4, 0x04C4},
  {0x04C6, 0x04C6},
  {0x04C8, 0x04C8},
  {0x04CA, 0x04CA},
  {0x04CC, 0x04CC},
  {0x04CE, 0x04CF},
  {0x04D1, 0x04D1},
  {0x04D3, 0x04D3},
  {0x04D5, 0x04D5},
  {0x04D7, 0x04D7},
  {0x04D9, 0x04D9},
  {0x04DB, 0x04DB},
  {0x04DD, 0x04DD},
  {0x04DF, 0x04DF},
  {0x04E1, 0x04E1},
  {0x04E3, 0x04E3},
  {0x04E5, 0x04E5},
  {0x04E7, 0x04E7},
  {0x04E9, 0x04E9},
  {0x04EB, 0x04EB},
  {0x04ED, 0x04ED},
  {0x04EF, 0x04EF},
  {0x04F1, 0x04F1},
  {0x04F3, 0x04F3},
  {0x04F5, 0x04F5},
  {0x04F7, 0x04F7},
  {0x04F9, 0x04F9},
  {0x04FB, 0x04FB},
  {0x04FD, 0x04FD},
  {0x04FF, 0x04FF},
  {0x0501, 0x0501},
  {0x0503, 0x0503},
  {0x0505, 0x0505},
  {0x0507, 0x0507},
  {0x0509, 0x0509},
  {0x050B, 0x050B},
  {0x050D, 0x050D},
  {0x050F, 0x050F},
  {0x0511, 0x0511},
  {0x0513, 0x0513},
  {0x0515, 0x0515},
  {0x0517, 0x0517},
  {0x0519, 0x0519},
  {0x051B, 0x051B},
  {0x051D, 0x051D},
  {0x051F, 0x051F},
  {0x0521, 0x0521},
  {0x0523, 0x0523},
  {0x0525, 0x0525},
  {0x0527, 0x0527},
  {0x0529, 0x0529},
  {0x052B, 0x052B},
  {0x052D, 0x052D},
  {0x052F, 0x052F},
  {0x0561, 0x0587},
  {0x10D0, 0x10FA},
  {0x10FD, 0x10FF},
  {0x13F8, 0x13FD},
  {0x1C80, 0x1C88},
  {0x1C8A, 0x1C8A},
  {0x1D79, 0x1D79},
  {0x1D7D, 0x1D7D},
  {0x1D8E, 0x1D8E},
  {0x1E01, 0x1E01},
  {0x1E03, 0x1E03},
  {0x1E05, 0x1E05},
  {0x1E07, 0x1E07},
  {0x1E09, 0x1E09},
  {0x1E0B, 0x1E0B},
  {0x1E0D, 0x1E0D},
  {0x1E0F, 0x1E0F},
  {0x1E11, 0x1E11},
  {0x1E13, 0x1E13},
  {0x1E15, 0x1E15},
  {0x1E17, 0x1E17},
  {0x1E19, 0x1E19},
  {0x1E1B, 0x1E1B},
  {0x1E1D, 0x1E1D},
  {0x1E1F, 0x1E1F},
  {0x1E21, 0x1E21},
  {0x1E23, 0x1E23},
  {0x1E25, 0x1E25},
  {0x1E27, 0x1E27},
  {0x1E29, 0x1E29},
  {0x1E2B, 0x1E2B},
  {0x1E2D, 0x1E2D},
  {0x1E2F, 0x1E2F},
  {0x1E31, 0x1E31},
  {0x1E33, 0x1E33},
  {0x1E35, 0x1E35},
  {0x1E37, 0x1E37},
  {0x1E39, 0x1E39},
  {0x1E3B, 0x1E3B},
  {0x1E3D, 0x1E3D},
  {0x1E3F, 0x1E3F},
  {0x1E41, 0x1E41},
  {0x1E43, 0x1E43},
  {0x1E45, 0x1E45},
  {0x1E47, 0x1E47},
  {0x1E49, 0x1E49},
  {0x1E4B, 0x1E4B},
  {0x1E4D, 0x1E4D},
  {0x1E4F, 0x1E4F},
  {0x1E51, 0x1E51},
  {0x1E53, 0x1E53},
  {0x1E55, 0x1E55},
  {0x1E57, 0x1E57},
  {0x1E59, 0x1E59},
  {0x1E5B, 0x1E5B},
  {0x1E5D, 0x1E5D},
  {0x1E5F, 0x1E5F},
  {0x1E61, 0x1E61},
  {0x1E63, 0x1E63},
  {0x1E65, 0x1E65},
  {0x1E67, 0x1E67},
  {0x1E69, 0x1E69},
  {0x1E6B, 0x1E6B},
  {0x1E6D, 0x1E6D},
  {0x1E6F, 0x1E6F},
  {0x1E71, 0x1E71},
  {0x1E73, 0x1E73},
  {0x1E75, 0x1E75},
  {0x1E77, 0x1E77},
  {0x1E79, 0x1E79},
  {0x1E7B, 0x1E7B},
  {0x1E7D, 0x1E7D},
  {0x1E7F, 0x1E7F},
  {0x1E81, 0x1E81},
  {0x1E83, 0x1E83},
  {0x1E85, 0x1E85},
  {0x1E87, 0x1E87},
  {0x1E89, 0x1E89},
  {0x1E8B, 0x1E8B},
  {0x1E8D, 0x1E8D},
  {0x1E8F, 0x1E8F},
  {0x1E91, 0x1E91},
  {0x1E93, 0x1E93},
  {0x1E95, 0x1E9B},
  {0x1EA1, 0x1EA1},
  {0x1EA3, 0x1EA3},
  {0x1EA5, 0x1EA5},
  {0x1EA7, 0x1EA7},
  {0x1EA9, 0x1EA9},
  {0x1EAB, 0x1EAB},
  {0x1EAD, 0x1EAD},
  {0x1EAF, 0x1EAF},
  {0x1EB1, 0x1EB1},
  {0x1EB3, 0x1EB3},
  {0x1EB5, 0x1EB5},
  {0x1EB7, 0x1EB7},
  {0x1EB9, 0x1EB9},
  {0x1EBB, 0x1EBB},
  {0x1EBD, 0x1EBD},
  {0x1EBF, 0x1EBF},
  {0x1EC1, 0x1EC1},
  {0x1EC3, 0x1EC3},
  {0x1EC5, 0x1EC5},
  {0x1EC7, 0x1EC7},
  {0x1EC9, 0x1EC9},
  {0x1ECB, 0x1ECB},
  {0x1ECD, 0x1ECD},
  {0x1ECF, 0x1ECF},
  {0x1ED1, 0x1ED1},
  {0x1ED3, 0x1ED3},
  {0x1ED5, 0x1ED5},
  {0x1ED7, 0x1ED7},
  {0x1ED9, 0x1ED9},
  {0x1EDB, 0x1EDB},
  {0x1EDD, 0x1EDD},
  {0x1EDF, 0x1EDF},
  {0x1EE1, 0x1EE1},
  {0x1EE3, 0x1EE3},
  {0x1EE5, 0x1EE5},
  {0x1EE7, 0x1EE7},
  {0x1EE9, 0x1EE9},
  {0x1EEB, 0x1EEB},
  {0x1EED, 0x1EED},
  {0x1EEF, 0x1EEF},
  {0x1EF1, 0x1EF1},
  {0x1EF3, 0x1EF3},
  {0x1EF5, 0x1EF5},
  {0x1EF7, 0x1EF7},
  {0x1EF9, 0x1EF9},
  {0x1EFB, 0x1EFB},
  {0x1EFD, 0x1EFD},
  {0x1EFF, 0x1F07},
  {0x1F10, 0x1F15},
  {0x1F20, 0x1F27},
  {0x1F30, 0x1F37},
  {0x1F40, 0x1F45},
  {0x1F50, 0x1F57},
  {0x1F60, 0x1F67},
  {0x1F70, 0x1F7D},
  {0x1F80, 0x1FB4},
  {0x1FB6, 0x1FB7},
  {0x1FBC, 0x1FBC},
  {0x1FBE, 0x1FBE},
  {0x1FC2, 0x1FC4},
  {0x1FC6, 0x1FC7},
  {0x1FCC, 0x1FCC},
  {0x1FD0, 0x1FD3},
  {0x1FD6, 0x1FD7},
  {0x1FE0, 0x1FE7},
  {0x1FF2, 0x1FF4},
  {0x1FF6, 0x1FF7},
  {0x1FFC, 0x1FFC},
  {0x214E, 0x214E},
  {0x2170, 0x217F},
  {0x2184, 0x2184},
  {0x24D0, 0x24E9},
  {0x2C30, 0x2C5F},
  {0x2C61, 0x2C61},
  {0x2C65, 0x2C66},
  {0x2C68, 0x2C68},
  {0x2C6A, 0x2C6A},
  {0x2C6C, 0x2C6C},
  {0x2C73, 0x2C73},
  {0x2C76, 0x2C76},
  {0x2C81, 0x2C81},
  {0x2C83, 0x2C83},
  {0x2C85, 0x2C85},
  {0x2C87, 0x2C87},
  {0x2C89, 0x2C89},
  {0x2C8B, 0x2C8B},
  {0x2C8D, 0x2C8D},
  {0x2C8F, 0x2C8F},
  {0x2C91, 0x2C91},
  {0x2C93, 0x2C93},
  {0x2C95, 0x2C95},
  {0x2C97, 0x2C97},
  {0x2C99, 0x2C99},
  {0x2C9B, 0x2C9B},
  {0x2C9D, 0x2C9D},
  {0x2C9F, 0x2C9F},
  {0x2CA1, 0x2CA1},
  {0x2CA3, 0x2CA3},
  {0x2CA5, 0x2CA5},
  {0x2CA7, 0x2CA7},
  {0x2CA9, 0x2CA9},
  {0x2CAB, 0x2CAB},
  {0x2CAD, 0x2CAD},
  {0x2CAF, 0x2CAF},
  {0x2CB1, 0x2CB1},
  {0x2CB3, 0x2CB3},
  {0x2CB5, 0x2CB5},
  {0x2CB7, 0x2CB7},
  {0x2CB9, 0x2CB9},
  {0x2CBB, 0x2CBB},
  {0x2CBD, 0x2CBD},
  {0x2CBF, 0x2CBF},
  {0x2CC1, 0x2CC1},
  {0x2CC3, 0x2CC3},
  {0x2CC5, 0x2CC5},
  {0x2CC7, 0x2CC7},
  {0x2CC9, 0x2CC9},
  {0x2CCB, 0x2CCB},
  {0x2CCD, 0x2CCD},
  {0x2CCF, 0x2CCF},
  {0x2CD1, 0x2CD1},
  {0x2CD3, 0x2CD3},
  {0x2CD5, 0x2CD5},
  {0x2CD7, 0x2CD7},
  {0x2CD9, 0x2CD9},
  {0x2CDB, 0x2CDB},
  {0x2CDD, 0x2CDD},
  {0x2CDF, 0x2CDF},
  {0x2CE1, 0x2CE1},
  {0x2CE3, 0x2CE3},
  {0x2CEC, 0x2CEC},
  {0x2CEE, 0x2CEE},
  {0x2CF3, 0x2CF3},
  {0x2D00, 0x2D25},
  {0x2D27, 0x2D27},
  {0x2D2D, 0x2D2D},
  {0xA641, 0xA641},
  {0xA643, 0xA643},
  {0xA645, 0xA645},
  {0xA647, 0xA647},
  {0xA649, 0xA649},
  {0xA64B, 0xA64B},
  {0xA64D, 0xA64D},
  {0xA64F, 0xA64F},
  {0xA651, 0xA651},
  {0xA653, 0xA653},
  {0xA655, 0xA655},
  {0xA657, 0xA657},
  {0xA659, 0xA659},
  {0xA65B, 0xA65B},
  {0xA65D, 0xA65D},
  {0xA65F, 0xA65F},
  {0xA661, 0xA661},
  {0xA663, 0xA663},
  {0xA665, 0xA665},
  {0xA667, 0xA667},
  {0xA669, 0xA669},
  {0xA66B, 0xA66B},
  {0xA66D, 0xA66D},
  {0xA681, 0xA681},
  {0xA683, 0xA683},
  {0xA685, 0xA685},
  {0xA687, 0xA687},
  {0xA689, 0xA689},
  {0xA68B, 0xA68B},
  {0xA68D, 0xA68D},
  {0xA68F, 0xA68F},
  {0xA691, 0xA691},
  {0xA693, 0xA693},
  {0xA695, 0xA695},
  {0xA697, 0xA697},
  {0xA699, 0xA699},
  {0xA69B, 0xA69B},
  {0xA723, 0xA723},
  {0xA725, 0xA725},
  {0xA727, 0xA727},
  {0xA729, 0xA729},
  {0xA72B, 0xA72B},
  {0xA72D, 0xA72D},
  {0xA72F, 0xA72F},
  {0xA733, 0xA733},
  {0xA735, 0xA735},
  {0xA737, 0xA737},
  {0xA739, 0xA739},
  {0xA73B, 0xA73B},
  {0xA73D, 0xA73D},
  {0xA73F, 0xA73F},
  {0xA741, 0xA741},
  {0xA743, 0xA743},
  {0xA745, 0xA745},
  {0xA747, 0xA747},
  {0xA749, 0xA749},
  {0xA74B, 0xA74B},
  {0xA74D, 0xA74D},
  {0xA74F, 0xA74F},
  {0xA751, 0xA751},
  {0xA753, 0xA753},
  {0xA755, 0xA755},
  {0xA757, 0xA757},
  {0xA759, 0xA759},
  {0xA75B, 0xA75B},
  {0xA75D, 0xA75D},
  {0xA75F, 0xA75F},
  {0xA761, 0xA761},
  {0xA763, 0xA763},
  {0xA765, 0xA765},
  {0xA767, 0xA767},
  {0xA769, 0xA769},
  {0xA76B, 0xA76B},
  {0xA76D, 0xA76D},
  {0xA76F, 0xA76F},
  {0xA77A, 0xA77A},
  {0xA77C, 0xA77C},
  {0xA77F, 0xA77F},
  {0xA781, 0xA781},
  {0xA783, 0xA783},
  {0xA785, 0xA785},
  {0xA787, 0xA787},
  {0xA78C, 0xA78C},
  {0xA791, 0xA791},
  {0xA793, 0xA794},
  {0xA797, 0xA797},
  {0xA799, 0xA799},
  {0xA79B, 0xA79B},
  {0xA79D, 0xA79D},
  {0xA79F, 0xA79F},
  {0xA7A1, 0xA7A1},
  {0xA7A3, 0xA7A3},
  {0xA7A5, 0xA7A5},
  {0xA7A7, 0xA7A7},
  {0xA7A9, 0xA7A9},
  {0xA7B5, 0xA7B5},
  {0xA7B7, 0xA7B7},
  {0xA7B9, 0xA7B9},
  {0xA7BB, 0xA7BB},
  {0xA7BD, 0xA7BD},
  {0xA7BF, 0xA7BF},
  {0xA7C1, 0xA7C1},
  {0xA7C3, 0xA7C3},
  {0xA7C8, 0xA7C8},
  {0xA7CA, 0xA7CA},
  {0xA7CD, 0xA7CD},
  {0xA7CF, 0xA7CF},
  {0xA7D1, 0xA7D1},
  {0xA7D3, 0xA7D3},
  {0xA7D5, 0xA7D5},
  {0xA7D7, 0xA7D7},
  {0xA7D9, 0xA7D9},
  {0xA7DB, 0xA7DB},
  {0xA7F6, 0xA7F6},
  {0xAB53, 0xAB53},
  {0xAB70, 0xABBF},
  {0xFB00, 0xFB06},
  {0xFB13, 0xFB17},
  {0xFF41, 0xFF5A},
  {0x10428, 0x1044F},
  {0x104D8, 0x104FB},
  {0x10597, 0x105A1},
  {0x105A3, 0x105B1},
  {0x105B3, 0x105B9},
  {0x105BB, 0x105BC},
  {0x10CC0, 0x10CF2},
  {0x10D70, 0x10D85},
  {0x118C0, 0x118DF},
  {0x16E60, 0x16E7F},
  {0x16EBB, 0x16ED3},
  {0x1E922, 0x1E943},
  {0x002D, 0x002D},
  {0x058A, 0x058A},
  {0x05BE, 0x05BE},
  {0x1400, 0x1400},
  {0x1806, 0x1806},
  {0x2010, 0x2015},
  {0x2053, 0x2053},
  {0x207B, 0x207B},
  {0x208B, 0x208B},
  {0x2212, 0x2212},
  {0x2E17, 0x2E17},
  {0x2E1A, 0x2E1A},
  {0x2E3A, 0x2E3B},
  {0x2E40, 0x2E40},
  {0x2E5D, 0x2E5D},
  {0x301C, 0x301C},
  {0x3030, 0x3030},
  {0x30A0, 0x30A0},
  {0xFE31, 0xFE32},
  {0xFE58, 0xFE58},
  {0xFE63, 0xFE63},
  {0xFF0D, 0xFF0D},
  {0x10D6E, 0x10D6E},
  {0x10EAD, 0x10EAD},
  {0x00AD, 0x00AD},
  {0x034F, 0x034F},
  {0x061C, 0x061C},
  {0x115F, 0x1160},
  {0x17B4, 0x17B5},
  {0x180B, 0x180F},
  {0x200B, 0x200F},
  {0x202A, 0x202E},
  {0x2060, 0x206F},
  {0x3164, 0x3164},
  {0xFE00, 0xFE0F},
  {0xFEFF, 0xFEFF},
  {0xFFA0, 0xFFA0},
  {0xFFF0, 0xFFF8},
  {0x1BCA0, 0x1BCA3},
  {0x1D173, 0x1D17A},
  {0xE0000, 0xE0FFF},
  {0x0149, 0x0149},
  {0x0673, 0x0673},
  {0x0F77, 0x0F77},
  {0x0F79, 0x0F79},
  {0x17A3, 0x17A4},
  {0x206A, 0x206F},
  {0x2329, 0x232A},
  {0xE0001, 0xE0001},
  {0x005E, 0x005E},
  {0x0060, 0x0060},
  {0x00A8, 0x00A8},
  {0x00AF, 0x00AF},
  {0x00B4, 0x00B4},
  {0x00B7, 0x00B8},
  {0x02B0, 0x034E},
  {0x0350, 0x0357},
  {0x035D, 0x0362},
  {0x0374, 0x0375},
  {0x037A, 0x037A},
  {0x0384, 0x0385},
  {0x0483, 0x0487},
  {0x0559, 0x0559},
  {0x0591, 0x05BD},
  {0x05BF, 0x05BF},
  {0x05C1, 0x05C2},
  {0x05C4, 0x05C5},
  {0x05C7, 0x05C7},
  {0x064B, 0x0652},
  {0x0657, 0x0658},
  {0x06DF, 0x06E0},
  {0x06E5, 0x06E6},
  {0x06EA, 0x06EC},
  {0x0730, 0x074A},
  {0x07A6, 0x07B0},
  {0x07EB, 0x07F5},
  {0x0818, 0x0819},
  {0x0898, 0x089F},
  {0x08C9, 0x08D2},
  {0x08E3, 0x08FE},
  {0x093C, 0x093C},
  {0x094D, 0x094D},
  {0x0951, 0x0954},
  {0x0971, 0x0971},
  {0x09BC, 0x09BC},
  {0x09CD, 0x09CD},
  {0x0A3C, 0x0A3C},
  {0x0A4D, 0x0A4D},
  {0x0ABC, 0x0ABC},
  {0x0ACD, 0x0ACD},
  {0x0AFD, 0x0AFF},
  {0x0B3C, 0x0B3C},
  {0x0B4D, 0x0B4D},
  {0x0B55, 0x0B55},
  {0x0BCD, 0x0BCD},
  {0x0C3C, 0x0C3C},
  {0x0C4D, 0x0C4D},
  {0x0CBC, 0x0CBC},
  {0x0CCD, 0x0CCD},
  {0x0D3B, 0x0D3C},
  {0x0D4D, 0x0D4D},
  {0x0DCA, 0x0DCA},
  {0x0E3A, 0x0E3A},
  {0x0E47, 0x0E4C},
  {0x0E4E, 0x0E4E},
  {0x0EBA, 0x0EBA},
  {0x0EC8, 0x0ECC},
  {0x0F18, 0x0F19},
  {0x0F35, 0x0F35},
  {0x0F37, 0x0F37},
  {0x0F39, 0x0F39},
  {0x0F3E, 0x0F3F},
  {0x0F82, 0x0F84},
  {0x0F86, 0x0F87},
  {0x0FC6, 0x0FC6},
  {0x1037, 0x1037},
  {0x1039, 0x103A},
  {0x1063, 0x1064},
  {0x1069, 0x106D},
  {0x1087, 0x108D},
  {0x108F, 0x108F},
  {0x109A, 0x109B},
  {0x135D, 0x135F},
  {0x1714, 0x1715},
  {0x1734, 0x1734},
  {0x17C9, 0x17D3},
  {0x17DD, 0x17DD},
  {0x1939, 0x193B},
  {0x1A60, 0x1A60},
  {0x1A75, 0x1A7C},
  {0x1A7F, 0x1A7F},
  {0x1AB0, 0x1ABE},
  {0x1AC1, 0x1ACB},
  {0x1ACF, 0x1ADD},
  {0x1AE0, 0x1AEB},
  {0x1B34, 0x1B34},
  {0x1B44, 0x1B44},
  {0x1B6B, 0x1B73},
  {0x1BAA, 0x1BAB},
  {0x1BE6, 0x1BE6},
  {0x1BF2, 0x1BF3},
  {0x1C36, 0x1C37},
  {0x1C78, 0x1C7D},
  {0x1CD0, 0x1CE8},
  {0x1CED, 0x1CED},
  {0x1CF4, 0x1CF4},
  {0x1CF7, 0x1CF9},
  {0x1D2C, 0x1D6A},
  {0x1D9B, 0x1DBE},
  {0x1DC4, 0x1DCF},
  {0x1DF5, 0x1DFF},
  {0x1FBD, 0x1FBD},
  {0x1FBF, 0x1FC1},
  {0x1FCD, 0x1FCF},
  {0x1FDD, 0x1FDF},
  {0x1FED, 0x1FEF},
  {0x1FFD, 0x1FFE},
  {0x2CEF, 0x2CF1},
  {0x2E2F, 0x2E2F},
  {0x302A, 0x302F},
  {0x3099, 0x309C},
  {0x30FC, 0x30FC},
  {0xA66F, 0xA66F},
  {0xA67C, 0xA67D},
  {0xA67F, 0xA67F},
  {0xA69C, 0xA69D},
  {0xA6F0, 0xA6F1},
  {0xA700, 0xA721},
  {0xA788, 0xA78A},
  {0xA7F1, 0xA7F1},
  {0xA7F8, 0xA7F9},
  {0xA806, 0xA806},
  {0xA82C, 0xA82C},
  {0xA8C4, 0xA8C4},
  {0xA8E0, 0xA8F1},
  {0xA92B, 0xA92E},
  {0xA953, 0xA953},
  {0xA9B3, 0xA9B3},
  {0xA9C0, 0xA9C0},
  {0xA9E5, 0xA9E5},
  {0xAA7B, 0xAA7D},
  {0xAABF, 0xAAC2},
  {0xAAF6, 0xAAF6},
  {0xAB5B, 0xAB5F},
  {0xAB69, 0xAB6B},
  {0xABEC, 0xABED},
  {0xFB1E, 0xFB1E},
  {0xFE20, 0xFE2F},
  {0xFF3E, 0xFF3E},
  {0xFF40, 0xFF40},
  {0xFF70, 0xFF70},
  {0xFF9E, 0xFF9F},
  {0xFFE3, 0xFFE3},
  {0x102E0, 0x102E0},
  {0x10780, 0x10785},
  {0x10787, 0x107B0},
  {0x107B2, 0x107BA},
  {0x10A38, 0x10A3A},
  {0x10A3F, 0x10A3F},
  {0x10AE5, 0x10AE6},
  {0x10D22, 0x10D27},
  {0x10D4E, 0x10D4E},
  {0x10D69, 0x10D6D},
  {0x10EFA, 0x10EFA},
  {0x10EFD, 0x10EFF},
  {0x10F46, 0x10F50},
  {0x10F82, 0x10F85},
  {0x11046, 0x11046},
  {0x11070, 0x11070},
  {0x110B9, 0x110BA},
  {0x11133, 0x11134},
  {0x11173, 0x11173},
  {0x111C0, 0x111C0},
  {0x111CA, 0x111CC},
  {0x11235, 0x11236},
  {0x112E9, 0x112EA},
  {0x1133B, 0x1133C},
  {0x1134D, 0x1134D},
  {0x11366, 0x1136C},
  {0x11370, 0x11374},
  {0x113CE, 0x113D0},
  {0x113D2, 0x113D3},
  {0x113E1, 0x113E2},
  {0x11442, 0x11442},
  {0x11446, 0x11446},
  {0x114C2, 0x114C3},
  {0x115BF, 0x115C0},
  {0x1163F, 0x1163F},
  {0x116B6, 0x116B7},
  {0x1172B, 0x1172B},
  {0x11839, 0x1183A},
  {0x1193D, 0x1193E},
  {0x11943, 0x11943},
  {0x119E0, 0x119E0},
  {0x11A34, 0x11A34},
  {0x11A47, 0x11A47},
  {0x11A99, 0x11A99},
  {0x11C3F, 0x11C3F},
  {0x11D42, 0x11D42},
  {0x11D44, 0x11D45},
  {0x11D97, 0x11D97},
  {0x11DD9, 0x11DD9},
  {0x11F41, 0x11F42},
  {0x11F5A, 0x11F5A},
  {0x13447, 0x13455},
  {0x1612F, 0x1612F},
  {0x16AF0, 0x16AF4},
  {0x16B30, 0x16B36},
  {0x16D6B, 0x16D6C},
  {0x16F8F, 0x16F9F},
  {0x16FF0, 0x16FF1},
  {0x1AFF0, 0x1AFF3},
  {0x1AFF5, 0x1AFFB},
  {0x1AFFD, 0x1AFFE},
  {0x1CF00, 0x1CF2D},
  {0x1CF30, 0x1CF46},
  {0x1D167, 0x1D169},
  {0x1D16D, 0x1D172},
  {0x1D17B, 0x1D182},
  {0x1D185, 0x1D18B},
  {0x1D1AA, 0x1D1AD},
  {0x1E030, 0x1E06D},
  {0x1E130, 0x1E136},
  {0x1E2AE, 0x1E2AE},
  {0x1E2EC, 0x1E2EF},
  {0x1E5EE, 0x1E5EF},
  {0x1E8D0, 0x1E8D6},
  {0x1E944, 0x1E946},
  {0x1E948, 0x1E94A},
  {0x0023, 0x0023},
  {0x002A, 0x002A},
  {0x0030, 0x0039},
  {0x00A9, 0x00A9},
  {0x00AE, 0x00AE},
  {0x203C, 0x203C},
  {0x2049, 0x2049},
  {0x2122, 0x2122},
  {0x2139, 0x2139},
  {0x2194, 0x2199},
  {0x21A9, 0x21AA},
  {0x231A, 0x231B},
  {0x2328, 0x2328},
  {0x23CF, 0x23CF},
  {0x23E9, 0x23F3},
  {0x23F8, 0x23FA},
  {0x24C2, 0x24C2},
  {0x25AA, 0x25AB},
  {0x25B6, 0x25B6},
  {0x25C0, 0x25C0},
  {0x25FB, 0x25FE},
  {0x2600, 0x2604},
  {0x260E, 0x260E},
  {0x2611, 0x2611},
  {0x2614, 0x2615},
  {0x2618, 0x2618},
  {0x261D, 0x261D},
  {0x2620, 0x2620},
  {0x2622, 0x2623},
  {0x2626, 0x2626},
  {0x262A, 0x262A},
  {0x262E, 0x262F},
  {0x2638, 0x263A},
  {0x2640, 0x2640},
  {0x2642, 0x2642},
  {0x2648, 0x2653},
  {0x265F, 0x2660},
  {0x2663, 0x2663},
  {0x2665, 0x2666},
  {0x2668, 0x2668},
  {0x267B, 0x267B},
  {0x267E, 0x267F},
  {0x2692, 0x2697},
  {0x2699, 0x2699},
  {0x269B, 0x269C},
  {0x26A0, 0x26A1},
  {0x26A7, 0x26A7},
  {0x26AA, 0x26AB},
  {0x26B0, 0x26B1},
  {0x26BD, 0x26BE},
  {0x26C4, 0x26C5},
  {0x26C8, 0x26C8},
  {0x26CE, 0x26CF},
  {0x26D1, 0x26D1},
  {0x26D3, 0x26D4},
  {0x26E9, 0x26EA},
  {0x26F0, 0x26F5},
  {0x26F7, 0x26FA},
  {0x26FD, 0x26FD},
  {0x2702, 0x2702},
  {0x2705, 0x2705},
  {0x2708, 0x270D},
  {0x270F, 0x270F},
  {0x2712, 0x2712},
  {0x2714, 0x2714},
  {0x2716, 0x2716},
  {0x271D, 0x271D},
  {0x2721, 0x2721},
  {0x2728, 0x2728},
  {0x2733, 0x2734},
  {0x2744, 0x2744},
  {0x2747, 0x2747},
  {0x274C, 0x274C},
  {0x274E, 0x274E},
  {0x2753, 0x2755},
  {0x2757, 0x2757},
  {0x2763, 0x2764},
  {0x2795, 0x2797},
  {0x27A1, 0x27A1},
  {0x27B0, 0x27B0},
  {0x27BF, 0x27BF},
  {0x2934, 0x2935},
  {0x2B05, 0x2B07},
  {0x2B1B, 0x2B1C},
  {0x2B50, 0x2B50},
  {0x2B55, 0x2B55},
  {0x3030, 0x3030},
  {0x303D, 0x303D},
  {0x3297, 0x3297},
  {0x3299, 0x3299},
  {0x1F004, 0x1F004},
  {0x1F0CF, 0x1F0CF},
  {0x1F170, 0x1F171},
  {0x1F17E, 0x1F17F},
  {0x1F18E, 0x1F18E},
  {0x1F191, 0x1F19A},
  {0x1F1E6, 0x1F1FF},
  {0x1F201, 0x1F202},
  {0x1F21A, 0x1F21A},
  {0x1F22F, 0x1F22F},
  {0x1F232, 0x1F23A},
  {0x1F250, 0x1F251},
  {0x1F300, 0x1F321},
  {0x1F324, 0x1F393},
  {0x1F396, 0x1F397},
  {0x1F399, 0x1F39B},
  {0x1F39E, 0x1F3F0},
  {0x1F3F3, 0x1F3F5},
  {0x1F3F7, 0x1F4FD},
  {0x1F4FF, 0x1F53D},
  {0x1F549, 0x1F54E},
  {0x1F550, 0x1F567},
  {0x1F56F, 0x1F570},
  {0x1F573, 0x1F57A},
  {0x1F587, 0x1F587},
  {0x1F58A, 0x1F58D},
  {0x1F590, 0x1F590},
  {0x1F595, 0x1F596},
  {0x1F5A4, 0x1F5A5},
  {0x1F5A8, 0x1F5A8},
  {0x1F5B1, 0x1F5B2},
  {0x1F5BC, 0x1F5BC},
  {0x1F5C2, 0x1F5C4},
  {0x1F5D1, 0x1F5D3},
  {0x1F5DC, 0x1F5DE},
  {0x1F5E1, 0x1F5E1},
  {0x1F5E3, 0x1F5E3},
  {0x1F5E8, 0x1F5E8},
  {0x1F5EF, 0x1F5EF},
  {0x1F5F3, 0x1F5F3},
  {0x1F5FA, 0x1F64F},
  {0x1F680, 0x1F6C5},
  {0x1F6CB, 0x1F6D2},
  {0x1F6D5, 0x1F6D8},
  {0x1F6DC, 0x1F6E5},
  {0x1F6E9, 0x1F6E9},
  {0x1F6EB, 0x1F6EC},
  {0x1F6F0, 0x1F6F0},
  {0x1F6F3, 0x1F6FC},
  {0x1F7E0, 0x1F7EB},
  {0x1F7F0, 0x1F7F0},
  {0x1F90C, 0x1F93A},
  {0x1F93C, 0x1F945},
  {0x1F947, 0x1F9FF},
  {0x1FA70, 0x1FA7C},
  {0x1FA80, 0x1FA8A},
  {0x1FA8E, 0x1FAC6},
  {0x1FAC8, 0x1FAC8},
  {0x1FACD, 0x1FADC},
  {0x1FADF, 0x1FAEA},
  {0x1FAEF, 0x1FAF8},
  {0x0023, 0x0023},
  {0x002A, 0x002A},
  {0x0030, 0x0039},
  {0x200D, 0x200D},
  {0x20E3, 0x20E3},
  {0xFE0F, 0xFE0F},
  {0x1F1E6, 0x1F1FF},
  {0x1F3FB, 0x1F3FF},
  {0x1F9B0, 0x1F9B3},
  {0xE0020, 0xE007F},
  {0x1F3FB, 0x1F3FF},
  {0x261D, 0x261D},
  {0x26F9, 0x26F9},
  {0x270A, 0x270D},
  {0x1F385, 0x1F385},
  {0x1F3C2, 0x1F3C4},
  {0x1F3C7, 0x1F3C7},
  {0x1F3CA, 0x1F3CC},
  {0x1F442, 0x1F443},
  {0x1F446, 0x1F450},
  {0x1F466, 0x1F478},
  {0x1F47C, 0x1F47C},
  {0x1F481, 0x1F483},
  {0x1F485, 0x1F487},
  {0x1F48F, 0x1F48F},
  {0x1F491, 0x1F491},
  {0x1F4AA, 0x1F4AA},
  {0x1F574, 0x1F575},
  {0x1F57A, 0x1F57A},
  {0x1F590, 0x1F590},
  {0x1F595, 0x1F596},
  {0x1F645, 0x1F647},
  {0x1F64B, 0x1F64F},
  {0x1F6A3, 0x1F6A3},
  {0x1F6B4, 0x1F6B6},
  {0x1F6C0, 0x1F6C0},
  {0x1F6CC, 0x1F6CC},
  {0x1F90C, 0x1F90C},
  {0x1F90F, 0x1F90F},
  {0x1F918, 0x1F91F},
  {0x1F926, 0x1F926},
  {0x1F930, 0x1F939},
  {0x1F93C, 0x1F93E},
  {0x1F977, 0x1F977},
  {0x1F9B5, 0x1F9B6},
  {0x1F9B8, 0x1F9B9},
  {0x1F9BB, 0x1F9BB},
  {0x1F9CD, 0x1F9CF},
  {0x1F9D1, 0x1F9DD},
  {0x1FAC3, 0x1FAC5},
  {0x1FAF0, 0x1FAF8},
  {0x231A, 0x231B},
  {0x23E9, 0x23EC},
  {0x23F0, 0x23F0},
  {0x23F3, 0x23F3},
  {0x25FD, 0x25FE},
  {0x2614, 0x2615},
  {0x2648, 0x2653},
  {0x267F, 0x267F},
  {0x2693, 0x2693},
  {0x26A1, 0x26A1},
  {0x26AA, 0x26AB},
  {0x26BD, 0x26BE},
  {0x26C4, 0x26C5},
  {0x26CE, 0x26CE},
  {0x26D4, 0x26D4},
  {0x26EA, 0x26EA},
  {0x26F2, 0x26F3},
  {0x26F5, 0x26F5},
  {0x26FA, 0x26FA},
  {0x26FD, 0x26FD},
  {0x2705, 0x2705},
  {0x270A, 0x270B},
  {0x2728, 0x2728},
  {0x274C, 0x274C},
  {0x274E, 0x274E},
  {0x2753, 0x2755},
  {0x2757, 0x2757},
  {0x2795, 0x2797},
  {0x27B0, 0x27B0},
  {0x27BF, 0x27BF},
  {0x2B1B, 0x2B1C},
  {0x2B50, 0x2B50},
  {0x2B55, 0x2B55},
  {0x1F004, 0x1F004},
  {0x1F0CF, 0x1F0CF},
  {0x1F18E, 0x1F18E},
  {0x1F191, 0x1F19A},
  {0x1F1E6, 0x1F1FF},
  {0x1F201, 0x1F201},
  {0x1F21A, 0x1F21A},
  {0x1F22F, 0x1F22F},
  {0x1F232, 0x1F236},
  {0x1F238, 0x1F23A},
  {0x1F250, 0x1F251},
  {0x1F300, 0x1F320},
  {0x1F32D, 0x1F335},
  {0x1F337, 0x1F37C},
  {0x1F37E, 0x1F393},
  {0x1F3A0, 0x1F3CA},
  {0x1F3CF, 0x1F3D3},
  {0x1F3E0, 0x1F3F0},
  {0x1F3F4, 0x1F3F4},
  {0x1F3F8, 0x1F43E},
  {0x1F440, 0x1F440},
  {0x1F442, 0x1F4FC},
  {0x1F4FF, 0x1F53D},
  {0x1F54B, 0x1F54E},
  {0x1F550, 0x1F567},
  {0x1F57A, 0x1F57A},
  {0x1F595, 0x1F596},
  {0x1F5A4, 0x1F5A4},
  {0x1F5FB, 0x1F64F},
  {0x1F680, 0x1F6C5},
  {0x1F6CC, 0x1F6CC},
  {0x1F6D0, 0x1F6D2},
  {0x1F6D5, 0x1F6D8},
  {0x1F6DC, 0x1F6DF},
  {0x1F6EB, 0x1F6EC},
  {0x1F6F4, 0x1F6FC},
  {0x1F7E0, 0x1F7EB},
  {0x1F7F0, 0x1F7F0},
  {0x1F90C, 0x1F93A},
  {0x1F93C, 0x1F945},
  {0x1F947, 0x1F9FF},
  {0x1FA70, 0x1FA7C},
  {0x1FA80, 0x1FA8A},
  {0x1FA8E, 0x1FAC6},
  {0x1FAC8, 0x1FAC8},
  {0x1FACD, 0x1FADC},
  {0x1FADF, 0x1FAEA},
  {0x1FAEF, 0x1FAF8},
  {0x00A9, 0x00A9},
  {0x00AE, 0x00AE},
  {0x203C, 0x203C},
  {0x2049, 0x2049},
  {0x2122, 0x2122},
  {0x2139, 0x2139},
  {0x2194, 0x2199},
  {0x21A9, 0x21AA},
  {0x231A, 0x231B},
  {0x2328, 0x2328},
  {0x23CF, 0x23CF},
  {0x23E9, 0x23F3},
  {0x23F8, 0x23FA},
  {0x24C2, 0x24C2},
  {0x25AA, 0x25AB},
  {0x25B6, 0x25B6},
  {0x25C0, 0x25C0},
  {0x25FB, 0x25FE},
  {0x2600, 0x2604},
  {0x260E, 0x260E},
  {0x2611, 0x2611},
  {0x2614, 0x2615},
  {0x2618, 0x2618},
  {0x261D, 0x261D},
  {0x2620, 0x2620},
  {0x2622, 0x2623},
  {0x2626, 0x2626},
  {0x262A, 0x262A},
  {0x262E, 0x262F},
  {0x2638, 0x263A},
  {0x2640, 0x2640},
  {0x2642, 0x2642},
  {0x2648, 0x2653},
  {0x265F, 0x2660},
  {0x2663, 0x2663},
  {0x2665, 0x2666},
  {0x2668, 0x2668},
  {0x267B, 0x267B},
  {0x267E, 0x267F},
  {0x2692, 0x2697},
  {0x2699, 0x2699},
  {0x269B, 0x269C},
  {0x26A0, 0x26A1},
  {0x26A7, 0x26A7},
  {0x26AA, 0x26AB},
  {0x26B0, 0x26B1},
  {0x26BD, 0x26BE},
  {0x26C4, 0x26C5},
  {0x26C8, 0x26C8},
  {0x26CE, 0x26CF},
  {0x26D1, 0x26D1},
  {0x26D3, 0x26D4},
  {0x26E9, 0x26EA},
  {0x26F0, 0x26F5},
  {0x26F7, 0x26FA},
  {0x26FD, 0x26FD},
  {0x2702, 0x2702},
  {0x2705, 0x2705},
  {0x2708, 0x270D},
  {0x270F, 0x270F},
  {0x2712, 0x2712},
  {0x2714, 0x2714},
  {0x2716, 0x2716},
  {0x271D, 0x271D},
  {0x2721, 0x2721},
  {0x2728, 0x2728},
  {0x2733, 0x2734},
  {0x2744, 0x2744},
  {0x2747, 0x2747},
  {0x274C, 0x274C},
  {0x274E, 0x274E},
  {0x2753, 0x2755},
  {0x2757, 0x2757},
  {0x2763, 0x2764},
  {0x2795, 0x2797},
  {0x27A1, 0x27A1},
  {0x27B0, 0x27B0},
  {0x27BF, 0x27BF},
  {0x2934, 0x2935},
  {0x2B05, 0x2B07},
  {0x2B1B, 0x2B1C},
  {0x2B50, 0x2B50},
  {0x2B55, 0x2B55},
  {0x3030, 0x3030},
  {0x303D, 0x303D},
  {0x3297, 0x3297},
  {0x3299, 0x3299},
  {0x1F004, 0x1F004},
  {0x1F02C, 0x1F02F},
  {0x1F094, 0x1F09F},
  {0x1F0AF, 0x1F0B0},
  {0x1F0C0, 0x1F0C0},
  {0x1F0CF, 0x1F0D0},
  {0x1F0F6, 0x1F0FF},
  {0x1F170, 0x1F171},
  {0x1F17E, 0x1F17F},
  {0x1F18E, 0x1F18E},
  {0x1F191, 0x1F19A},
  {0x1F1AE, 0x1F1E5},
  {0x1F201, 0x1F20F},
  {0x1F21A, 0x1F21A},
  {0x1F22F, 0x1F22F},
  {0x1F232, 0x1F23A},
  {0x1F23C, 0x1F23F},
  {0x1F249, 0x1F25F},
  {0x1F266, 0x1F321},
  {0x1F324, 0x1F393},
  {0x1F396, 0x1F397},
  {0x1F399, 0x1F39B},
  {0x1F39E, 0x1F3F0},
  {0x1F3F3, 0x1F3F5},
  {0x1F3F7, 0x1F3FA},
  {0x1F400, 0x1F4FD},
  {0x1F4FF, 0x1F53D},
  {0x1F549, 0x1F54E},
  {0x1F550, 0x1F567},
  {0x1F56F, 0x1F570},
  {0x1F573, 0x1F57A},
  {0x1F587, 0x1F587},
  {0x1F58A, 0x1F58D},
  {0x1F590, 0x1F590},
  {0x1F595, 0x1F596},
  {0x1F5A4, 0x1F5A5},
  {0x1F5A8, 0x1F5A8},
  {0x1F5B1, 0x1F5B2},
  {0x1F5BC, 0x1F5BC},
  {0x1F5C2, 0x1F5C4},
  {0x1F5D1, 0x1F5D3},
  {0x1F5DC, 0x1F5DE},
  {0x1F5E1, 0x1F5E1},
  {0x1F5E3, 0x1F5E3},
  {0x1F5E8, 0x1F5E8},
  {0x1F5EF, 0x1F5EF},
  {0x1F5F3, 0x1F5F3},
  {0x1F5FA, 0x1F64F},
  {0x1F680, 0x1F6C5},
  {0x1F6CB, 0x1F6D2},
  {0x1F6D5, 0x1F6E5},
  {0x1F6E9, 0x1F6E9},
  {0x1F6EB, 0x1F6F0},
  {0x1F6F3, 0x1F6FF},
  {0x1F7DA, 0x1F7FF},
  {0x1F80C, 0x1F80F},
  {0x1F848, 0x1F84F},
  {0x1F85A, 0x1F85F},
  {0x1F888, 0x1F88F},
  {0x1F8AE, 0x1F8AF},
  {0x1F8BC, 0x1F8BF},
  {0x1F8C2, 0x1F8CF},
  {0x1F8D9, 0x1F8FF},
  {0x1F90C, 0x1F93A},
  {0x1F93C, 0x1F945},
  {0x1F947, 0x1F9FF},
  {0x1FA58, 0x1FA5F},
  {0x1FA6E, 0x1FAFF},
  {0x1FC00, 0x1FFFD},
  {0x00B7, 0x00B7},
  {0x02D0, 0x02D1},
  {0x0640, 0x0640},
  {0x07FA, 0x07FA},
  {0x0A71, 0x0A71},
  {0x0AFB, 0x0AFB},
  {0x0B55, 0x0B55},
  {0x0E46, 0x0E46},
  {0x0EC6, 0x0EC6},
  {0x180A, 0x180A},
  {0x1843, 0x1843},
  {0x1AA7, 0x1AA7},
  {0x1C36, 0x1C36},
  {0x1C7B, 0x1C7B},
  {0x3005, 0x3005},
  {0x3031, 0x3035},
  {0x309D, 0x309E},
  {0x30FC, 0x30FE},
  {0xA015, 0xA015},
  {0xA60C, 0xA60C},
  {0xA9CF, 0xA9CF},
  {0xA9E6, 0xA9E6},
  {0xAA70, 0xAA70},
  {0xAADD, 0xAADD},
  {0xAAF3, 0xAAF4},
  {0xFF70, 0xFF70},
  {0x10781, 0x10782},
  {0x10D4E, 0x10D4E},
  {0x10D6A, 0x10D6A},
  {0x10D6F, 0x10D6F},
  {0x11237, 0x11237},
  {0x1135D, 0x1135D},
  {0x113D2, 0x113D3},
  {0x115C6, 0x115C8},
  {0x11A98, 0x11A98},
  {0x11DD9, 0x11DD9},
  {0x16B42, 0x16B43},
  {0x16FE0, 0x16FE1},
  {0x16FE3, 0x16FE3},
  {0x16FF2, 0x16FF3},
  {0x1E13C, 0x1E13D},
  {0x1E5EF, 0x1E5EF},
  {0x1E944, 0x1E946},
  {0x0020, 0x007E},
  {0x00A0, 0x00AC},
  {0x00AE, 0x02FF},
  {0x0370, 0x0377},
  {0x037A, 0x037F},
  {0x0384, 0x038A},
  {0x038C, 0x038C},
  {0x038E, 0x03A1},
  {0x03A3, 0x0482},
  {0x048A, 0x052F},
  {0x0531, 0x0556},
  {0x0559, 0x058A},
  {0x058D, 0x058F},
  {0x05BE, 0x05BE},
  {0x05C0, 0x05C0},
  {0x05C3, 0x05C3},
  {0x05C6, 0x05C6},
  {0x05D0, 0x05EA},
  {0x05EF, 0x05F4},
  {0x0606, 0x060F},
  {0x061B, 0x061B},
  {0x061D, 0x064A},
  {0x0660, 0x066F},
  {0x0671, 0x06D5},
  {0x06DE, 0x06DE},
  {0x06E5, 0x06E6},
  {0x06E9, 0x06E9},
  {0x06EE, 0x070D},
  {0x0710, 0x0710},
  {0x0712, 0x072F},
  {0x074D, 0x07A5},
  {0x07B1, 0x07B1},
  {0x07C0, 0x07EA},
  {0x07F4, 0x07FA},
  {0x07FE, 0x0815},
  {0x081A, 0x081A},
  {0x0824, 0x0824},
  {0x0828, 0x0828},
  {0x0830, 0x083E},
  {0x0840, 0x0858},
  {0x085E, 0x085E},
  {0x0860, 0x086A},
  {0x0870, 0x088F},
  {0x08A0, 0x08C9},
  {0x0903, 0x0939},
  {0x093B, 0x093B},
  {0x093D, 0x0940},
  {0x0949, 0x094C},
  {0x094E, 0x0950},
  {0x0958, 0x0961},
  {0x0964, 0x0980},
  {0x0982, 0x0983},
  {0x0985, 0x098C},
  {0x098F, 0x0990},
  {0x0993, 0x09A8},
  {0x09AA, 0x09B0},
  {0x09B2, 0x09B2},
  {0x09B6, 0x09B9},
  {0x09BD, 0x09BD},
  {0x09BF, 0x09C0},
  {0x09C7, 0x09C8},
  {0x09CB, 0x09CC},
  {0x09CE, 0x09CE},
  {0x09DC, 0x09DD},
  {0x09DF, 0x09E1},
  {0x09E6, 0x09FD},
  {0x0A03, 0x0A03},
  {0x0A05, 0x0A0A},
  {0x0A0F, 0x0A10},
  {0x0A13, 0x0A28},
  {0x0A2A, 0x0A30},
  {0x0A32, 0x0A33},
  {0x0A35, 0x0A36},
  {0x0A38, 0x0A39},
  {0x0A3E, 0x0A40},
  {0x0A59, 0x0A5C},
  {0x0A5E, 0x0A5E},
  {0x0A66, 0x0A6F},
  {0x0A72, 0x0A74},
  {0x0A76, 0x0A76},
  {0x0A83, 0x0A83},
  {0x0A85, 0x0A8D},
  {0x0A8F, 0x0A91},
  {0x0A93, 0x0AA8},
  {0x0AAA, 0x0AB0},
  {0x0AB2, 0x0AB3},
  {0x0AB5, 0x0AB9},
  {0x0ABD, 0x0AC0},
  {0x0AC9, 0x0AC9},
  {0x0ACB, 0x0ACC},
  {0x0AD0, 0x0AD0},
  {0x0AE0, 0x0AE1},
  {0x0AE6, 0x0AF1},
  {0x0AF9, 0x0AF9},
  {0x0B02, 0x0B03},
  {0x0B05, 0x0B0C},
  {0x0B0F, 0x0B10},
  {0x0B13, 0x0B28},
  {0x0B2A, 0x0B30},
  {0x0B32, 0x0B33},
  {0x0B35, 0x0B39},
  {0x0B3D, 0x0B3D},
  {0x0B40, 0x0B40},
  {0x0B47, 0x0B48},
  {0x0B4B, 0x0B4C},
  {0x0B5C, 0x0B5D},
  {0x0B5F, 0x0B61},
  {0x0B66, 0x0B77},
  {0x0B83, 0x0B83},
  {0x0B85, 0x0B8A},
  {0x0B8E, 0x0B90},
  {0x0B92, 0x0B95},
  {0x0B99, 0x0B9A},
  {0x0B9C, 0x0B9C},
  {0x0B9E, 0x0B9F},
  {0x0BA3, 0x0BA4},
  {0x0BA8, 0x0BAA},
  {0x0BAE, 0x0BB9},
  {0x0BBF, 0x0BBF},
  {0x0BC1, 0x0BC2},
  {0x0BC6, 0x0BC8},
  {0x0BCA, 0x0BCC},
  {0x0BD0, 0x0BD0},
  {0x0BE6, 0x0BFA},
  {0x0C01, 0x0C03},
  {0x0C05, 0x0C0C},
  {0x0C0E, 0x0C10},
  {0x0C12, 0x0C28},
  {0x0C2A, 0x0C39},
  {0x0C3D, 0x0C3D},
  {0x0C41, 0x0C44},
  {0x0C58, 0x0C5A},
  {0x0C5C, 0x0C5D},
  {0x0C60, 0x0C61},
  {0x0C66, 0x0C6F},
  {0x0C77, 0x0C80},
  {0x0C82, 0x0C8C},
  {0x0C8E, 0x0C90},
  {0x0C92, 0x0CA8},
  {0x0CAA, 0x0CB3},
  {0x0CB5, 0x0CB9},
  {0x0CBD, 0x0CBE},
  {0x0CC1, 0x0CC1},
  {0x0CC3, 0x0CC4},
  {0x0CDC, 0x0CDE},
  {0x0CE0, 0x0CE1},
  {0x0CE6, 0x0CEF},
  {0x0CF1, 0x0CF3},
  {0x0D02, 0x0D0C},
  {0x0D0E, 0x0D10},
  {0x0D12, 0x0D3A},
  {0x0D3D, 0x0D3D},
  {0x0D3F, 0x0D40},
  {0x0D46, 0x0D48},
  {0x0D4A, 0x0D4C},
  {0x0D4E, 0x0D4F},
  {0x0D54, 0x0D56},
  {0x0D58, 0x0D61},
  {0x0D66, 0x0D7F},
  {0x0D82, 0x0D83},
  {0x0D85, 0x0D96},
  {0x0D9A, 0x0DB1},
  {0x0DB3, 0x0DBB},
  {0x0DBD, 0x0DBD},
  {0x0DC0, 0x0DC6},
  {0x0DD0, 0x0DD1},
  {0x0DD8, 0x0DDE},
  {0x0DE6, 0x0DEF},
  {0x0DF2, 0x0DF4},
  {0x0E01, 0x0E30},
  {0x0E32, 0x0E33},
  {0x0E3F, 0x0E46},
  {0x0E4F, 0x0E5B},
  {0x0E81, 0x0E82},
  {0x0E84, 0x0E84},
  {0x0E86, 0x0E8A},
  {0x0E8C, 0x0EA3},
  {0x0EA5, 0x0EA5},
  {0x0EA7, 0x0EB0},
  {0x0EB2, 0x0EB3},
  {0x0EBD, 0x0EBD},
  {0x0EC0, 0x0EC4},
  {0x0EC6, 0x0EC6},
  {0x0ED0, 0x0ED9},
  {0x0EDC, 0x0EDF},
  {0x0F00, 0x0F17},
  {0x0F1A, 0x0F34},
  {0x0F36, 0x0F36},
  {0x0F38, 0x0F38},
  {0x0F3A, 0x0F47},
  {0x0F49, 0x0F6C},
  {0x0F7F, 0x0F7F},
  {0x0F85, 0x0F85},
  {0x0F88, 0x0F8C},
  {0x0FBE, 0x0FC5},
  {0x0FC7, 0x0FCC},
  {0x0FCE, 0x0FDA},
  {0x1000, 0x102C},
  {0x1031, 0x1031},
  {0x1038, 0x1038},
  {0x103B, 0x103C},
  {0x103F, 0x1057},
  {0x105A, 0x105D},
  {0x1061, 0x1070},
  {0x1075, 0x1081},
  {0x1083, 0x1084},
  {0x1087, 0x108C},
  {0x108E, 0x109C},
  {0x109E, 0x10C5},
  {0x10C7, 0x10C7},
  {0x10CD, 0x10CD},
  {0x10D0, 0x1248},
  {0x124A, 0x124D},
  {0x1250, 0x1256},
  {0x1258, 0x1258},
  {0x125A, 0x125D},
  {0x1260, 0x1288},
  {0x128A, 0x128D},
  {0x1290, 0x12B0},
  {0x12B2, 0x12B5},
  {0x12B8, 0x12BE},
  {0x12C0, 0x12C0},
  {0x12C2, 0x12C5},
  {0x12C8, 0x12D6},
  {0x12D8, 0x1310},
  {0x1312, 0x1315},
  {0x1318, 0x135A},
  {0x1360, 0x137C},
  {0x1380, 0x1399},
  {0x13A0, 0x13F5},
  {0x13F8, 0x13FD},
  {0x1400, 0x169C},
  {0x16A0, 0x16F8},
  {0x1700, 0x1711},
  {0x171F, 0x1731},
  {0x1735, 0x1736},
  {0x1740, 0x1751},
  {0x1760, 0x176C},
  {0x176E, 0x1770},
  {0x1780, 0x17B3},
  {0x17B6, 0x17B6},
  {0x17BE, 0x17C5},
  {0x17C7, 0x17C8},
  {0x17D4, 0x17DC},
  {0x17E0, 0x17E9},
  {0x17F0, 0x17F9},
  {0x1800, 0x180A},
  {0x1810, 0x1819},
  {0x1820, 0x1878},
  {0x1880, 0x1884},
  {0x1887, 0x18A8},
  {0x18AA, 0x18AA},
  {0x18B0, 0x18F5},
  {0x1900, 0x191E},
  {0x1923, 0x1926},
  {0x1929, 0x192B},
  {0x1930, 0x1931},
  {0x1933, 0x1938},
  {0x1940, 0x1940},
  {0x1944, 0x196D},
  {0x1970, 0x1974},
  {0x1980, 0x19AB},
  {0x19B0, 0x19C9},
  {0x19D0, 0x19DA},
  {0x19DE, 0x1A16},
  {0x1A19, 0x1A1A},
  {0x1A1E, 0x1A55},
  {0x1A57, 0x1A57},
  {0x1A61, 0x1A61},
  {0x1A63, 0x1A64},
  {0x1A6D, 0x1A72},
  {0x1A80, 0x1A89},
  {0x1A90, 0x1A99},
  {0x1AA0, 0x1AAD},
  {0x1B04, 0x1B33},
  {0x1B3E, 0x1B41},
  {0x1B45, 0x1B4C},
  {0x1B4E, 0x1B6A},
  {0x1B74, 0x1B7F},
  {0x1B82, 0x1BA1},
  {0x1BA6, 0x1BA7},
  {0x1BAE, 0x1BE5},
  {0x1BE7, 0x1BE7},
  {0x1BEA, 0x1BEC},
  {0x1BEE, 0x1BEE},
  {0x1BFC, 0x1C2B},
  {0x1C34, 0x1C35},
  {0x1C3B, 0x1C49},
  {0x1C4D, 0x1C8A},
  {0x1C90, 0x1CBA},
  {0x1CBD, 0x1CC7},
  {0x1CD3, 0x1CD3},
  {0x1CE1, 0x1CE1},
  {0x1CE9, 0x1CEC},
  {0x1CEE, 0x1CF3},
  {0x1CF5, 0x1CF7},
  {0x1CFA, 0x1CFA},
  {0x1D00, 0x1DBF},
  {0x1E00, 0x1F15},
  {0x1F18, 0x1F1D},
  {0x1F20, 0x1F45},
  {0x1F48, 0x1F4D},
  {0x1F50, 0x1F57},
  {0x1F59, 0x1F59},
  {0x1F5B, 0x1F5B},
  {0x1F5D, 0x1F5D},
  {0x1F5F, 0x1F7D},
  {0x1F80, 0x1FB4},
  {0x1FB6, 0x1FC4},
  {0x1FC6, 0x1FD3},
  {0x1FD6, 0x1FDB},
  {0x1FDD, 0x1FEF},
  {0x1FF2, 0x1FF4},
  {0x1FF6, 0x1FFE},
  {0x2000, 0x200A},
  {0x2010, 0x2027},
  {0x202F, 0x205F},
  {0x2070, 0x2071},
  {0x2074, 0x208E},
  {0x2090, 0x209C},
  {0x20A0, 0x20C1},
  {0x2100, 0x218B},
  {0x2190, 0x2429},
  {0x2440, 0x244A},
  {0x2460, 0x2B73},
  {0x2B76, 0x2CEE},
  {0x2CF2, 0x2CF3},
  {0x2CF9, 0x2D25},
  {0x2D27, 0x2D27},
  {0x2D2D, 0x2D2D},
  {0x2D30, 0x2D67},
  {0x2D6F, 0x2D70},
  {0x2D80, 0x2D96},
  {0x2DA0, 0x2DA6},
  {0x2DA8, 0x2DAE},
  {0x2DB0, 0x2DB6},
  {0x2DB8, 0x2DBE},
  {0x2DC0, 0x2DC6},
  {0x2DC8, 0x2DCE},
  {0x2DD0, 0x2DD6},
  {0x2DD8, 0x2DDE},
  {0x2E00, 0x2E5D},
  {0x2E80, 0x2E99},
  {0x2E9B, 0x2EF3},
  {0x2F00, 0x2FD5},
  {0x2FF0, 0x3029},
  {0x3030, 0x303F},
  {0x3041, 0x3096},
  {0x309B, 0x30FF},
  {0x3105, 0x312F},
  {0x3131, 0x318E},
  {0x3190, 0x31E5},
  {0x31EF, 0x321E},
  {0x3220, 0xA48C},
  {0xA490, 0xA4C6},
  {0xA4D0, 0xA62B},
  {0xA640, 0xA66E},
  {0xA673, 0xA673},
  {0xA67E, 0xA69D},
  {0xA6A0, 0xA6EF},
  {0xA6F2, 0xA6F7},
  {0xA700, 0xA7DC},
  {0xA7F1, 0xA801},
  {0xA803, 0xA805},
  {0xA807, 0xA80A},
  {0xA80C, 0xA824},
  {0xA827, 0xA82B},
  {0xA830, 0xA839},
  {0xA840, 0xA877},
  {0xA880, 0xA8C3},
  {0xA8CE, 0xA8D9},
  {0xA8F2, 0xA8FE},
  {0xA900, 0xA925},
  {0xA92E, 0xA946},
  {0xA952, 0xA952},
  {0xA95F, 0xA97C},
  {0xA983, 0xA9B2},
  {0xA9B4, 0xA9B5},
  {0xA9BA, 0xA9BB},
  {0xA9BE, 0xA9BF},
  {0xA9C1, 0xA9CD},
  {0xA9CF, 0xA9D9},
  {0xA9DE, 0xA9E4},
  {0xA9E6, 0xA9FE},
  {0xAA00, 0xAA28},
  {0xAA2F, 0xAA30},
  {0xAA33, 0xAA34},
  {0xAA40, 0xAA42},
  {0xAA44, 0xAA4B},
  {0xAA4D, 0xAA4D},
  {0xAA50, 0xAA59},
  {0xAA5C, 0xAA7B},
  {0xAA7D, 0xAAAF},
  {0xAAB1, 0xAAB1},
  {0xAAB5, 0xAAB6},
  {0xAAB9, 0xAABD},
  {0xAAC0, 0xAAC0},
  {0xAAC2, 0xAAC2},
  {0xAADB, 0xAAEB},
  {0xAAEE, 0xAAF5},
  {0xAB01, 0xAB06},
  {0xAB09, 0xAB0E},
  {0xAB11, 0xAB16},
  {0xAB20, 0xAB26},
  {0xAB28, 0xAB2E},
  {0xAB30, 0xAB6B},
  {0xAB70, 0xABE4},
  {0xABE6, 0xABE7},
  {0xABE9, 0xABEC},
  {0xABF0, 0xABF9},
  {0xAC00, 0xD7A3},
  {0xD7B0, 0xD7C6},
  {0xD7CB, 0xD7FB},
  {0xF900, 0xFA6D},
  {0xFA70, 0xFAD9},
  {0xFB00, 0xFB06},
  {0xFB13, 0xFB17},
  {0xFB1D, 0xFB1D},
  {0xFB1F, 0xFB36},
  {0xFB38, 0xFB3C},
  {0xFB3E, 0xFB3E},
  {0xFB40, 0xFB41},
  {0xFB43, 0xFB44},
  {0xFB46, 0xFDCF},
  {0xFDF0, 0xFDFF},
  {0xFE10, 0xFE19},
  {0xFE30, 0xFE52},
  {0xFE54, 0xFE66},
  {0xFE68, 0xFE6B},
  {0xFE70, 0xFE74},
  {0xFE76, 0xFEFC},
  {0xFF01, 0xFF9D},
  {0xFFA0, 0xFFBE},
  {0xFFC2, 0xFFC7},
  {0xFFCA, 0xFFCF},
  {0xFFD2, 0xFFD7},
  {0xFFDA, 0xFFDC},
  {0xFFE0, 0xFFE6},
  {0xFFE8, 0xFFEE},
  {0xFFFC, 0xFFFD},
  {0x10000, 0x1000B},
  {0x1000D, 0x10026},
  {0x10028, 0x1003A},
  {0x1003C, 0x1003D},
  {0x1003F, 0x1004D},
  {0x10050, 0x1005D},
  {0x10080, 0x100FA},
  {0x10100, 0x10102},
  {0x10107, 0x10133},
  {0x10137, 0x1018E},
  {0x10190, 0x1019C},
  {0x101A0, 0x101A0},
  {0x101D0, 0x101FC},
  {0x10280, 0x1029C},
  {0x102A0, 0x102D0},
  {0x102E1, 0x102FB},
  {0x10300, 0x10323},
  {0x1032D, 0x1034A},
  {0x10350, 0x10375},
  {0x10380, 0x1039D},
  {0x1039F, 0x103C3},
  {0x103C8, 0x103D5},
  {0x10400, 0x1049D},
  {0x104A0, 0x104A9},
  {0x104B0, 0x104D3},
  {0x104D8, 0x104FB},
  {0x10500, 0x10527},
  {0x10530, 0x10563},
  {0x1056F, 0x1057A},
  {0x1057C, 0x1058A},
  {0x1058C, 0x10592},
  {0x10594, 0x10595},
  {0x10597, 0x105A1},
  {0x105A3, 0x105B1},
  {0x105B3, 0x105B9},
  {0x105BB, 0x105BC},
  {0x105C0, 0x105F3},
  {0x10600, 0x10736},
  {0x10740, 0x10755},
  {0x10760, 0x10767},
  {0x10780, 0x10785},
  {0x10787, 0x107B0},
  {0x107B2, 0x107BA},
  {0x10800, 0x10805},
  {0x10808, 0x10808},
  {0x1080A, 0x10835},
  {0x10837, 0x10838},
  {0x1083C, 0x1083C},
  {0x1083F, 0x10855},
  {0x10857, 0x1089E},
  {0x108A7, 0x108AF},
  {0x108E0, 0x108F2},
  {0x108F4, 0x108F5},
  {0x108FB, 0x1091B},
  {0x1091F, 0x10939},
  {0x1093F, 0x10959},
  {0x10980, 0x109B7},
  {0x109BC, 0x109CF},
  {0x109D2, 0x10A00},
  {0x10A10, 0x10A13},
  {0x10A15, 0x10A17},
  {0x10A19, 0x10A35},
  {0x10A40, 0x10A48},
  {0x10A50, 0x10A58},
  {0x10A60, 0x10A9F},
  {0x10AC0, 0x10AE4},
  {0x10AEB, 0x10AF6},
  {0x10B00, 0x10B35},
  {0x10B39, 0x10B55},
  {0x10B58, 0x10B72},
  {0x10B78, 0x10B91},
  {0x10B99, 0x10B9C},
  {0x10BA9, 0x10BAF},
  {0x10C00, 0x10C48},
  {0x10C80, 0x10CB2},
  {0x10CC0, 0x10CF2},
  {0x10CFA, 0x10D23},
  {0x10D30, 0x10D39},
  {0x10D40, 0x10D65},
  {0x10D6E, 0x10D85},
  {0x10D8E, 0x10D8F},
  {0x10E60, 0x10E7E},
  {0x10E80, 0x10EA9},
  {0x10EAD, 0x10EAD},
  {0x10EB0, 0x10EB1},
  {0x10EC2, 0x10EC7},
  {0x10ED0, 0x10ED8},
  {0x10F00, 0x10F27},
  {0x10F30, 0x10F45},
  {0x10F51, 0x10F59},
  {0x10F70, 0x10F81},
  {0x10F86, 0x10F89},
  {0x10FB0, 0x10FCB},
  {0x10FE0, 0x10FF6},
  {0x11000, 0x11000},
  {0x11002, 0x11037},
  {0x11047, 0x1104D},
  {0x11052, 0x1106F},
  {0x11071, 0x11072},
  {0x11075, 0x11075},
  {0x11082, 0x110B2},
  {0x110B7, 0x110B8},
  {0x110BB, 0x110BC},
  {0x110BE, 0x110C1},
  {0x110D0, 0x110E8},
  {0x110F0, 0x110F9},
  {0x11103, 0x11126},
  {0x1112C, 0x1112C},
  {0x11136, 0x11147},
  {0x11150, 0x11172},
  {0x11174, 0x11176},
  {0x11182, 0x111B5},
  {0x111BF, 0x111BF},
  {0x111C1, 0x111C8},
  {0x111CD, 0x111CE},
  {0x111D0, 0x111DF},
  {0x111E1, 0x111F4},
  {0x11200, 0x11211},
  {0x11213, 0x1122E},
  {0x11232, 0x11233},
  {0x11238, 0x1123D},
  {0x1123F, 0x11240},
  {0x11280, 0x11286},
  {0x11288, 0x11288},
  {0x1128A, 0x1128D},
  {0x1128F, 0x1129D},
  {0x1129F, 0x112A9},
  {0x112B0, 0x112DE},
  {0x112E0, 0x112E2},
  {0x112F0, 0x112F9},
  {0x11302, 0x11303},
  {0x11305, 0x1130C},
  {0x1130F, 0x11310},
  {0x11313, 0x11328},
  {0x1132A, 0x11330},
  {0x11332, 0x11333},
  {0x11335, 0x11339},
  {0x1133D, 0x1133D},
  {0x1133F, 0x1133F},
  {0x11341, 0x11344},
  {0x11347, 0x11348},
  {0x1134B, 0x1134C},
  {0x11350, 0x11350},
  {0x1135D, 0x11363},
  {0x11380, 0x11389},
  {0x1138B, 0x1138B},
  {0x1138E, 0x1138E},
  {0x11390, 0x113B5},
  {0x113B7, 0x113B7},
  {0x113B9, 0x113BA},
  {0x113CA, 0x113CA},
  {0x113CC, 0x113CD},
  {0x113D1, 0x113D1},
  {0x113D3, 0x113D5},
  {0x113D7, 0x113D8},
  {0x11400, 0x11437},
  {0x11440, 0x11441},
  {0x11445, 0x11445},
  {0x11447, 0x1145B},
  {0x1145D, 0x1145D},
  {0x1145F, 0x11461},
  {0x11480, 0x114AF},
  {0x114B1, 0x114B2},
  {0x114B9, 0x114B9},
  {0x114BB, 0x114BC},
  {0x114BE, 0x114BE},
  {0x114C1, 0x114C1},
  {0x114C4, 0x114C7},
  {0x114D0, 0x114D9},
  {0x11580, 0x115AE},
  {0x115B0, 0x115B1},
  {0x115B8, 0x115BB},
  {0x115BE, 0x115BE},
  {0x115C1, 0x115DB},
  {0x11600, 0x11632},
  {0x1163B, 0x1163C},
  {0x1163E, 0x1163E},
  {0x11641, 0x11644},
  {0x11650, 0x11659},
  {0x11660, 0x1166C},
  {0x11680, 0x116AA},
  {0x116AC, 0x116AC},
  {0x116AE, 0x116AF},
  {0x116B8, 0x116B9},
  {0x116C0, 0x116C9},
  {0x116D0, 0x116E3},
  {0x11700, 0x1171A},
  {0x1171E, 0x1171E},
  {0x11720, 0x11721},
  {0x11726, 0x11726},
  {0x11730, 0x11746},
  {0x11800, 0x1182E},
  {0x11838, 0x11838},
  {0x1183B, 0x1183B},
  {0x118A0, 0x118F2},
  {0x118FF, 0x11906},
  {0x11909, 0x11909},
  {0x1190C, 0x11913},
  {0x11915, 0x11916},
  {0x11918, 0x1192F},
  {0x11931, 0x11935},
  {0x11937, 0x11938},
  {0x1193F, 0x11942},
  {0x11944, 0x11946},
  {0x11950, 0x11959},
  {0x119A0, 0x119A7},
  {0x119AA, 0x119D3},
  {0x119DC, 0x119DF},
  {0x119E1, 0x119E4},
  {0x11A00, 0x11A00},
  {0x11A0B, 0x11A32},
  {0x11A39, 0x11A3A},
  {0x11A3F, 0x11A46},
  {0x11A50, 0x11A50},
  {0x11A57, 0x11A58},
  {0x11A5C, 0x11A89},
  {0x11A97, 0x11A97},
  {0x11A9A, 0x11AA2},
  {0x11AB0, 0x11AF8},
  {0x11B00, 0x11B09},
  {0x11B61, 0x11B61},
  {0x11B65, 0x11B65},
  {0x11B67, 0x11B67},
  {0x11BC0, 0x11BE1},
  {0x11BF0, 0x11BF9},
  {0x11C00, 0x11C08},
  {0x11C0A, 0x11C2F},
  {0x11C3E, 0x11C3E},
  {0x11C40, 0x11C45},
  {0x11C50, 0x11C6C},
  {0x11C70, 0x11C8F},
  {0x11CA9, 0x11CA9},
  {0x11CB1, 0x11CB1},
  {0x11CB4, 0x11CB4},
  {0x11D00, 0x11D06},
  {0x11D08, 0x11D09},
  {0x11D0B, 0x11D30},
  {0x11D46, 0x11D46},
  {0x11D50, 0x11D59},
  {0x11D60, 0x11D65},
  {0x11D67, 0x11D68},
  {0x11D6A, 0x11D8E},
  {0x11D93, 0x11D94},
  {0x11D96, 0x11D96},
  {0x11D98, 0x11D98},
  {0x11DA0, 0x11DA9},
  {0x11DB0, 0x11DDB},
  {0x11DE0, 0x11DE9},
  {0x11EE0, 0x11EF2},
  {0x11EF5, 0x11EF8},
  {0x11F02, 0x11F10},
  {0x11F12, 0x11F35},
  {0x11F3E, 0x11F3F},
  {0x11F43, 0x11F59},
  {0x11FB0, 0x11FB0},
  {0x11FC0, 0x11FF1},
  {0x11FFF, 0x12399},
  {0x12400, 0x1246E},
  {0x12470, 0x12474},
  {0x12480, 0x12543},
  {0x12F90, 0x12FF2},
  {0x13000, 0x1342F},
  {0x13441, 0x13446},
  {0x13460, 0x143FA},
  {0x14400, 0x14646},
  {0x16100, 0x1611D},
  {0x1612A, 0x1612C},
  {0x16130, 0x16139},
  {0x16800, 0x16A38},
  {0x16A40, 0x16A5E},
  {0x16A60, 0x16A69},
  {0x16A6E, 0x16ABE},
  {0x16AC0, 0x16AC9},
  {0x16AD0, 0x16AED},
  {0x16AF5, 0x16AF5},
  {0x16B00, 0x16B2F},
  {0x16B37, 0x16B45},
  {0x16B50, 0x16B59},
  {0x16B5B, 0x16B61},
  {0x16B63, 0x16B77},
  {0x16B7D, 0x16B8F},
  {0x16D40, 0x16D79},
  {0x16E40, 0x16E9A},
  {0x16EA0, 0x16EB8},
  {0x16EBB, 0x16ED3},
  {0x16F00, 0x16F4A},
  {0x16F50, 0x16F87},
  {0x16F93, 0x16F9F},
  {0x16FE0, 0x16FE3},
  {0x16FF2, 0x16FF6},
  {0x17000, 0x18CD5},
  {0x18CFF, 0x18D1E},
  {0x18D80, 0x18DF2},
  {0x1AFF0, 0x1AFF3},
  {0x1AFF5, 0x1AFFB},
  {0x1AFFD, 0x1AFFE},
  {0x1B000, 0x1B122},
  {0x1B132, 0x1B132},
  {0x1B150, 0x1B152},
  {0x1B155, 0x1B155},
  {0x1B164, 0x1B167},
  {0x1B170, 0x1B2FB},
  {0x1BC00, 0x1BC6A},
  {0x1BC70, 0x1BC7C},
  {0x1BC80, 0x1BC88},
  {0x1BC90, 0x1BC99},
  {0x1BC9C, 0x1BC9C},
  {0x1BC9F, 0x1BC9F},
  {0x1CC00, 0x1CCFC},
  {0x1CD00, 0x1CEB3},
  {0x1CEBA, 0x1CED0},
  {0x1CEE0, 0x1CEF0},
  {0x1CF50, 0x1CFC3},
  {0x1D000, 0x1D0F5},
  {0x1D100, 0x1D126},
  {0x1D129, 0x1D164},
  {0x1D16A, 0x1D16C},
  {0x1D183, 0x1D184},
  {0x1D18C, 0x1D1A9},
  {0x1D1AE, 0x1D1EA},
  {0x1D200, 0x1D241},
  {0x1D245, 0x1D245},
  {0x1D2C0, 0x1D2D3},
  {0x1D2E0, 0x1D2F3},
  {0x1D300, 0x1D356},
  {0x1D360, 0x1D378},
  {0x1D400, 0x1D454},
  {0x1D456, 0x1D49C},
  {0x1D49E, 0x1D49F},
  {0x1D4A2, 0x1D4A2},
  {0x1D4A5, 0x1D4A6},
  {0x1D4A9, 0x1D4AC},
  {0x1D4AE, 0x1D4B9},
  {0x1D4BB, 0x1D4BB},
  {0x1D4BD, 0x1D4C3},
  {0x1D4C5, 0x1D505},
  {0x1D507, 0x1D50A},
  {0x1D50D, 0x1D514},
  {0x1D516, 0x1D51C},
  {0x1D51E, 0x1D539},
  {0x1D53B, 0x1D53E},
  {0x1D540, 0x1D544},
  {0x1D546, 0x1D546},
  {0x1D54A, 0x1D550},
  {0x1D552, 0x1D6A5},
  {0x1D6A8, 0x1D7CB},
  {0x1D7CE, 0x1D9FF},
  {0x1DA37, 0x1DA3A},
  {0x1DA6D, 0x1DA74},
  {0x1DA76, 0x1DA83},
  {0x1DA85, 0x1DA8B},
  {0x1DF00, 0x1DF1E},
  {0x1DF25, 0x1DF2A},
  {0x1E030, 0x1E06D},
  {0x1E100, 0x1E12C},
  {0x1E137, 0x1E13D},
  {0x1E140, 0x1E149},
  {0x1E14E, 0x1E14F},
  {0x1E290, 0x1E2AD},
  {0x1E2C0, 0x1E2EB},
  {0x1E2F0, 0x1E2F9},
  {0x1E2FF, 0x1E2FF},
  {0x1E4D0, 0x1E4EB},
  {0x1E4F0, 0x1E4F9},
  {0x1E5D0, 0x1E5ED},
  {0x1E5F0, 0x1E5FA},
  {0x1E5FF, 0x1E5FF},
  {0x1E6C0, 0x1E6DE},
  {0x1E6E0, 0x1E6E2},
  {0x1E6E4, 0x1E6E5},
  {0x1E6E7, 0x1E6ED},
  {0x1E6F0, 0x1E6F4},
  {0x1E6FE, 0x1E6FF},
  {0x1E7E0, 0x1E7E6},
  {0x1E7E8, 0x1E7EB},
  {0x1E7ED, 0x1E7EE},
  {0x1E7F0, 0x1E7FE},
  {0x1E800, 0x1E8C4},
  {0x1E8C7, 0x1E8CF},
  {0x1E900, 0x1E943},
  {0x1E94B, 0x1E94B},
  {0x1E950, 0x1E959},
  {0x1E95E, 0x1E95F},
  {0x1EC71, 0x1ECB4},
  {0x1ED01, 0x1ED3D},
  {0x1EE00, 0x1EE03},
  {0x1EE05, 0x1EE1F},
  {0x1EE21, 0x1EE22},
  {0x1EE24, 0x1EE24},
  {0x1EE27, 0x1EE27},
  {0x1EE29, 0x1EE32},
  {0x1EE34, 0x1EE37},
  {0x1EE39, 0x1EE39},
  {0x1EE3B, 0x1EE3B},
  {0x1EE42, 0x1EE42},
  {0x1EE47, 0x1EE47},
  {0x1EE49, 0x1EE49},
  {0x1EE4B, 0x1EE4B},
  {0x1EE4D, 0x1EE4F},
  {0x1EE51, 0x1EE52},
  {0x1EE54, 0x1EE54},
  {0x1EE57, 0x1EE57},
  {0x1EE59, 0x1EE59},
  {0x1EE5B, 0x1EE5B},
  {0x1EE5D, 0x1EE5D},
  {0x1EE5F, 0x1EE5F},
  {0x1EE61, 0x1EE62},
  {0x1EE64, 0x1EE64},
  {0x1EE67, 0x1EE6A},
  {0x1EE6C, 0x1EE72},
  {0x1EE74, 0x1EE77},
  {0x1EE79, 0x1EE7C},
  {0x1EE7E, 0x1EE7E},
  {0x1EE80, 0x1EE89},
  {0x1EE8B, 0x1EE9B},
  {0x1EEA1, 0x1EEA3},
  {0x1EEA5, 0x1EEA9},
  {0x1EEAB, 0x1EEBB},
  {0x1EEF0, 0x1EEF1},
  {0x1F000, 0x1F02B},
  {0x1F030, 0x1F093},
  {0x1F0A0, 0x1F0AE},
  {0x1F0B1, 0x1F0BF},
  {0x1F0C1, 0x1F0CF},
  {0x1F0D1, 0x1F0F5},
  {0x1F100, 0x1F1AD},
  {0x1F1E6, 0x1F202},
  {0x1F210, 0x1F23B},
  {0x1F240, 0x1F248},
  {0x1F250, 0x1F251},
  {0x1F260, 0x1F265},
  {0x1F300, 0x1F6D8},
  {0x1F6DC, 0x1F6EC},
  {0x1F6F0, 0x1F6FC},
  {0x1F700, 0x1F7D9},
  {0x1F7E0, 0x1F7EB},
  {0x1F7F0, 0x1F7F0},
  {0x1F800, 0x1F80B},
  {0x1F810, 0x1F847},
  {0x1F850, 0x1F859},
  {0x1F860, 0x1F887},
  {0x1F890, 0x1F8AD},
  {0x1F8B0, 0x1F8BB},
  {0x1F8C0, 0x1F8C1},
  {0x1F8D0, 0x1F8D8},
  {0x1F900, 0x1FA57},
  {0x1FA60, 0x1FA6D},
  {0x1FA70, 0x1FA7C},
  {0x1FA80, 0x1FA8A},
  {0x1FA8E, 0x1FAC6},
  {0x1FAC8, 0x1FAC8},
  {0x1FACD, 0x1FADC},
  {0x1FADF, 0x1FAEA},
  {0x1FAEF, 0x1FAF8},
  {0x1FB00, 0x1FB92},
  {0x1FB94, 0x1FBFA},
  {0x20000, 0x2A6DF},
  {0x2A700, 0x2B81D},
  {0x2B820, 0x2CEAD},
  {0x2CEB0, 0x2EBE0},
  {0x2EBF0, 0x2EE5D},
  {0x2F800, 0x2FA1D},
  {0x30000, 0x3134A},
  {0x31350, 0x33479},
  {0x0300, 0x036F},
  {0x0483, 0x0489},
  {0x0591, 0x05BD},
  {0x05BF, 0x05BF},
  {0x05C1, 0x05C2},
  {0x05C4, 0x05C5},
  {0x05C7, 0x05C7},
  {0x0610, 0x061A},
  {0x064B, 0x065F},
  {0x0670, 0x0670},
  {0x06D6, 0x06DC},
  {0x06DF, 0x06E4},
  {0x06E7, 0x06E8},
  {0x06EA, 0x06ED},
  {0x0711, 0x0711},
  {0x0730, 0x074A},
  {0x07A6, 0x07B0},
  {0x07EB, 0x07F3},
  {0x07FD, 0x07FD},
  {0x0816, 0x0819},
  {0x081B, 0x0823},
  {0x0825, 0x0827},
  {0x0829, 0x082D},
  {0x0859, 0x085B},
  {0x0897, 0x089F},
  {0x08CA, 0x08E1},
  {0x08E3, 0x0902},
  {0x093A, 0x093A},
  {0x093C, 0x093C},
  {0x0941, 0x0948},
  {0x094D, 0x094D},
  {0x0951, 0x0957},
  {0x0962, 0x0963},
  {0x0981, 0x0981},
  {0x09BC, 0x09BC},
  {0x09BE, 0x09BE},
  {0x09C1, 0x09C4},
  {0x09CD, 0x09CD},
  {0x09D7, 0x09D7},
  {0x09E2, 0x09E3},
  {0x09FE, 0x09FE},
  {0x0A01, 0x0A02},
  {0x0A3C, 0x0A3C},
  {0x0A41, 0x0A42},
  {0x0A47, 0x0A48},
  {0x0A4B, 0x0A4D},
  {0x0A51, 0x0A51},
  {0x0A70, 0x0A71},
  {0x0A75, 0x0A75},
  {0x0A81, 0x0A82},
  {0x0ABC, 0x0ABC},
  {0x0AC1, 0x0AC5},
  {0x0AC7, 0x0AC8},
  {0x0ACD, 0x0ACD},
  {0x0AE2, 0x0AE3},
  {0x0AFA, 0x0AFF},
  {0x0B01, 0x0B01},
  {0x0B3C, 0x0B3C},
  {0x0B3E, 0x0B3F},
  {0x0B41, 0x0B44},
  {0x0B4D, 0x0B4D},
  {0x0B55, 0x0B57},
  {0x0B62, 0x0B63},
  {0x0B82, 0x0B82},
  {0x0BBE, 0x0BBE},
  {0x0BC0, 0x0BC0},
  {0x0BCD, 0x0BCD},
  {0x0BD7, 0x0BD7},
  {0x0C00, 0x0C00},
  {0x0C04, 0x0C04},
  {0x0C3C, 0x0C3C},
  {0x0C3E, 0x0C40},
  {0x0C46, 0x0C48},
  {0x0C4A, 0x0C4D},
  {0x0C55, 0x0C56},
  {0x0C62, 0x0C63},
  {0x0C81, 0x0C81},
  {0x0CBC, 0x0CBC},
  {0x0CBF, 0x0CC0},
  {0x0CC2, 0x0CC2},
  {0x0CC6, 0x0CC8},
  {0x0CCA, 0x0CCD},
  {0x0CD5, 0x0CD6},
  {0x0CE2, 0x0CE3},
  {0x0D00, 0x0D01},
  {0x0D3B, 0x0D3C},
  {0x0D3E, 0x0D3E},
  {0x0D41, 0x0D44},
  {0x0D4D, 0x0D4D},
  {0x0D57, 0x0D57},
  {0x0D62, 0x0D63},
  {0x0D81, 0x0D81},
  {0x0DCA, 0x0DCA},
  {0x0DCF, 0x0DCF},
  {0x0DD2, 0x0DD4},
  {0x0DD6, 0x0DD6},
  {0x0DDF, 0x0DDF},
  {0x0E31, 0x0E31},
  {0x0E34, 0x0E3A},
  {0x0E47, 0x0E4E},
  {0x0EB1, 0x0EB1},
  {0x0EB4, 0x0EBC},
  {0x0EC8, 0x0ECE},
  {0x0F18, 0x0F19},
  {0x0F35, 0x0F35},
  {0x0F37, 0x0F37},
  {0x0F39, 0x0F39},
  {0x0F71, 0x0F7E},
  {0x0F80, 0x0F84},
  {0x0F86, 0x0F87},
  {0x0F8D, 0x0F97},
  {0x0F99, 0x0FBC},
  {0x0FC6, 0x0FC6},
  {0x102D, 0x1030},
  {0x1032, 0x1037},
  {0x1039, 0x103A},
  {0x103D, 0x103E},
  {0x1058, 0x1059},
  {0x105E, 0x1060},
  {0x1071, 0x1074},
  {0x1082, 0x1082},
  {0x1085, 0x1086},
  {0x108D, 0x108D},
  {0x109D, 0x109D},
  {0x135D, 0x135F},
  {0x1712, 0x1715},
  {0x1732, 0x1734},
  {0x1752, 0x1753},
  {0x1772, 0x1773},
  {0x17B4, 0x17B5},
  {0x17B7, 0x17BD},
  {0x17C6, 0x17C6},
  {0x17C9, 0x17D3},
  {0x17DD, 0x17DD},
  {0x180B, 0x180D},
  {0x180F, 0x180F},
  {0x1885, 0x1886},
  {0x18A9, 0x18A9},
  {0x1920, 0x1922},
  {0x1927, 0x1928},
  {0x1932, 0x1932},
  {0x1939, 0x193B},
  {0x1A17, 0x1A18},
  {0x1A1B, 0x1A1B},
  {0x1A56, 0x1A56},
  {0x1A58, 0x1A5E},
  {0x1A60, 0x1A60},
  {0x1A62, 0x1A62},
  {0x1A65, 0x1A6C},
  {0x1A73, 0x1A7C},
  {0x1A7F, 0x1A7F},
  {0x1AB0, 0x1ADD},
  {0x1AE0, 0x1AEB},
  {0x1B00, 0x1B03},
  {0x1B34, 0x1B3D},
  {0x1B42, 0x1B44},
  {0x1B6B, 0x1B73},
  {0x1B80, 0x1B81},
  {0x1BA2, 0x1BA5},
  {0x1BA8, 0x1BAD},
  {0x1BE6, 0x1BE6},
  {0x1BE8, 0x1BE9},
  {0x1BED, 0x1BED},
  {0x1BEF, 0x1BF3},
  {0x1C2C, 0x1C33},
  {0x1C36, 0x1C37},
  {0x1CD0, 0x1CD2},
  {0x1CD4, 0x1CE0},
  {0x1CE2, 0x1CE8},
  {0x1CED, 0x1CED},
  {0x1CF4, 0x1CF4},
  {0x1CF8, 0x1CF9},
  {0x1DC0, 0x1DFF},
  {0x200C, 0x200C},
  {0x20D0, 0x20F0},
  {0x2CEF, 0x2CF1},
  {0x2D7F, 0x2D7F},
  {0x2DE0, 0x2DFF},
  {0x302A, 0x302F},
  {0x3099, 0x309A},
  {0xA66F, 0xA672},
  {0xA674, 0xA67D},
  {0xA69E, 0xA69F},
  {0xA6F0, 0xA6F1},
  {0xA802, 0xA802},
  {0xA806, 0xA806},
  {0xA80B, 0xA80B},
  {0xA825, 0xA826},
  {0xA82C, 0xA82C},
  {0xA8C4, 0xA8C5},
  {0xA8E0, 0xA8F1},
  {0xA8FF, 0xA8FF},
  {0xA926, 0xA92D},
  {0xA947, 0xA951},
  {0xA953, 0xA953},
  {0xA980, 0xA982},
  {0xA9B3, 0xA9B3},
  {0xA9B6, 0xA9B9},
  {0xA9BC, 0xA9BD},
  {0xA9C0, 0xA9C0},
  {0xA9E5, 0xA9E5},
  {0xAA29, 0xAA2E},
  {0xAA31, 0xAA32},
  {0xAA35, 0xAA36},
  {0xAA43, 0xAA43},
  {0xAA4C, 0xAA4C},
  {0xAA7C, 0xAA7C},
  {0xAAB0, 0xAAB0},
  {0xAAB2, 0xAAB4},
  {0xAAB7, 0xAAB8},
  {0xAABE, 0xAABF},
  {0xAAC1, 0xAAC1},
  {0xAAEC, 0xAAED},
  {0xAAF6, 0xAAF6},
  {0xABE5, 0xABE5},
  {0xABE8, 0xABE8},
  {0xABED, 0xABED},
  {0xFB1E, 0xFB1E},
  {0xFE00, 0xFE0F},
  {0xFE20, 0xFE2F},
  {0xFF9E, 0xFF9F},
  {0x101FD, 0x101FD},
  {0x102E0, 0x102E0},
  {0x10376, 0x1037A},
  {0x10A01, 0x10A03},
  {0x10A05, 0x10A06},
  {0x10A0C, 0x10A0F},
  {0x10A38, 0x10A3A},
  {0x10A3F, 0x10A3F},
  {0x10AE5, 0x10AE6},
  {0x10D24, 0x10D27},
  {0x10D69, 0x10D6D},
  {0x10EAB, 0x10EAC},
  {0x10EFA, 0x10EFF},
  {0x10F46, 0x10F50},
  {0x10F82, 0x10F85},
  {0x11001, 0x11001},
  {0x11038, 0x11046},
  {0x11070, 0x11070},
  {0x11073, 0x11074},
  {0x1107F, 0x11081},
  {0x110B3, 0x110B6},
  {0x110B9, 0x110BA},
  {0x110C2, 0x110C2},
  {0x11100, 0x11102},
  {0x11127, 0x1112B},
  {0x1112D, 0x11134},
  {0x11173, 0x11173},
  {0x11180, 0x11181},
  {0x111B6, 0x111BE},
  {0x111C0, 0x111C0},
  {0x111C9, 0x111CC},
  {0x111CF, 0x111CF},
  {0x1122F, 0x11231},
  {0x11234, 0x11237},
  {0x1123E, 0x1123E},
  {0x11241, 0x11241},
  {0x112DF, 0x112DF},
  {0x112E3, 0x112EA},
  {0x11300, 0x11301},
  {0x1133B, 0x1133C},
  {0x1133E, 0x1133E},
  {0x11340, 0x11340},
  {0x1134D, 0x1134D},
  {0x11357, 0x11357},
  {0x11366, 0x1136C},
  {0x11370, 0x11374},
  {0x113B8, 0x113B8},
  {0x113BB, 0x113C0},
  {0x113C2, 0x113C2},
  {0x113C5, 0x113C5},
  {0x113C7, 0x113C9},
  {0x113CE, 0x113D0},
  {0x113D2, 0x113D2},
  {0x113E1, 0x113E2},
  {0x11438, 0x1143F},
  {0x11442, 0x11444},
  {0x11446, 0x11446},
  {0x1145E, 0x1145E},
  {0x114B0, 0x114B0},
  {0x114B3, 0x114B8},
  {0x114BA, 0x114BA},
  {0x114BD, 0x114BD},
  {0x114BF, 0x114C0},
  {0x114C2, 0x114C3},
  {0x115AF, 0x115AF},
  {0x115B2, 0x115B5},
  {0x115BC, 0x115BD},
  {0x115BF, 0x115C0},
  {0x115DC, 0x115DD},
  {0x11633, 0x1163A},
  {0x1163D, 0x1163D},
  {0x1163F, 0x11640},
  {0x116AB, 0x116AB},
  {0x116AD, 0x116AD},
  {0x116B0, 0x116B7},
  {0x1171D, 0x1171D},
  {0x1171F, 0x1171F},
  {0x11722, 0x11725},
  {0x11727, 0x1172B},
  {0x1182F, 0x11837},
  {0x11839, 0x1183A},
  {0x11930, 0x11930},
  {0x1193B, 0x1193E},
  {0x11943, 0x11943},
  {0x119D4, 0x119D7},
  {0x119DA, 0x119DB},
  {0x119E0, 0x119E0},
  {0x11A01, 0x11A0A},
  {0x11A33, 0x11A38},
  {0x11A3B, 0x11A3E},
  {0x11A47, 0x11A47},
  {0x11A51, 0x11A56},
  {0x11A59, 0x11A5B},
  {0x11A8A, 0x11A96},
  {0x11A98, 0x11A99},
  {0x11B60, 0x11B60},
  {0x11B62, 0x11B64},
  {0x11B66, 0x11B66},
  {0x11C30, 0x11C36},
  {0x11C38, 0x11C3D},
  {0x11C3F, 0x11C3F},
  {0x11C92, 0x11CA7},
  {0x11CAA, 0x11CB0},
  {0x11CB2, 0x11CB3},
  {0x11CB5, 0x11CB6},
  {0x11D31, 0x11D36},
  {0x11D3A, 0x11D3A},
  {0x11D3C, 0x11D3D},
  {0x11D3F, 0x11D45},
  {0x11D47, 0x11D47},
  {0x11D90, 0x11D91},
  {0x11D95, 0x11D95},
  {0x11D97, 0x11D97},
  {0x11EF3, 0x11EF4},
  {0x11F00, 0x11F01},
  {0x11F36, 0x11F3A},
  {0x11F40, 0x11F42},
  {0x11F5A, 0x11F5A},
  {0x13440, 0x13440},
  {0x13447, 0x13455},
  {0x1611E, 0x16129},
  {0x1612D, 0x1612F},
  {0x16AF0, 0x16AF4},
  {0x16B30, 0x16B36},
  {0x16F4F, 0x16F4F},
  {0x16F8F, 0x16F92},
  {0x16FE4, 0x16FE4},
  {0x16FF0, 0x16FF1},
  {0x1BC9D, 0x1BC9E},
  {0x1CF00, 0x1CF2D},
  {0x1CF30, 0x1CF46},
  {0x1D165, 0x1D169},
  {0x1D16D, 0x1D172},
  {0x1D17B, 0x1D182},
  {0x1D185, 0x1D18B},
  {0x1D1AA, 0x1D1AD},
  {0x1D242, 0x1D244},
  {0x1DA00, 0x1DA36},
  {0x1DA3B, 0x1DA6C},
  {0x1DA75, 0x1DA75},
  {0x1DA84, 0x1DA84},
  {0x1DA9B, 0x1DA9F},
  {0x1DAA1, 0x1DAAF},
  {0x1E000, 0x1E006},
  {0x1E008, 0x1E018},
  {0x1E01B, 0x1E021},
  {0x1E023, 0x1E024},
  {0x1E026, 0x1E02A},
  {0x1E08F, 0x1E08F},
  {0x1E130, 0x1E136},
  {0x1E2AE, 0x1E2AE},
  {0x1E2EC, 0x1E2EF},
  {0x1E4EC, 0x1E4EF},
  {0x1E5EE, 0x1E5EF},
  {0x1E6E3, 0x1E6E3},
  {0x1E6E6, 0x1E6E6},
  {0x1E6EE, 0x1E6EF},
  {0x1E6F5, 0x1E6F5},
  {0x1E8D0, 0x1E8D6},
  {0x1E944, 0x1E94A},
  {0xE0020, 0xE007F},
  {0xE0100, 0xE01EF},
  {0x094D, 0x094D},
  {0x09CD, 0x09CD},
  {0x0A4D, 0x0A4D},
  {0x0ACD, 0x0ACD},
  {0x0B4D, 0x0B4D},
  {0x0BCD, 0x0BCD},
  {0x0C4D, 0x0C4D},
  {0x0CCD, 0x0CCD},
  {0x0D3B, 0x0D3C},
  {0x0D4D, 0x0D4D},
  {0x0DCA, 0x0DCA},
  {0x0E3A, 0x0E3A},
  {0x0EBA, 0x0EBA},
  {0x0F84, 0x0F84},
  {0x1039, 0x103A},
  {0x1714, 0x1715},
  {0x1734, 0x1734},
  {0x17D2, 0x17D2},
  {0x1A60, 0x1A60},
  {0x1B44, 0x1B44},
  {0x1BAA, 0x1BAB},
  {0x1BF2, 0x1BF3},
  {0x2D7F, 0x2D7F},
  {0xA806, 0xA806},
  {0xA82C, 0xA82C},
  {0xA8C4, 0xA8C4},
  {0xA953, 0xA953},
  {0xA9C0, 0xA9C0},
  {0xAAF6, 0xAAF6},
  {0xABED, 0xABED},
  {0x10A3F, 0x10A3F},
  {0x11046, 0x11046},
  {0x11070, 0x11070},
  {0x1107F, 0x1107F},
  {0x110B9, 0x110B9},
  {0x11133, 0x11134},
  {0x111C0, 0x111C0},
  {0x11235, 0x11235},
  {0x112EA, 0x112EA},
  {0x1134D, 0x1134D},
  {0x113CE, 0x113D0},
  {0x11442, 0x11442},
  {0x114C2, 0x114C2},
  {0x115BF, 0x115BF},
  {0x1163F, 0x1163F},
  {0x116B6, 0x116B6},
  {0x1172B, 0x1172B},
  {0x11839, 0x11839},
  {0x1193D, 0x1193E},
  {0x119E0, 0x119E0},
  {0x11A34, 0x11A34},
  {0x11A47, 0x11A47},
  {0x11A99, 0x11A99},
  {0x11C3F, 0x11C3F},
  {0x11D44, 0x11D45},
  {0x11D97, 0x11D97},
  {0x11F41, 0x11F42},
  {0x1612F, 0x1612F},
  {0x0030, 0x0039},
  {0x0041, 0x0046},
  {0x0061, 0x0066},
  {0xFF10, 0xFF19},
  {0xFF21, 0xFF26},
  {0xFF41, 0xFF46},
  {0x002D, 0x002D},
  {0x00AD, 0x00AD},
  {0x058A, 0x058A},
  {0x1806, 0x1806},
  {0x2010, 0x2011},
  {0x2E17, 0x2E17},
  {0x30FB, 0x30FB},
  {0xFE63, 0xFE63},
  {0xFF0D, 0xFF0D},
  {0xFF65, 0xFF65},
  {0x2FF0, 0x2FF1},
  {0x2FF4, 0x2FFD},
  {0x31EF, 0x31EF},
  {0x2FF2, 0x2FF3},
  {0x2FFE, 0x2FFF},
  {0x00B2, 0x00B3},
  {0x00B9, 0x00B9},
  {0x2070, 0x2070},
  {0x2074, 0x207E},
  {0x2080, 0x208E},
  {0x2202, 0x2202},
  {0x2207, 0x2207},
  {0x221E, 0x221E},
  {0x1D6C1, 0x1D6C1},
  {0x1D6DB, 0x1D6DB},
  {0x1D6FB, 0x1D6FB},
  {0x1D715, 0x1D715},
  {0x1D735, 0x1D735},
  {0x1D74F, 0x1D74F},
  {0x1D76F, 0x1D76F},
  {0x1D789, 0x1D789},
  {0x1D7A9, 0x1D7A9},
  {0x1D7C3, 0x1D7C3},
  {0x2202, 0x2202},
  {0x2207, 0x2207},
  {0x221E, 0x221E},
  {0x1D6C1, 0x1D6C1},
  {0x1D6DB, 0x1D6DB},
  {0x1D6FB, 0x1D6FB},
  {0x1D715, 0x1D715},
  {0x1D735, 0x1D735},
  {0x1D74F, 0x1D74F},
  {0x1D76F, 0x1D76F},
  {0x1D789, 0x1D789},
  {0x1D7A9, 0x1D7A9},
  {0x1D7C3, 0x1D7C3},
  {0x0030, 0x0039},
  {0x0041, 0x005A},
  {0x005F, 0x005F},
  {0x0061, 0x007A},
  {0x00AA, 0x00AA},
  {0x00B5, 0x00B5},
  {0x00B7, 0x00B7},
  {0x00BA, 0x00BA},
  {0x00C0, 0x00D6},
  {0x00D8, 0x00F6},
  {0x00F8, 0x02C1},
  {0x02C6, 0x02D1},
  {0x02E0, 0x02E4},
  {0x02EC, 0x02EC},
  {0x02EE, 0x02EE},
  {0x0300, 0x0374},
  {0x0376, 0x0377},
  {0x037A, 0x037D},
  {0x037F, 0x037F},
  {0x0386, 0x038A},
  {0x038C, 0x038C},
  {0x038E, 0x03A1},
  {0x03A3, 0x03F5},
  {0x03F7, 0x0481},
  {0x0483, 0x0487},
  {0x048A, 0x052F},
  {0x0531, 0x0556},
  {0x0559, 0x0559},
  {0x0560, 0x0588},
  {0x0591, 0x05BD},
  {0x05BF, 0x05BF},
  {0x05C1, 0x05C2},
  {0x05C4, 0x05C5},
  {0x05C7, 0x05C7},
  {0x05D0, 0x05EA},
  {0x05EF, 0x05F2},
  {0x0610, 0x061A},
  {0x0620, 0x0669},
  {0x066E, 0x06D3},
  {0x06D5, 0x06DC},
  {0x06DF, 0x06E8},
  {0x06EA, 0x06FC},
  {0x06FF, 0x06FF},
  {0x0710, 0x074A},
  {0x074D, 0x07B1},
  {0x07C0, 0x07F5},
  {0x07FA, 0x07FA},
  {0x07FD, 0x07FD},
  {0x0800, 0x082D},
  {0x0840, 0x085B},
  {0x0860, 0x086A},
  {0x0870, 0x0887},
  {0x0889, 0x088F},
  {0x0897, 0x08E1},
  {0x08E3, 0x0963},
  {0x0966, 0x096F},
  {0x0971, 0x0983},
  {0x0985, 0x098C},
  {0x098F, 0x0990},
  {0x0993, 0x09A8},
  {0x09AA, 0x09B0},
  {0x09B2, 0x09B2},
  {0x09B6, 0x09B9},
  {0x09BC, 0x09C4},
  {0x09C7, 0x09C8},
  {0x09CB, 0x09CE},
  {0x09D7, 0x09D7},
  {0x09DC, 0x09DD},
  {0x09DF, 0x09E3},
  {0x09E6, 0x09F1},
  {0x09FC, 0x09FC},
  {0x09FE, 0x09FE},
  {0x0A01, 0x0A03},
  {0x0A05, 0x0A0A},
  {0x0A0F, 0x0A10},
  {0x0A13, 0x0A28},
  {0x0A2A, 0x0A30},
  {0x0A32, 0x0A33},
  {0x0A35, 0x0A36},
  {0x0A38, 0x0A39},
  {0x0A3C, 0x0A3C},
  {0x0A3E, 0x0A42},
  {0x0A47, 0x0A48},
  {0x0A4B, 0x0A4D},
  {0x0A51, 0x0A51},
  {0x0A59, 0x0A5C},
  {0x0A5E, 0x0A5E},
  {0x0A66, 0x0A75},
  {0x0A81, 0x0A83},
  {0x0A85, 0x0A8D},
  {0x0A8F, 0x0A91},
  {0x0A93, 0x0AA8},
  {0x0AAA, 0x0AB0},
  {0x0AB2, 0x0AB3},
  {0x0AB5, 0x0AB9},
  {0x0ABC, 0x0AC5},
  {0x0AC7, 0x0AC9},
  {0x0ACB, 0x0ACD},
  {0x0AD0, 0x0AD0},
  {0x0AE0, 0x0AE3},
  {0x0AE6, 0x0AEF},
  {0x0AF9, 0x0AFF},
  {0x0B01, 0x0B03},
  {0x0B05, 0x0B0C},
  {0x0B0F, 0x0B10},
  {0x0B13, 0x0B28},
  {0x0B2A, 0x0B30},
  {0x0B32, 0x0B33},
  {0x0B35, 0x0B39},
  {0x0B3C, 0x0B44},
  {0x0B47, 0x0B48},
  {0x0B4B, 0x0B4D},
  {0x0B55, 0x0B57},
  {0x0B5C, 0x0B5D},
  {0x0B5F, 0x0B63},
  {0x0B66, 0x0B6F},
  {0x0B71, 0x0B71},
  {0x0B82, 0x0B83},
  {0x0B85, 0x0B8A},
  {0x0B8E, 0x0B90},
  {0x0B92, 0x0B95},
  {0x0B99, 0x0B9A},
  {0x0B9C, 0x0B9C},
  {0x0B9E, 0x0B9F},
  {0x0BA3, 0x0BA4},
  {0x0BA8, 0x0BAA},
  {0x0BAE, 0x0BB9},
  {0x0BBE, 0x0BC2},
  {0x0BC6, 0x0BC8},
  {0x0BCA, 0x0BCD},
  {0x0BD0, 0x0BD0},
  {0x0BD7, 0x0BD7},
  {0x0BE6, 0x0BEF},
  {0x0C00, 0x0C0C},
  {0x0C0E, 0x0C10},
  {0x0C12, 0x0C28},
  {0x0C2A, 0x0C39},
  {0x0C3C, 0x0C44},
  {0x0C46, 0x0C48},
  {0x0C4A, 0x0C4D},
  {0x0C55, 0x0C56},
  {0x0C58, 0x0C5A},
  {0x0C5C, 0x0C5D},
  {0x0C60, 0x0C63},
  {0x0C66, 0x0C6F},
  {0x0C80, 0x0C83},
  {0x0C85, 0x0C8C},
  {0x0C8E, 0x0C90},
  {0x0C92, 0x0CA8},
  {0x0CAA, 0x0CB3},
  {0x0CB5, 0x0CB9},
  {0x0CBC, 0x0CC4},
  {0x0CC6, 0x0CC8},
  {0x0CCA, 0x0CCD},
  {0x0CD5, 0x0CD6},
  {0x0CDC, 0x0CDE},
  {0x0CE0, 0x0CE3},
  {0x0CE6, 0x0CEF},
  {0x0CF1, 0x0CF3},
  {0x0D00, 0x0D0C},
  {0x0D0E, 0x0D10},
  {0x0D12, 0x0D44},
  {0x0D46, 0x0D48},
  {0x0D4A, 0x0D4E},
  {0x0D54, 0x0D57},
  {0x0D5F, 0x0D63},
  {0x0D66, 0x0D6F},
  {0x0D7A, 0x0D7F},
  {0x0D81, 0x0D83},
  {0x0D85, 0x0D96},
  {0x0D9A, 0x0DB1},
  {0x0DB3, 0x0DBB},
  {0x0DBD, 0x0DBD},
  {0x0DC0, 0x0DC6},
  {0x0DCA, 0x0DCA},
  {0x0DCF, 0x0DD4},
  {0x0DD6, 0x0DD6},
  {0x0DD8, 0x0DDF},
  {0x0DE6, 0x0DEF},
  {0x0DF2, 0x0DF3},
  {0x0E01, 0x0E3A},
  {0x0E40, 0x0E4E},
  {0x0E50, 0x0E59},
  {0x0E81, 0x0E82},
  {0x0E84, 0x0E84},
  {0x0E86, 0x0E8A},
  {0x0E8C, 0x0EA3},
  {0x0EA5, 0x0EA5},
  {0x0EA7, 0x0EBD},
  {0x0EC0, 0x0EC4},
  {0x0EC6, 0x0EC6},
  {0x0EC8, 0x0ECE},
  {0x0ED0, 0x0ED9},
  {0x0EDC, 0x0EDF},
  {0x0F00, 0x0F00},
  {0x0F18, 0x0F19},
  {0x0F20, 0x0F29},
  {0x0F35, 0x0F35},
  {0x0F37, 0x0F37},
  {0x0F39, 0x0F39},
  {0x0F3E, 0x0F47},
  {0x0F49, 0x0F6C},
  {0x0F71, 0x0F84},
  {0x0F86, 0x0F97},
  {0x0F99, 0x0FBC},
  {0x0FC6, 0x0FC6},
  {0x1000, 0x1049},
  {0x1050, 0x109D},
  {0x10A0, 0x10C5},
  {0x10C7, 0x10C7},
  {0x10CD, 0x10CD},
  {0x10D0, 0x10FA},
  {0x10FC, 0x1248},
  {0x124A, 0x124D},
  {0x1250, 0x1256},
  {0x1258, 0x1258},
  {0x125A, 0x125D},
  {0x1260, 0x1288},
  {0x128A, 0x128D},
  {0x1290, 0x12B0},
  {0x12B2, 0x12B5},
  {0x12B8, 0x12BE},
  {0x12C0, 0x12C0},
  {0x12C2, 0x12C5},
  {0x12C8, 0x12D6},
  {0x12D8, 0x1310},
  {0x1312, 0x1315},
  {0x1318, 0x135A},
  {0x135D, 0x135F},
  {0x1369, 0x1371},
  {0x1380, 0x138F},
  {0x13A0, 0x13F5},
  {0x13F8, 0x13FD},
  {0x1401, 0x166C},
  {0x166F, 0x167F},
  {0x1681, 0x169A},
  {0x16A0, 0x16EA},
  {0x16EE, 0x16F8},
  {0x1700, 0x1715},
  {0x171F, 0x1734},
  {0x1740, 0x1753},
  {0x1760, 0x176C},
  {0x176E, 0x1770},
  {0x1772, 0x1773},
  {0x1780, 0x17D3},
  {0x17D7, 0x17D7},
  {0x17DC, 0x17DD},
  {0x17E0, 0x17E9},
  {0x180B, 0x180D},
  {0x180F, 0x1819},
  {0x1820, 0x1878},
  {0x1880, 0x18AA},
  {0x18B0, 0x18F5},
  {0x1900, 0x191E},
  {0x1920, 0x192B},
  {0x1930, 0x193B},
  {0x1946, 0x196D},
  {0x1970, 0x1974},
  {0x1980, 0x19AB},
  {0x19B0, 0x19C9},
  {0x19D0, 0x19DA},
  {0x1A00, 0x1A1B},
  {0x1A20, 0x1A5E},
  {0x1A60, 0x1A7C},
  {0x1A7F, 0x1A89},
  {0x1A90, 0x1A99},
  {0x1AA7, 0x1AA7},
  {0x1AB0, 0x1ABD},
  {0x1ABF, 0x1ADD},
  {0x1AE0, 0x1AEB},
  {0x1B00, 0x1B4C},
  {0x1B50, 0x1B59},
  {0x1B6B, 0x1B73},
  {0x1B80, 0x1BF3},
  {0x1C00, 0x1C37},
  {0x1C40, 0x1C49},
  {0x1C4D, 0x1C7D},
  {0x1C80, 0x1C8A},
  {0x1C90, 0x1CBA},
  {0x1CBD, 0x1CBF},
  {0x1CD0, 0x1CD2},
  {0x1CD4, 0x1CFA},
  {0x1D00, 0x1F15},
  {0x1F18, 0x1F1D},
  {0x1F20, 0x1F45},
  {0x1F48, 0x1F4D},
  {0x1F50, 0x1F57},
  {0x1F59, 0x1F59},
  {0x1F5B, 0x1F5B},
  {0x1F5D, 0x1F5D},
  {0x1F5F, 0x1F7D},
  {0x1F80, 0x1FB4},
  {0x1FB6, 0x1FBC},
  {0x1FBE, 0x1FBE},
  {0x1FC2, 0x1FC4},
  {0x1FC6, 0x1FCC},
  {0x1FD0, 0x1FD3},
  {0x1FD6, 0x1FDB},
  {0x1FE0, 0x1FEC},
  {0x1FF2, 0x1FF4},
  {0x1FF6, 0x1FFC},
  {0x200C, 0x200D},
  {0x203F, 0x2040},
  {0x2054, 0x2054},
  {0x2071, 0x2071},
  {0x207F, 0x207F},
  {0x2090, 0x209C},
  {0x20D0, 0x20DC},
  {0x20E1, 0x20E1},
  {0x20E5, 0x20F0},
  {0x2102, 0x2102},
  {0x2107, 0x2107},
  {0x210A, 0x2113},
  {0x2115, 0x2115},
  {0x2118, 0x211D},
  {0x2124, 0x2124},
  {0x2126, 0x2126},
  {0x2128, 0x2128},
  {0x212A, 0x2139},
  {0x213C, 0x213F},
  {0x2145, 0x2149},
  {0x214E, 0x214E},
  {0x2160, 0x2188},
  {0x2C00, 0x2CE4},
  {0x2CEB, 0x2CF3},
  {0x2D00, 0x2D25},
  {0x2D27, 0x2D27},
  {0x2D2D, 0x2D2D},
  {0x2D30, 0x2D67},
  {0x2D6F, 0x2D6F},
  {0x2D7F, 0x2D96},
  {0x2DA0, 0x2DA6},
  {0x2DA8, 0x2DAE},
  {0x2DB0, 0x2DB6},
  {0x2DB8, 0x2DBE},
  {0x2DC0, 0x2DC6},
  {0x2DC8, 0x2DCE},
  {0x2DD0, 0x2DD6},
  {0x2DD8, 0x2DDE},
  {0x2DE0, 0x2DFF},
  {0x3005, 0x3007},
  {0x3021, 0x302F},
  {0x3031, 0x3035},
  {0x3038, 0x303C},
  {0x3041, 0x3096},
  {0x3099, 0x309F},
  {0x30A1, 0x30FF},
  {0x3105, 0x312F},
  {0x3131, 0x318E},
  {0x31A0, 0x31BF},
  {0x31F0, 0x31FF},
  {0x3400, 0x4DBF},
  {0x4E00, 0xA48C},
  {0xA4D0, 0xA4FD},
  {0xA500, 0xA60C},
  {0xA610, 0xA62B},
  {0xA640, 0xA66F},
  {0xA674, 0xA67D},
  {0xA67F, 0xA6F1},
  {0xA717, 0xA71F},
  {0xA722, 0xA788},
  {0xA78B, 0xA7DC},
  {0xA7F1, 0xA827},
  {0xA82C, 0xA82C},
  {0xA840, 0xA873},
  {0xA880, 0xA8C5},
  {0xA8D0, 0xA8D9},
  {0xA8E0, 0xA8F7},
  {0xA8FB, 0xA8FB},
  {0xA8FD, 0xA92D},
  {0xA930, 0xA953},
  {0xA960, 0xA97C},
  {0xA980, 0xA9C0},
  {0xA9CF, 0xA9D9},
  {0xA9E0, 0xA9FE},
  {0xAA00, 0xAA36},
  {0xAA40, 0xAA4D},
  {0xAA50, 0xAA59},
  {0xAA60, 0xAA76},
  {0xAA7A, 0xAAC2},
  {0xAADB, 0xAADD},
  {0xAAE0, 0xAAEF},
  {0xAAF2, 0xAAF6},
  {0xAB01, 0xAB06},
  {0xAB09, 0xAB0E},
  {0xAB11, 0xAB16},
  {0xAB20, 0xAB26},
  {0xAB28, 0xAB2E},
  {0xAB30, 0xAB5A},
  {0xAB5C, 0xAB69},
  {0xAB70, 0xABEA},
  {0xABEC, 0xABED},
  {0xABF0, 0xABF9},
  {0xAC00, 0xD7A3},
  {0xD7B0, 0xD7C6},
  {0xD7CB, 0xD7FB},
  {0xF900, 0xFA6D},
  {0xFA70, 0xFAD9},
  {0xFB00, 0xFB06},
  {0xFB13, 0xFB17},
  {0xFB1D, 0xFB28},
  {0xFB2A, 0xFB36},
  {0xFB38, 0xFB3C},
  {0xFB3E, 0xFB3E},
  {0xFB40, 0xFB41},
  {0xFB43, 0xFB44},
  {0xFB46, 0xFBB1},
  {0xFBD3, 0xFD3D},
  {0xFD50, 0xFD8F},
  {0xFD92, 0xFDC7},
  {0xFDF0, 0xFDFB},
  {0xFE00, 0xFE0F},
  {0xFE20, 0xFE2F},
  {0xFE33, 0xFE34},
  {0xFE4D, 0xFE4F},
  {0xFE70, 0xFE74},
  {0xFE76, 0xFEFC},
  {0xFF10, 0xFF19},
  {0xFF21, 0xFF3A},
  {0xFF3F, 0xFF3F},
  {0xFF41, 0xFF5A},
  {0xFF65, 0xFFBE},
  {0xFFC2, 0xFFC7},
  {0xFFCA, 0xFFCF},
  {0xFFD2, 0xFFD7},
  {0xFFDA, 0xFFDC},
  {0x10000, 0x1000B},
  {0x1000D, 0x10026},
  {0x10028, 0x1003A},
  {0x1003C, 0x1003D},
  {0x1003F, 0x1004D},
  {0x10050, 0x1005D},
  {0x10080, 0x100FA},
  {0x10140, 0x10174},
  {0x101FD, 0x101FD},
  {0x10280, 0x1029C},
  {0x102A0, 0x102D0},
  {0x102E0, 0x102E0},
  {0x10300, 0x1031F},
  {0x1032D, 0x1034A},
  {0x10350, 0x1037A},
  {0x10380, 0x1039D},
  {0x103A0, 0x103C3},
  {0x103C8, 0x103CF},
  {0x103D1, 0x103D5},
  {0x10400, 0x1049D},
  {0x104A0, 0x104A9},
  {0x104B0, 0x104D3},
  {0x104D8, 0x104FB},
  {0x10500, 0x10527},
  {0x10530, 0x10563},
  {0x10570, 0x1057A},
  {0x1057C, 0x1058A},
  {0x1058C, 0x10592},
  {0x10594, 0x10595},
  {0x10597, 0x105A1},
  {0x105A3, 0x105B1},
  {0x105B3, 0x105B9},
  {0x105BB, 0x105BC},
  {0x105C0, 0x105F3},
  {0x10600, 0x10736},
  {0x10740, 0x10755},
  {0x10760, 0x10767},
  {0x10780, 0x10785},
  {0x10787, 0x107B0},
  {0x107B2, 0x107BA},
  {0x10800, 0x10805},
  {0x10808, 0x10808},
  {0x1080A, 0x10835},
  {0x10837, 0x10838},
  {0x1083C, 0x1083C},
  {0x1083F, 0x10855},
  {0x10860, 0x10876},
  {0x10880, 0x1089E},
  {0x108E0, 0x108F2},
  {0x108F4, 0x108F5},
  {0x10900, 0x10915},
  {0x10920, 0x10939},
  {0x10940, 0x10959},
  {0x10980, 0x109B7},
  {0x109BE, 0x109BF},
  {0x10A00, 0x10A03},
  {0x10A05, 0x10A06},
  {0x10A0C, 0x10A13},
  {0x10A15, 0x10A17},
  {0x10A19, 0x10A35},
  {0x10A38, 0x10A3A},
  {0x10A3F, 0x10A3F},
  {0x10A60, 0x10A7C},
  {0x10A80, 0x10A9C},
  {0x10AC0, 0x10AC7},
  {0x10AC9, 0x10AE6},
  {0x10B00, 0x10B35},
  {0x10B40, 0x10B55},
  {0x10B60, 0x10B72},
  {0x10B80, 0x10B91},
  {0x10C00, 0x10C48},
  {0x10C80, 0x10CB2},
  {0x10CC0, 0x10CF2},
  {0x10D00, 0x10D27},
  {0x10D30, 0x10D39},
  {0x10D40, 0x10D65},
  {0x10D69, 0x10D6D},
  {0x10D6F, 0x10D85},
  {0x10E80, 0x10EA9},
  {0x10EAB, 0x10EAC},
  {0x10EB0, 0x10EB1},
  {0x10EC2, 0x10EC7},
  {0x10EFA, 0x10F1C},
  {0x10F27, 0x10F27},
  {0x10F30, 0x10F50},
  {0x10F70, 0x10F85},
  {0x10FB0, 0x10FC4},
  {0x10FE0, 0x10FF6},
  {0x11000, 0x11046},
  {0x11066, 0x11075},
  {0x1107F, 0x110BA},
  {0x110C2, 0x110C2},
  {0x110D0, 0x110E8},
  {0x110F0, 0x110F9},
  {0x11100, 0x11134},
  {0x11136, 0x1113F},
  {0x11144, 0x11147},
  {0x11150, 0x11173},
  {0x11176, 0x11176},
  {0x11180, 0x111C4},
  {0x111C9, 0x111CC},
  {0x111CE, 0x111DA},
  {0x111DC, 0x111DC},
  {0x11200, 0x11211},
  {0x11213, 0x11237},
  {0x1123E, 0x11241},
  {0x11280, 0x11286},
  {0x11288, 0x11288},
  {0x1128A, 0x1128D},
  {0x1128F, 0x1129D},
  {0x1129F, 0x112A8},
  {0x112B0, 0x112EA},
  {0x112F0, 0x112F9},
  {0x11300, 0x11303},
  {0x11305, 0x1130C},
  {0x1130F, 0x11310},
  {0x11313, 0x11328},
  {0x1132A, 0x11330},
  {0x11332, 0x11333},
  {0x11335, 0x11339},
  {0x1133B, 0x11344},
  {0x11347, 0x11348},
  {0x1134B, 0x1134D},
  {0x11350, 0x11350},
  {0x11357, 0x11357},
  {0x1135D, 0x11363},
  {0x11366, 0x1136C},
  {0x11370, 0x11374},
  {0x11380, 0x11389},
  {0x1138B, 0x1138B},
  {0x1138E, 0x1138E},
  {0x11390, 0x113B5},
  {0x113B7, 0x113C0},
  {0x113C2, 0x113C2},
  {0x113C5, 0x113C5},
  {0x113C7, 0x113CA},
  {0x113CC, 0x113D3},
  {0x113E1, 0x113E2},
  {0x11400, 0x1144A},
  {0x11450, 0x11459},
  {0x1145E, 0x11461},
  {0x11480, 0x114C5},
  {0x114C7, 0x114C7},
  {0x114D0, 0x114D9},
  {0x11580, 0x115B5},
  {0x115B8, 0x115C0},
  {0x115D8, 0x115DD},
  {0x11600, 0x11640},
  {0x11644, 0x11644},
  {0x11650, 0x11659},
  {0x11680, 0x116B8},
  {0x116C0, 0x116C9},
  {0x116D0, 0x116E3},
  {0x11700, 0x1171A},
  {0x1171D, 0x1172B},
  {0x11730, 0x11739},
  {0x11740, 0x11746},
  {0x11800, 0x1183A},
  {0x118A0, 0x118E9},
  {0x118FF, 0x11906},
  {0x11909, 0x11909},
  {0x1190C, 0x11913},
  {0x11915, 0x11916},
  {0x11918, 0x11935},
  {0x11937, 0x11938},
  {0x1193B, 0x11943},
  {0x11950, 0x11959},
  {0x119A0, 0x119A7},
  {0x119AA, 0x119D7},
  {0x119DA, 0x119E1},
  {0x119E3, 0x119E4},
  {0x11A00, 0x11A3E},
  {0x11A47, 0x11A47},
  {0x11A50, 0x11A99},
  {0x11A9D, 0x11A9D},
  {0x11AB0, 0x11AF8},
  {0x11B60, 0x11B67},
  {0x11BC0, 0x11BE0},
  {0x11BF0, 0x11BF9},
  {0x11C00, 0x11C08},
  {0x11C0A, 0x11C36},
  {0x11C38, 0x11C40},
  {0x11C50, 0x11C59},
  {0x11C72, 0x11C8F},
  {0x11C92, 0x11CA7},
  {0x11CA9, 0x11CB6},
  {0x11D00, 0x11D06},
  {0x11D08, 0x11D09},
  {0x11D0B, 0x11D36},
  {0x11D3A, 0x11D3A},
  {0x11D3C, 0x11D3D},
  {0x11D3F, 0x11D47},
  {0x11D50, 0x11D59},
  {0x11D60, 0x11D65},
  {0x11D67, 0x11D68},
  {0x11D6A, 0x11D8E},
  {0x11D90, 0x11D91},
  {0x11D93, 0x11D98},
  {0x11DA0, 0x11DA9},
  {0x11DB0, 0x11DDB},
  {0x11DE0, 0x11DE9},
  {0x11EE0, 0x11EF6},
  {0x11F00, 0x11F10},
  {0x11F12, 0x11F3A},
  {0x11F3E, 0x11F42},
  {0x11F50, 0x11F5A},
  {0x11FB0, 0x11FB0},
  {0x12000, 0x12399},
  {0x12400, 0x1246E},
  {0x12480, 0x12543},
  {0x12F90, 0x12FF0},
  {0x13000, 0x1342F},
  {0x13440, 0x13455},
  {0x13460, 0x143FA},
  {0x14400, 0x14646},
  {0x16100, 0x16139},
  {0x16800, 0x16A38},
  {0x16A40, 0x16A5E},
  {0x16A60, 0x16A69},
  {0x16A70, 0x16ABE},
  {0x16AC0, 0x16AC9},
  {0x16AD0, 0x16AED},
  {0x16AF0, 0x16AF4},
  {0x16B00, 0x16B36},
  {0x16B40, 0x16B43},
  {0x16B50, 0x16B59},
  {0x16B63, 0x16B77},
  {0x16B7D, 0x16B8F},
  {0x16D40, 0x16D6C},
  {0x16D70, 0x16D79},
  {0x16E40, 0x16E7F},
  {0x16EA0, 0x16EB8},
  {0x16EBB, 0x16ED3},
  {0x16F00, 0x16F4A},
  {0x16F4F, 0x16F87},
  {0x16F8F, 0x16F9F},
  {0x16FE0, 0x16FE1},
  {0x16FE3, 0x16FE4},
  {0x16FF0, 0x16FF6},
  {0x17000, 0x18CD5},
  {0x18CFF, 0x18D1E},
  {0x18D80, 0x18DF2},
  {0x1AFF0, 0x1AFF3},
  {0x1AFF5, 0x1AFFB},
  {0x1AFFD, 0x1AFFE},
  {0x1B000, 0x1B122},
  {0x1B132, 0x1B132},
  {0x1B150, 0x1B152},
  {0x1B155, 0x1B155},
  {0x1B164, 0x1B167},
  {0x1B170, 0x1B2FB},
  {0x1BC00, 0x1BC6A},
  {0x1BC70, 0x1BC7C},
  {0x1BC80, 0x1BC88},
  {0x1BC90, 0x1BC99},
  {0x1BC9D, 0x1BC9E},
  {0x1CCF0, 0x1CCF9},
  {0x1CF00, 0x1CF2D},
  {0x1CF30, 0x1CF46},
  {0x1D165, 0x1D169},
  {0x1D16D, 0x1D172},
  {0x1D17B, 0x1D182},
  {0x1D185, 0x1D18B},
  {0x1D1AA, 0x1D1AD},
  {0x1D242, 0x1D244},
  {0x1D400, 0x1D454},
  {0x1D456, 0x1D49C},
  {0x1D49E, 0x1D49F},
  {0x1D4A2, 0x1D4A2},
  {0x1D4A5, 0x1D4A6},
  {0x1D4A9, 0x1D4AC},
  {0x1D4AE, 0x1D4B9},
  {0x1D4BB, 0x1D4BB},
  {0x1D4BD, 0x1D4C3},
  {0x1D4C5, 0x1D505},
  {0x1D507, 0x1D50A},
  {0x1D50D, 0x1D514},
  {0x1D516, 0x1D51C},
  {0x1D51E, 0x1D539},
  {0x1D53B, 0x1D53E},
  {0x1D540, 0x1D544},
  {0x1D546, 0x1D546},
  {0x1D54A, 0x1D550},
  {0x1D552, 0x1D6A5},
  {0x1D6A8, 0x1D6C0},
  {0x1D6C2, 0x1D6DA},
  {0x1D6DC, 0x1D6FA},
  {0x1D6FC, 0x1D714},
  {0x1D716, 0x1D734},
  {0x1D736, 0x1D74E},
  {0x1D750, 0x1D76E},
  {0x1D770, 0x1D788},
  {0x1D78A, 0x1D7A8},
  {0x1D7AA, 0x1D7C2},
  {0x1D7C4, 0x1D7CB},
  {0x1D7CE, 0x1D7FF},
  {0x1DA00, 0x1DA36},
  {0x1DA3B, 0x1DA6C},
  {0x1DA75, 0x1DA75},
  {0x1DA84, 0x1DA84},
  {0x1DA9B, 0x1DA9F},
  {0x1DAA1, 0x1DAAF},
  {0x1DF00, 0x1DF1E},
  {0x1DF25, 0x1DF2A},
  {0x1E000, 0x1E006},
  {0x1E008, 0x1E018},
  {0x1E01B, 0x1E021},
  {0x1E023, 0x1E024},
  {0x1E026, 0x1E02A},
  {0x1E030, 0x1E06D},
  {0x1E08F, 0x1E08F},
  {0x1E100, 0x1E12C},
  {0x1E130, 0x1E13D},
  {0x1E140, 0x1E149},
  {0x1E14E, 0x1E14E},
  {0x1E290, 0x1E2AE},
  {0x1E2C0, 0x1E2F9},
  {0x1E4D0, 0x1E4F9},
  {0x1E5D0, 0x1E5FA},
  {0x1E6C0, 0x1E6DE},
  {0x1E6E0, 0x1E6F5},
  {0x1E6FE, 0x1E6FF},
  {0x1E7E0, 0x1E7E6},
  {0x1E7E8, 0x1E7EB},
  {0x1E7ED, 0x1E7EE},
  {0x1E7F0, 0x1E7FE},
  {0x1E800, 0x1E8C4},
  {0x1E8D0, 0x1E8D6},
  {0x1E900, 0x1E94B},
  {0x1E950, 0x1E959},
  {0x1EE00, 0x1EE03},
  {0x1EE05, 0x1EE1F},
  {0x1EE21, 0x1EE22},
  {0x1EE24, 0x1EE24},
  {0x1EE27, 0x1EE27},
  {0x1EE29, 0x1EE32},
  {0x1EE34, 0x1EE37},
  {0x1EE39, 0x1EE39},
  {0x1EE3B, 0x1EE3B},
  {0x1EE42, 0x1EE42},
  {0x1EE47, 0x1EE47},
  {0x1EE49, 0x1EE49},
  {0x1EE4B, 0x1EE4B},
  {0x1EE4D, 0x1EE4F},
  {0x1EE51, 0x1EE52},
  {0x1EE54, 0x1EE54},
  {0x1EE57, 0x1EE57},
  {0x1EE59, 0x1EE59},
  {0x1EE5B, 0x1EE5B},
  {0x1EE5D, 0x1EE5D},
  {0x1EE5F, 0x1EE5F},
  {0x1EE61, 0x1EE62},
  {0x1EE64, 0x1EE64},
  {0x1EE67, 0x1EE6A},
  {0x1EE6C, 0x1EE72},
  {0x1EE74, 0x1EE77},
  {0x1EE79, 0x1EE7C},
  {0x1EE7E, 0x1EE7E},
  {0x1EE80, 0x1EE89},
  {0x1EE8B, 0x1EE9B},
  {0x1EEA1, 0x1EEA3},
  {0x1EEA5, 0x1EEA9},
  {0x1EEAB, 0x1EEBB},
  {0x1FBF0, 0x1FBF9},
  {0x20000, 0x2A6DF},
  {0x2A700, 0x2B81D},
  {0x2B820, 0x2CEAD},
  {0x2CEB0, 0x2EBE0},
  {0x2EBF0, 0x2EE5D},
  {0x2F800, 0x2FA1D},
  {0x30000, 0x3134A},
  {0x31350, 0x33479},
  {0xE0100, 0xE01EF},
  {0x0041, 0x005A},
  {0x0061, 0x007A},
  {0x00AA, 0x00AA},
  {0x00B5, 0x00B5},
  {0x00BA, 0x00BA},
  {0x00C0, 0x00D6},
  {0x00D8, 0x00F6},
  {0x00F8, 0x02C1},
  {0x02C6, 0x02D1},
  {0x02E0, 0x02E4},
  {0x02EC, 0x02EC},
  {0x02EE, 0x02EE},
  {0x0370, 0x0374},
  {0x0376, 0x0377},
  {0x037A, 0x037D},
  {0x037F, 0x037F},
  {0x0386, 0x0386},
  {0x0388, 0x038A},
  {0x038C, 0x038C},
  {0x038E, 0x03A1},
  {0x03A3, 0x03F5},
  {0x03F7, 0x0481},
  {0x048A, 0x052F},
  {0x0531, 0x0556},
  {0x0559, 0x0559},
  {0x0560, 0x0588},
  {0x05D0, 0x05EA},
  {0x05EF, 0x05F2},
  {0x0620, 0x064A},
  {0x066E, 0x066F},
  {0x0671, 0x06D3},
  {0x06D5, 0x06D5},
  {0x06E5, 0x06E6},
  {0x06EE, 0x06EF},
  {0x06FA, 0x06FC},
  {0x06FF, 0x06FF},
  {0x0710, 0x0710},
  {0x0712, 0x072F},
  {0x074D, 0x07A5},
  {0x07B1, 0x07B1},
  {0x07CA, 0x07EA},
  {0x07F4, 0x07F5},
  {0x07FA, 0x07FA},
  {0x0800, 0x0815},
  {0x081A, 0x081A},
  {0x0824, 0x0824},
  {0x0828, 0x0828},
  {0x0840, 0x0858},
  {0x0860, 0x086A},
  {0x0870, 0x0887},
  {0x0889, 0x088F},
  {0x08A0, 0x08C9},
  {0x0904, 0x0939},
  {0x093D, 0x093D},
  {0x0950, 0x0950},
  {0x0958, 0x0961},
  {0x0971, 0x0980},
  {0x0985, 0x098C},
  {0x098F, 0x0990},
  {0x0993, 0x09A8},
  {0x09AA, 0x09B0},
  {0x09B2, 0x09B2},
  {0x09B6, 0x09B9},
  {0x09BD, 0x09BD},
  {0x09CE, 0x09CE},
  {0x09DC, 0x09DD},
  {0x09DF, 0x09E1},
  {0x09F0, 0x09F1},
  {0x09FC, 0x09FC},
  {0x0A05, 0x0A0A},
  {0x0A0F, 0x0A10},
  {0x0A13, 0x0A28},
  {0x0A2A, 0x0A30},
  {0x0A32, 0x0A33},
  {0x0A35, 0x0A36},
  {0x0A38, 0x0A39},
  {0x0A59, 0x0A5C},
  {0x0A5E, 0x0A5E},
  {0x0A72, 0x0A74},
  {0x0A85, 0x0A8D},
  {0x0A8F, 0x0A91},
  {0x0A93, 0x0AA8},
  {0x0AAA, 0x0AB0},
  {0x0AB2, 0x0AB3},
  {0x0AB5, 0x0AB9},
  {0x0ABD, 0x0ABD},
  {0x0AD0, 0x0AD0},
  {0x0AE0, 0x0AE1},
  {0x0AF9, 0x0AF9},
  {0x0B05, 0x0B0C},
  {0x0B0F, 0x0B10},
  {0x0B13, 0x0B28},
  {0x0B2A, 0x0B30},
  {0x0B32, 0x0B33},
  {0x0B35, 0x0B39},
  {0x0B3D, 0x0B3D},
  {0x0B5C, 0x0B5D},
  {0x0B5F, 0x0B61},
  {0x0B71, 0x0B71},
  {0x0B83, 0x0B83},
  {0x0B85, 0x0B8A},
  {0x0B8E, 0x0B90},
  {0x0B92, 0x0B95},
  {0x0B99, 0x0B9A},
  {0x0B9C, 0x0B9C},
  {0x0B9E, 0x0B9F},
  {0x0BA3, 0x0BA4},
  {0x0BA8, 0x0BAA},
  {0x0BAE, 0x0BB9},
  {0x0BD0, 0x0BD0},
  {0x0C05, 0x0C0C},
  {0x0C0E, 0x0C10},
  {0x0C12, 0x0C28},
  {0x0C2A, 0x0C39},
  {0x0C3D, 0x0C3D},
  {0x0C58, 0x0C5A},
  {0x0C5C, 0x0C5D},
  {0x0C60, 0x0C61},
  {0x0C80, 0x0C80},
  {0x0C85, 0x0C8C},
  {0x0C8E, 0x0C90},
  {0x0C92, 0x0CA8},
  {0x0CAA, 0x0CB3},
  {0x0CB5, 0x0CB9},
  {0x0CBD, 0x0CBD},
  {0x0CDC, 0x0CDE},
  {0x0CE0, 0x0CE1},
  {0x0CF1, 0x0CF2},
  {0x0D04, 0x0D0C},
  {0x0D0E, 0x0D10},
  {0x0D12, 0x0D3A},
  {0x0D3D, 0x0D3D},
  {0x0D4E, 0x0D4E},
  {0x0D54, 0x0D56},
  {0x0D5F, 0x0D61},
  {0x0D7A, 0x0D7F},
  {0x0D85, 0x0D96},
  {0x0D9A, 0x0DB1},
  {0x0DB3, 0x0DBB},
  {0x0DBD, 0x0DBD},
  {0x0DC0, 0x0DC6},
  {0x0E01, 0x0E30},
  {0x0E32, 0x0E33},
  {0x0E40, 0x0E46},
  {0x0E81, 0x0E82},
  {0x0E84, 0x0E84},
  {0x0E86, 0x0E8A},
  {0x0E8C, 0x0EA3},
  {0x0EA5, 0x0EA5},
  {0x0EA7, 0x0EB0},
  {0x0EB2, 0x0EB3},
  {0x0EBD, 0x0EBD},
  {0x0EC0, 0x0EC4},
  {0x0EC6, 0x0EC6},
  {0x0EDC, 0x0EDF},
  {0x0F00, 0x0F00},
  {0x0F40, 0x0F47},
  {0x0F49, 0x0F6C},
  {0x0F88, 0x0F8C},
  {0x1000, 0x102A},
  {0x103F, 0x103F},
  {0x1050, 0x1055},
  {0x105A, 0x105D},
  {0x1061, 0x1061},
  {0x1065, 0x1066},
  {0x106E, 0x1070},
  {0x1075, 0x1081},
  {0x108E, 0x108E},
  {0x10A0, 0x10C5},
  {0x10C7, 0x10C7},
  {0x10CD, 0x10CD},
  {0x10D0, 0x10FA},
  {0x10FC, 0x1248},
  {0x124A, 0x124D},
  {0x1250, 0x1256},
  {0x1258, 0x1258},
  {0x125A, 0x125D},
  {0x1260, 0x1288},
  {0x128A, 0x128D},
  {0x1290, 0x12B0},
  {0x12B2, 0x12B5},
  {0x12B8, 0x12BE},
  {0x12C0, 0x12C0},
  {0x12C2, 0x12C5},
  {0x12C8, 0x12D6},
  {0x12D8, 0x1310},
  {0x1312, 0x1315},
  {0x1318, 0x135A},
  {0x1380, 0x138F},
  {0x13A0, 0x13F5},
  {0x13F8, 0x13FD},
  {0x1401, 0x166C},
  {0x166F, 0x167F},
  {0x1681, 0x169A},
  {0x16A0, 0x16EA},
  {0x16EE, 0x16F8},
  {0x1700, 0x1711},
  {0x171F, 0x1731},
  {0x1740, 0x1751},
  {0x1760, 0x176C},
  {0x176E, 0x1770},
  {0x1780, 0x17B3},
  {0x17D7, 0x17D7},
  {0x17DC, 0x17DC},
  {0x1820, 0x1878},
  {0x1880, 0x18A8},
  {0x18AA, 0x18AA},
  {0x18B0, 0x18F5},
  {0x1900, 0x191E},
  {0x1950, 0x196D},
  {0x1970, 0x1974},
  {0x1980, 0x19AB},
  {0x19B0, 0x19C9},
  {0x1A00, 0x1A16},
  {0x1A20, 0x1A54},
  {0x1AA7, 0x1AA7},
  {0x1B05, 0x1B33},
  {0x1B45, 0x1B4C},
  {0x1B83, 0x1BA0},
  {0x1BAE, 0x1BAF},
  {0x1BBA, 0x1BE5},
  {0x1C00, 0x1C23},
  {0x1C4D, 0x1C4F},
  {0x1C5A, 0x1C7D},
  {0x1C80, 0x1C8A},
  {0x1C90, 0x1CBA},
  {0x1CBD, 0x1CBF},
  {0x1CE9, 0x1CEC},
  {0x1CEE, 0x1CF3},
  {0x1CF5, 0x1CF6},
  {0x1CFA, 0x1CFA},
  {0x1D00, 0x1DBF},
  {0x1E00, 0x1F15},
  {0x1F18, 0x1F1D},
  {0x1F20, 0x1F45},
  {0x1F48, 0x1F4D},
  {0x1F50, 0x1F57},
  {0x1F59, 0x1F59},
  {0x1F5B, 0x1F5B},
  {0x1F5D, 0x1F5D},
  {0x1F5F, 0x1F7D},
  {0x1F80, 0x1FB4},
  {0x1FB6, 0x1FBC},
  {0x1FBE, 0x1FBE},
  {0x1FC2, 0x1FC4},
  {0x1FC6, 0x1FCC},
  {0x1FD0, 0x1FD3},
  {0x1FD6, 0x1FDB},
  {0x1FE0, 0x1FEC},
  {0x1FF2, 0x1FF4},
  {0x1FF6, 0x1FFC},
  {0x2071, 0x2071},
  {0x207F, 0x207F},
  {0x2090, 0x209C},
  {0x2102, 0x2102},
  {0x2107, 0x2107},
  {0x210A, 0x2113},
  {0x2115, 0x2115},
  {0x2118, 0x211D},
  {0x2124, 0x2124},
  {0x2126, 0x2126},
  {0x2128, 0x2128},
  {0x212A, 0x2139},
  {0x213C, 0x213F},
  {0x2145, 0x2149},
  {0x214E, 0x214E},
  {0x2160, 0x2188},
  {0x2C00, 0x2CE4},
  {0x2CEB, 0x2CEE},
  {0x2CF2, 0x2CF3},
  {0x2D00, 0x2D25},
  {0x2D27, 0x2D27},
  {0x2D2D, 0x2D2D},
  {0x2D30, 0x2D67},
  {0x2D6F, 0x2D6F},
  {0x2D80, 0x2D96},
  {0x2DA0, 0x2DA6},
  {0x2DA8, 0x2DAE},
  {0x2DB0, 0x2DB6},
  {0x2DB8, 0x2DBE},
  {0x2DC0, 0x2DC6},
  {0x2DC8, 0x2DCE},
  {0x2DD0, 0x2DD6},
  {0x2DD8, 0x2DDE},
  {0x3005, 0x3007},
  {0x3021, 0x3029},
  {0x3031, 0x3035},
  {0x3038, 0x303C},
  {0x3041, 0x3096},
  {0x309B, 0x309F},
  {0x30A1, 0x30FA},
  {0x30FC, 0x30FF},
  {0x3105, 0x312F},
  {0x3131, 0x318E},
  {0x31A0, 0x31BF},
  {0x31F0, 0x31FF},
  {0x3400, 0x4DBF},
  {0x4E00, 0xA48C},
  {0xA4D0, 0xA4FD},
  {0xA500, 0xA60C},
  {0xA610, 0xA61F},
  {0xA62A, 0xA62B},
  {0xA640, 0xA66E},
  {0xA67F, 0xA69D},
  {0xA6A0, 0xA6EF},
  {0xA717, 0xA71F},
  {0xA722, 0xA788},
  {0xA78B, 0xA7DC},
  {0xA7F1, 0xA801},
  {0xA803, 0xA805},
  {0xA807, 0xA80A},
  {0xA80C, 0xA822},
  {0xA840, 0xA873},
  {0xA882, 0xA8B3},
  {0xA8F2, 0xA8F7},
  {0xA8FB, 0xA8FB},
  {0xA8FD, 0xA8FE},
  {0xA90A, 0xA925},
  {0xA930, 0xA946},
  {0xA960, 0xA97C},
  {0xA984, 0xA9B2},
  {0xA9CF, 0xA9CF},
  {0xA9E0, 0xA9E4},
  {0xA9E6, 0xA9EF},
  {0xA9FA, 0xA9FE},
  {0xAA00, 0xAA28},
  {0xAA40, 0xAA42},
  {0xAA44, 0xAA4B},
  {0xAA60, 0xAA76},
  {0xAA7A, 0xAA7A},
  {0xAA7E, 0xAAAF},
  {0xAAB1, 0xAAB1},
  {0xAAB5, 0xAAB6},
  {0xAAB9, 0xAABD},
  {0xAAC0, 0xAAC0},
  {0xAAC2, 0xAAC2},
  {0xAADB, 0xAADD},
  {0xAAE0, 0xAAEA},
  {0xAAF2, 0xAAF4},
  {0xAB01, 0xAB06},
  {0xAB09, 0xAB0E},
  {0xAB11, 0xAB16},
  {0xAB20, 0xAB26},
  {0xAB28, 0xAB2E},
  {0xAB30, 0xAB5A},
  {0xAB5C, 0xAB69},
  {0xAB70, 0xABE2},
  {0xAC00, 0xD7A3},
  {0xD7B0, 0xD7C6},
  {0xD7CB, 0xD7FB},
  {0xF900, 0xFA6D},
  {0xFA70, 0xFAD9},
  {0xFB00, 0xFB06},
  {0xFB13, 0xFB17},
  {0xFB1D, 0xFB1D},
  {0xFB1F, 0xFB28},
  {0xFB2A, 0xFB36},
  {0xFB38, 0xFB3C},
  {0xFB3E, 0xFB3E},
  {0xFB40, 0xFB41},
  {0xFB43, 0xFB44},
  {0xFB46, 0xFBB1},
  {0xFBD3, 0xFD3D},
  {0xFD50, 0xFD8F},
  {0xFD92, 0xFDC7},
  {0xFDF0, 0xFDFB},
  {0xFE70, 0xFE74},
  {0xFE76, 0xFEFC},
  {0xFF21, 0xFF3A},
  {0xFF41, 0xFF5A},
  {0xFF66, 0xFFBE},
  {0xFFC2, 0xFFC7},
  {0xFFCA, 0xFFCF},
  {0xFFD2, 0xFFD7},
  {0xFFDA, 0xFFDC},
  {0x10000, 0x1000B},
  {0x1000D, 0x10026},
  {0x10028, 0x1003A},
  {0x1003C, 0x1003D},
  {0x1003F, 0x1004D},
  {0x10050, 0x1005D},
  {0x10080, 0x100FA},
  {0x10140, 0x10174},
  {0x10280, 0x1029C},
  {0x102A0, 0x102D0},
  {0x10300, 0x1031F},
  {0x1032D, 0x1034A},
  {0x10350, 0x10375},
  {0x10380, 0x1039D},
  {0x103A0, 0x103C3},
  {0x103C8, 0x103CF},
  {0x103D1, 0x103D5},
  {0x10400, 0x1049D},
  {0x104B0, 0x104D3},
  {0x104D8, 0x104FB},
  {0x10500, 0x10527},
  {0x10530, 0x10563},
  {0x10570, 0x1057A},
  {0x1057C, 0x1058A},
  {0x1058C, 0x10592},
  {0x10594, 0x10595},
  {0x10597, 0x105A1},
  {0x105A3, 0x105B1},
  {0x105B3, 0x105B9},
  {0x105BB, 0x105BC},
  {0x105C0, 0x105F3},
  {0x10600, 0x10736},
  {0x10740, 0x10755},
  {0x10760, 0x10767},
  {0x10780, 0x10785},
  {0x10787, 0x107B0},
  {0x107B2, 0x107BA},
  {0x10800, 0x10805},
  {0x10808, 0x10808},
  {0x1080A, 0x10835},
  {0x10837, 0x10838},
  {0x1083C, 0x1083C},
  {0x1083F, 0x10855},
  {0x10860, 0x10876},
  {0x10880, 0x1089E},
  {0x108E0, 0x108F2},
  {0x108F4, 0x108F5},
  {0x10900, 0x10915},
  {0x10920, 0x10939},
  {0x10940, 0x10959},
  {0x10980, 0x109B7},
  {0x109BE, 0x109BF},
  {0x10A00, 0x10A00},
  {0x10A10, 0x10A13},
  {0x10A15, 0x10A17},
  {0x10A19, 0x10A35},
  {0x10A60, 0x10A7C},
  {0x10A80, 0x10A9C},
  {0x10AC0, 0x10AC7},
  {0x10AC9, 0x10AE4},
  {0x10B00, 0x10B35},
  {0x10B40, 0x10B55},
  {0x10B60, 0x10B72},
  {0x10B80, 0x10B91},
  {0x10C00, 0x10C48},
  {0x10C80, 0x10CB2},
  {0x10CC0, 0x10CF2},
  {0x10D00, 0x10D23},
  {0x10D4A, 0x10D65},
  {0x10D6F, 0x10D85},
  {0x10E80, 0x10EA9},
  {0x10EB0, 0x10EB1},
  {0x10EC2, 0x10EC7},
  {0x10F00, 0x10F1C},
  {0x10F27, 0x10F27},
  {0x10F30, 0x10F45},
  {0x10F70, 0x10F81},
  {0x10FB0, 0x10FC4},
  {0x10FE0, 0x10FF6},
  {0x11003, 0x11037},
  {0x11071, 0x11072},
  {0x11075, 0x11075},
  {0x11083, 0x110AF},
  {0x110D0, 0x110E8},
  {0x11103, 0x11126},
  {0x11144, 0x11144},
  {0x11147, 0x11147},
  {0x11150, 0x11172},
  {0x11176, 0x11176},
  {0x11183, 0x111B2},
  {0x111C1, 0x111C4},
  {0x111DA, 0x111DA},
  {0x111DC, 0x111DC},
  {0x11200, 0x11211},
  {0x11213, 0x1122B},
  {0x1123F, 0x11240},
  {0x11280, 0x11286},
  {0x11288, 0x11288},
  {0x1128A, 0x1128D},
  {0x1128F, 0x1129D},
  {0x1129F, 0x112A8},
  {0x112B0, 0x112DE},
  {0x11305, 0x1130C},
  {0x1130F, 0x11310},
  {0x11313, 0x11328},
  {0x1132A, 0x11330},
  {0x11332, 0x11333},
  {0x11335, 0x11339},
  {0x1133D, 0x1133D},
  {0x11350, 0x11350},
  {0x1135D, 0x11361},
  {0x11380, 0x11389},
  {0x1138B, 0x1138B},
  {0x1138E, 0x1138E},
  {0x11390, 0x113B5},
  {0x113B7, 0x113B7},
  {0x113D1, 0x113D1},
  {0x113D3, 0x113D3},
  {0x11400, 0x11434},
  {0x11447, 0x1144A},
  {0x1145F, 0x11461},
  {0x11480, 0x114AF},
  {0x114C4, 0x114C5},
  {0x114C7, 0x114C7},
  {0x11580, 0x115AE},
  {0x115D8, 0x115DB},
  {0x11600, 0x1162F},
  {0x11644, 0x11644},
  {0x11680, 0x116AA},
  {0x116B8, 0x116B8},
  {0x11700, 0x1171A},
  {0x11740, 0x11746},
  {0x11800, 0x1182B},
  {0x118A0, 0x118DF},
  {0x118FF, 0x11906},
  {0x11909, 0x11909},
  {0x1190C, 0x11913},
  {0x11915, 0x11916},
  {0x11918, 0x1192F},
  {0x1193F, 0x1193F},
  {0x11941, 0x11941},
  {0x119A0, 0x119A7},
  {0x119AA, 0x119D0},
  {0x119E1, 0x119E1},
  {0x119E3, 0x119E3},
  {0x11A00, 0x11A00},
  {0x11A0B, 0x11A32},
  {0x11A3A, 0x11A3A},
  {0x11A50, 0x11A50},
  {0x11A5C, 0x11A89},
  {0x11A9D, 0x11A9D},
  {0x11AB0, 0x11AF8},
  {0x11BC0, 0x11BE0},
  {0x11C00, 0x11C08},
  {0x11C0A, 0x11C2E},
  {0x11C40, 0x11C40},
  {0x11C72, 0x11C8F},
  {0x11D00, 0x11D06},
  {0x11D08, 0x11D09},
  {0x11D0B, 0x11D30},
  {0x11D46, 0x11D46},
  {0x11D60, 0x11D65},
  {0x11D67, 0x11D68},
  {0x11D6A, 0x11D89},
  {0x11D98, 0x11D98},
  {0x11DB0, 0x11DDB},
  {0x11EE0, 0x11EF2},
  {0x11F02, 0x11F02},
  {0x11F04, 0x11F10},
  {0x11F12, 0x11F33},
  {0x11FB0, 0x11FB0},
  {0x12000, 0x12399},
  {0x12400, 0x1246E},
  {0x12480, 0x12543},
  {0x12F90, 0x12FF0},
  {0x13000, 0x1342F},
  {0x13441, 0x13446},
  {0x13460, 0x143FA},
  {0x14400, 0x14646},
  {0x16100, 0x1611D},
  {0x16800, 0x16A38},
  {0x16A40, 0x16A5E},
  {0x16A70, 0x16ABE},
  {0x16AD0, 0x16AED},
  {0x16B00, 0x16B2F},
  {0x16B40, 0x16B43},
  {0x16B63, 0x16B77},
  {0x16B7D, 0x16B8F},
  {0x16D40, 0x16D6C},
  {0x16E40, 0x16E7F},
  {0x16EA0, 0x16EB8},
  {0x16EBB, 0x16ED3},
  {0x16F00, 0x16F4A},
  {0x16F50, 0x16F50},
  {0x16F93, 0x16F9F},
  {0x16FE0, 0x16FE1},
  {0x16FE3, 0x16FE3},
  {0x16FF2, 0x16FF6},
  {0x17000, 0x18CD5},
  {0x18CFF, 0x18D1E},
  {0x18D80, 0x18DF2},
  {0x1AFF0, 0x1AFF3},
  {0x1AFF5, 0x1AFFB},
  {0x1AFFD, 0x1AFFE},
  {0x1B000, 0x1B122},
  {0x1B132, 0x1B132},
  {0x1B150, 0x1B152},
  {0x1B155, 0x1B155},
  {0x1B164, 0x1B167},
  {0x1B170, 0x1B2FB},
  {0x1BC00, 0x1BC6A},
  {0x1BC70, 0x1BC7C},
  {0x1BC80, 0x1BC88},
  {0x1BC90, 0x1BC99},
  {0x1D400, 0x1D454},
  {0x1D456, 0x1D49C},
  {0x1D49E, 0x1D49F},
  {0x1D4A2, 0x1D4A2},
  {0x1D4A5, 0x1D4A6},
  {0x1D4A9, 0x1D4AC},
  {0x1D4AE, 0x1D4B9},
  {0x1D4BB, 0x1D4BB},
  {0x1D4BD, 0x1D4C3},
  {0x1D4C5, 0x1D505},
  {0x1D507, 0x1D50A},
  {0x1D50D, 0x1D514},
  {0x1D516, 0x1D51C},
  {0x1D51E, 0x1D539},
  {0x1D53B, 0x1D53E},
  {0x1D540, 0x1D544},
  {0x1D546, 0x1D546},
  {0x1D54A, 0x1D550},
  {0x1D552, 0x1D6A5},
  {0x1D6A8, 0x1D6C0},
  {0x1D6C2, 0x1D6DA},
  {0x1D6DC, 0x1D6FA},
  {0x1D6FC, 0x1D714},
  {0x1D716, 0x1D734},
  {0x1D736, 0x1D74E},
  {0x1D750, 0x1D76E},
  {0x1D770, 0x1D788},
  {0x1D78A, 0x1D7A8},
  {0x1D7AA, 0x1D7C2},
  {0x1D7C4, 0x1D7CB},
  {0x1DF00, 0x1DF1E},
  {0x1DF25, 0x1DF2A},
  {0x1E030, 0x1E06D},
  {0x1E100, 0x1E12C},
  {0x1E137, 0x1E13D},
  {0x1E14E, 0x1E14E},
  {0x1E290, 0x1E2AD},
  {0x1E2C0, 0x1E2EB},
  {0x1E4D0, 0x1E4EB},
  {0x1E5D0, 0x1E5ED},
  {0x1E5F0, 0x1E5F0},
  {0x1E6C0, 0x1E6DE},
  {0x1E6E0, 0x1E6E2},
  {0x1E6E4, 0x1E6E5},
  {0x1E6E7, 0x1E6ED},
  {0x1E6F0, 0x1E6F4},
  {0x1E6FE, 0x1E6FF},
  {0x1E7E0, 0x1E7E6},
  {0x1E7E8, 0x1E7EB},
  {0x1E7ED, 0x1E7EE},
  {0x1E7F0, 0x1E7FE},
  {0x1E800, 0x1E8C4},
  {0x1E900, 0x1E943},
  {0x1E94B, 0x1E94B},
  {0x1EE00, 0x1EE03},
  {0x1EE05, 0x1EE1F},
  {0x1EE21, 0x1EE22},
  {0x1EE24, 0x1EE24},
  {0x1EE27, 0x1EE27},
  {0x1EE29, 0x1EE32},
  {0x1EE34, 0x1EE37},
  {0x1EE39, 0x1EE39},
  {0x1EE3B, 0x1EE3B},
  {0x1EE42, 0x1EE42},
  {0x1EE47, 0x1EE47},
  {0x1EE49, 0x1EE49},
  {0x1EE4B, 0x1EE4B},
  {0x1EE4D, 0x1EE4F},
  {0x1EE51, 0x1EE52},
  {0x1EE54, 0x1EE54},
  {0x1EE57, 0x1EE57},
  {0x1EE59, 0x1EE59},
  {0x1EE5B, 0x1EE5B},
  {0x1EE5D, 0x1EE5D},
  {0x1EE5F, 0x1EE5F},
  {0x1EE61, 0x1EE62},
  {0x1EE64, 0x1EE64},
  {0x1EE67, 0x1EE6A},
  {0x1EE6C, 0x1EE72},
  {0x1EE74, 0x1EE77},
  {0x1EE79, 0x1EE7C},
  {0x1EE7E, 0x1EE7E},
  {0x1EE80, 0x1EE89},
  {0x1EE8B, 0x1EE9B},
  {0x1EEA1, 0x1EEA3},
  {0x1EEA5, 0x1EEA9},
  {0x1EEAB, 0x1EEBB},
  {0x20000, 0x2A6DF},
  {0x2A700, 0x2B81D},
  {0x2B820, 0x2CEAD},
  {0x2CEB0, 0x2EBE0},
  {0x2EBF0, 0x2EE5D},
  {0x2F800, 0x2FA1D},
  {0x30000, 0x3134A},
  {0x31350, 0x33479},
  {0x3006, 0x3007},
  {0x3021, 0x3029},
  {0x3038, 0x303A},
  {0x3400, 0x4DBF},
  {0x4E00, 0x9FFF},
  {0xF900, 0xFA6D},
  {0xFA70, 0xFAD9},
  {0x16FE4, 0x16FE4},
  {0x16FF2, 0x16FF6},
  {0x17000, 0x18CD5},
  {0x18CFF, 0x18D1E},
  {0x18D80, 0x18DF2},
  {0x1B170, 0x1B2FB},
  {0x20000, 0x2A6DF},
  {0x2A700, 0x2B81D},
  {0x2B820, 0x2CEAD},
  {0x2CEB0, 0x2EBE0},
  {0x2EBF0, 0x2EE5D},
  {0x2F800, 0x2FA1D},
  {0x30000, 0x3134A},
  {0x31350, 0x33479},
  {0x200C, 0x200D},
  {0x0E40, 0x0E44},
  {0x0EC0, 0x0EC4},
  {0x19B5, 0x19B7},
  {0x19BA, 0x19BA},
  {0xAAB5, 0xAAB6},
  {0xAAB9, 0xAAB9},
  {0xAABB, 0xAABC},
  {0x0061, 0x007A},
  {0x00AA, 0x00AA},
  {0x00B5, 0x00B5},
  {0x00BA, 0x00BA},
  {0x00DF, 0x00F6},
  {0x00F8, 0x00FF},
  {0x0101, 0x0101},
  {0x0103, 0x0103},
  {0x0105, 0x0105},
  {0x0107, 0x0107},
  {0x0109, 0x0109},
  {0x010B, 0x010B},
  {0x010D, 0x010D},
  {0x010F, 0x010F},
  {0x0111, 0x0111},
  {0x0113, 0x0113},
  {0x0115, 0x0115},
  {0x0117, 0x0117},
  {0x0119, 0x0119},
  {0x011B, 0x011B},
  {0x011D, 0x011D},
  {0x011F, 0x011F},
  {0x0121, 0x0121},
  {0x0123, 0x0123},
  {0x0125, 0x0125},
  {0x0127, 0x0127},
  {0x0129, 0x0129},
  {0x012B, 0x012B},
  {0x012D, 0x012D},
  {0x012F, 0x012F},
  {0x0131, 0x0131},
  {0x0133, 0x0133},
  {0x0135, 0x0135},
  {0x0137, 0x0138},
  {0x013A, 0x013A},
  {0x013C, 0x013C},
  {0x013E, 0x013E},
  {0x0140, 0x0140},
  {0x0142, 0x0142},
  {0x0144, 0x0144},
  {0x0146, 0x0146},
  {0x0148, 0x0149},
  {0x014B, 0x014B},
  {0x014D, 0x014D},
  {0x014F, 0x014F},
  {0x0151, 0x0151},
  {0x0153, 0x0153},
  {0x0155, 0x0155},
  {0x0157, 0x0157},
  {0x0159, 0x0159},
  {0x015B, 0x015B},
  {0x015D, 0x015D},
  {0x015F, 0x015F},
  {0x0161, 0x0161},
  {0x0163, 0x0163},
  {0x0165, 0x0165},
  {0x0167, 0x0167},
  {0x0169, 0x0169},
  {0x016B, 0x016B},
  {0x016D, 0x016D},
  {0x016F, 0x016F},
  {0x0171, 0x0171},
  {0x0173, 0x0173},
  {0x0175, 0x0175},
  {0x0177, 0x0177},
  {0x017A, 0x017A},
  {0x017C, 0x017C},
  {0x017E, 0x0180},
  {0x0183, 0x0183},
  {0x0185, 0x0185},
  {0x0188, 0x0188},
  {0x018C, 0x018D},
  {0x0192, 0x0192},
  {0x0195, 0x0195},
  {0x0199, 0x019B},
  {0x019E, 0x019E},
  {0x01A1, 0x01A1},
  {0x01A3, 0x01A3},
  {0x01A5, 0x01A5},
  {0x01A8, 0x01A8},
  {0x01AA, 0x01AB},
  {0x01AD, 0x01AD},
  {0x01B0, 0x01B0},
  {0x01B4, 0x01B4},
  {0x01B6, 0x01B6},
  {0x01B9, 0x01BA},
  {0x01BD, 0x01BF},
  {0x01C6, 0x01C6},
  {0x01C9, 0x01C9},
  {0x01CC, 0x01CC},
  {0x01CE, 0x01CE},
  {0x01D0, 0x01D0},
  {0x01D2, 0x01D2},
  {0x01D4, 0x01D4},
  {0x01D6, 0x01D6},
  {0x01D8, 0x01D8},
  {0x01DA, 0x01DA},
  {0x01DC, 0x01DD},
  {0x01DF, 0x01DF},
  {0x01E1, 0x01E1},
  {0x01E3, 0x01E3},
  {0x01E5, 0x01E5},
  {0x01E7, 0x01E7},
  {0x01E9, 0x01E9},
  {0x01EB, 0x01EB},
  {0x01ED, 0x01ED},
  {0x01EF, 0x01F0},
  {0x01F3, 0x01F3},
  {0x01F5, 0x01F5},
  {0x01F9, 0x01F9},
  {0x01FB, 0x01FB},
  {0x01FD, 0x01FD},
  {0x01FF, 0x01FF},
  {0x0201, 0x0201},
  {0x0203, 0x0203},
  {0x0205, 0x0205},
  {0x0207, 0x0207},
  {0x0209, 0x0209},
  {0x020B, 0x020B},
  {0x020D, 0x020D},
  {0x020F, 0x020F},
  {0x0211, 0x0211},
  {0x0213, 0x0213},
  {0x0215, 0x0215},
  {0x0217, 0x0217},
  {0x0219, 0x0219},
  {0x021B, 0x021B},
  {0x021D, 0x021D},
  {0x021F, 0x021F},
  {0x0221, 0x0221},
  {0x0223, 0x0223},
  {0x0225, 0x0225},
  {0x0227, 0x0227},
  {0x0229, 0x0229},
  {0x022B, 0x022B},
  {0x022D, 0x022D},
  {0x022F, 0x022F},
  {0x0231, 0x0231},
  {0x0233, 0x0239},
  {0x023C, 0x023C},
  {0x023F, 0x0240},
  {0x0242, 0x0242},
  {0x0247, 0x0247},
  {0x0249, 0x0249},
  {0x024B, 0x024B},
  {0x024D, 0x024D},
  {0x024F, 0x0293},
  {0x0296, 0x02B8},
  {0x02C0, 0x02C1},
  {0x02E0, 0x02E4},
  {0x0345, 0x0345},
  {0x0371, 0x0371},
  {0x0373, 0x0373},
  {0x0377, 0x0377},
  {0x037A, 0x037D},
  {0x0390, 0x0390},
  {0x03AC, 0x03CE},
  {0x03D0, 0x03D1},
  {0x03D5, 0x03D7},
  {0x03D9, 0x03D9},
  {0x03DB, 0x03DB},
  {0x03DD, 0x03DD},
  {0x03DF, 0x03DF},
  {0x03E1, 0x03E1},
  {0x03E3, 0x03E3},
  {0x03E5, 0x03E5},
  {0x03E7, 0x03E7},
  {0x03E9, 0x03E9},
  {0x03EB, 0x03EB},
  {0x03ED, 0x03ED},
  {0x03EF, 0x03F3},
  {0x03F5, 0x03F5},
  {0x03F8, 0x03F8},
  {0x03FB, 0x03FC},
  {0x0430, 0x045F},
  {0x0461, 0x0461},
  {0x0463, 0x0463},
  {0x0465, 0x0465},
  {0x0467, 0x0467},
  {0x0469, 0x0469},
  {0x046B, 0x046B},
  {0x046D, 0x046D},
  {0x046F, 0x046F},
  {0x0471, 0x0471},
  {0x0473, 0x0473},
  {0x0475, 0x0475},
  {0x0477, 0x0477},
  {0x0479, 0x0479},
  {0x047B, 0x047B},
  {0x047D, 0x047D},
  {0x047F, 0x047F},
  {0x0481, 0x0481},
  {0x048B, 0x048B},
  {0x048D, 0x048D},
  {0x048F, 0x048F},
  {0x0491, 0x0491},
  {0x0493, 0x0493},
  {0x0495, 0x0495},
  {0x0497, 0x0497},
  {0x0499, 0x0499},
  {0x049B, 0x049B},
  {0x049D, 0x049D},
  {0x049F, 0x049F},
  {0x04A1, 0x04A1},
  {0x04A3, 0x04A3},
  {0x04A5, 0x04A5},
  {0x04A7, 0x04A7},
  {0x04A9, 0x04A9},
  {0x04AB, 0x04AB},
  {0x04AD, 0x04AD},
  {0x04AF, 0x04AF},
  {0x04B1, 0x04B1},
  {0x04B3, 0x04B3},
  {0x04B5, 0x04B5},
  {0x04B7, 0x04B7},
  {0x04B9, 0x04B9},
  {0x04BB, 0x04BB},
  {0x04BD, 0x04BD},
  {0x04BF, 0x04BF},
  {0x04C2, 0x04C2},
  {0x04C4, 0x04C4},
  {0x04C6, 0x04C6},
  {0x04C8, 0x04C8},
  {0x04CA, 0x04CA},
  {0x04CC, 0x04CC},
  {0x04CE, 0x04CF},
  {0x04D1, 0x04D1},
  {0x04D3, 0x04D3},
  {0x04D5, 0x04D5},
  {0x04D7, 0x04D7},
  {0x04D9, 0x04D9},
  {0x04DB, 0x04DB},
  {0x04DD, 0x04DD},
  {0x04DF, 0x04DF},
  {0x04E1, 0x04E1},
  {0x04E3, 0x04E3},
  {0x04E5, 0x04E5},
  {0x04E7, 0x04E7},
  {0x04E9, 0x04E9},
  {0x04EB, 0x04EB},
  {0x04ED, 0x04ED},
  {0x04EF, 0x04EF},
  {0x04F1, 0x04F1},
  {0x04F3, 0x04F3},
  {0x04F5, 0x04F5},
  {0x04F7, 0x04F7},
  {0x04F9, 0x04F9},
  {0x04FB, 0x04FB},
  {0x04FD, 0x04FD},
  {0x04FF, 0x04FF},
  {0x0501, 0x0501},
  {0x0503, 0x0503},
  {0x0505, 0x0505},
  {0x0507, 0x0507},
  {0x0509, 0x0509},
  {0x050B, 0x050B},
  {0x050D, 0x050D},
  {0x050F, 0x050F},
  {0x0511, 0x0511},
  {0x0513, 0x0513},
  {0x0515, 0x0515},
  {0x0517, 0x0517},
  {0x0519, 0x0519},
  {0x051B, 0x051B},
  {0x051D, 0x051D},
  {0x051F, 0x051F},
  {0x0521, 0x0521},
  {0x0523, 0x0523},
  {0x0525, 0x0525},
  {0x0527, 0x0527},
  {0x0529, 0x0529},
  {0x052B, 0x052B},
  {0x052D, 0x052D},
  {0x052F, 0x052F},
  {0x0560, 0x0588},
  {0x10D0, 0x10FA},
  {0x10FC, 0x10FF},
  {0x13F8, 0x13FD},
  {0x1C80, 0x1C88},
  {0x1C8A, 0x1C8A},
  {0x1D00, 0x1DBF},
  {0x1E01, 0x1E01},
  {0x1E03, 0x1E03},
  {0x1E05, 0x1E05},
  {0x1E07, 0x1E07},
  {0x1E09, 0x1E09},
  {0x1E0B, 0x1E0B},
  {0x1E0D, 0x1E0D},
  {0x1E0F, 0x1E0F},
  {0x1E11, 0x1E11},
  {0x1E13, 0x1E13},
  {0x1E15, 0x1E15},
  {0x1E17, 0x1E17},
  {0x1E19, 0x1E19},
  {0x1E1B, 0x1E1B},
  {0x1E1D, 0x1E1D},
  {0x1E1F, 0x1E1F},
  {0x1E21, 0x1E21},
  {0x1E23, 0x1E23},
  {0x1E25, 0x1E25},
  {0x1E27, 0x1E27},
  {0x1E29, 0x1E29},
  {0x1E2B, 0x1E2B},
  {0x1E2D, 0x1E2D},
  {0x1E2F, 0x1E2F},
  {0x1E31, 0x1E31},
  {0x1E33, 0x1E33},
  {0x1E35, 0x1E35},
  {0x1E37, 0x1E37},
  {0x1E39, 0x1E39},
  {0x1E3B, 0x1E3B},
  {0x1E3D, 0x1E3D},
  {0x1E3F, 0x1E3F},
  {0x1E41, 0x1E41},
  {0x1E43, 0x1E43},
  {0x1E45, 0x1E45},
  {0x1E47, 0x1E47},
  {0x1E49, 0x1E49},
  {0x1E4B, 0x1E4B},
  {0x1E4D, 0x1E4D},
  {0x1E4F, 0x1E4F},
  {0x1E51, 0x1E51},
  {0x1E53, 0x1E53},
  {0x1E55, 0x1E55},
  {0x1E57, 0x1E57},
  {0x1E59, 0x1E59},
  {0x1E5B, 0x1E5B},
  {0x1E5D, 0x1E5D},
  {0x1E5F, 0x1E5F},
  {0x1E61, 0x1E61},
  {0x1E63, 0x1E63},
  {0x1E65, 0x1E65},
  {0x1E67, 0x1E67},
  {0x1E69, 0x1E69},
  {0x1E6B, 0x1E6B},
  {0x1E6D, 0x1E6D},
  {0x1E6F, 0x1E6F},
  {0x1E71, 0x1E71},
  {0x1E73, 0x1E73},
  {0x1E75, 0x1E75},
  {0x1E77, 0x1E77},
  {0x1E79, 0x1E79},
  {0x1E7B, 0x1E7B},
  {0x1E7D, 0x1E7D},
  {0x1E7F, 0x1E7F},
  {0x1E81, 0x1E81},
  {0x1E83, 0x1E83},
  {0x1E85, 0x1E85},
  {0x1E87, 0x1E87},
  {0x1E89, 0x1E89},
  {0x1E8B, 0x1E8B},
  {0x1E8D, 0x1E8D},
  {0x1E8F, 0x1E8F},
  {0x1E91, 0x1E91},
  {0x1E93, 0x1E93},
  {0x1E95, 0x1E9D},
  {0x1E9F, 0x1E9F},
  {0x1EA1, 0x1EA1},
  {0x1EA3, 0x1EA3},
  {0x1EA5, 0x1EA5},
  {0x1EA7, 0x1EA7},
  {0x1EA9, 0x1EA9},
  {0x1EAB, 0x1EAB},
  {0x1EAD, 0x1EAD},
  {0x1EAF, 0x1EAF},
  {0x1EB1, 0x1EB1},
  {0x1EB3, 0x1EB3},
  {0x1EB5, 0x1EB5},
  {0x1EB7, 0x1EB7},
  {0x1EB9, 0x1EB9},
  {0x1EBB, 0x1EBB},
  {0x1EBD, 0x1EBD},
  {0x1EBF, 0x1EBF},
  {0x1EC1, 0x1EC1},
  {0x1EC3, 0x1EC3},
  {0x1EC5, 0x1EC5},
  {0x1EC7, 0x1EC7},
  {0x1EC9, 0x1EC9},
  {0x1ECB, 0x1ECB},
  {0x1ECD, 0x1ECD},
  {0x1ECF, 0x1ECF},
  {0x1ED1, 0x1ED1},
  {0x1ED3, 0x1ED3},
  {0x1ED5, 0x1ED5},
  {0x1ED7, 0x1ED7},
  {0x1ED9, 0x1ED9},
  {0x1EDB, 0x1EDB},
  {0x1EDD, 0x1EDD},
  {0x1EDF, 0x1EDF},
  {0x1EE1, 0x1EE1},
  {0x1EE3, 0x1EE3},
  {0x1EE5, 0x1EE5},
  {0x1EE7, 0x1EE7},
  {0x1EE9, 0x1EE9},
  {0x1EEB, 0x1EEB},
  {0x1EED, 0x1EED},
  {0x1EEF, 0x1EEF},
  {0x1EF1, 0x1EF1},
  {0x1EF3, 0x1EF3},
  {0x1EF5, 0x1EF5},
  {0x1EF7, 0x1EF7},
  {0x1EF9, 0x1EF9},
  {0x1EFB, 0x1EFB},
  {0x1EFD, 0x1EFD},
  {0x1EFF, 0x1F07},
  {0x1F10, 0x1F15},
  {0x1F20, 0x1F27},
  {0x1F30, 0x1F37},
  {0x1F40, 0x1F45},
  {0x1F50, 0x1F57},
  {0x1F60, 0x1F67},
  {0x1F70, 0x1F7D},
  {0x1F80, 0x1F87},
  {0x1F90, 0x1F97},
  {0x1FA0, 0x1FA7},
  {0x1FB0, 0x1FB4},
  {0x1FB6, 0x1FB7},
  {0x1FBE, 0x1FBE},
  {0x1FC2, 0x1FC4},
  {0x1FC6, 0x1FC7},
  {0x1FD0, 0x1FD3},
  {0x1FD6, 0x1FD7},
  {0x1FE0, 0x1FE7},
  {0x1FF2, 0x1FF4},
  {0x1FF6, 0x1FF7},
  {0x2071, 0x2071},
  {0x207F, 0x207F},
  {0x2090, 0x209C},
  {0x210A, 0x210A},
  {0x210E, 0x210F},
  {0x2113, 0x2113},
  {0x212F, 0x212F},
  {0x2134, 0x2134},
  {0x2139, 0x2139},
  {0x213C, 0x213D},
  {0x2146, 0x2149},
  {0x214E, 0x214E},
  {0x2170, 0x217F},
  {0x2184, 0x2184},
  {0x24D0, 0x24E9},
  {0x2C30, 0x2C5F},
  {0x2C61, 0x2C61},
  {0x2C65, 0x2C66},
  {0x2C68, 0x2C68},
  {0x2C6A, 0x2C6A},
  {0x2C6C, 0x2C6C},
  {0x2C71, 0x2C71},
  {0x2C73, 0x2C74},
  {0x2C76, 0x2C7D},
  {0x2C81, 0x2C81},
  {0x2C83, 0x2C83},
  {0x2C85, 0x2C85},
  {0x2C87, 0x2C87},
  {0x2C89, 0x2C89},
  {0x2C8B, 0x2C8B},
  {0x2C8D, 0x2C8D},
  {0x2C8F, 0x2C8F},
  {0x2C91, 0x2C91},
  {0x2C93, 0x2C93},
  {0x2C95, 0x2C95},
  {0x2C97, 0x2C97},
  {0x2C99, 0x2C99},
  {0x2C9B, 0x2C9B},
  {0x2C9D, 0x2C9D},
  {0x2C9F, 0x2C9F},
  {0x2CA1, 0x2CA1},
  {0x2CA3, 0x2CA3},
  {0x2CA5, 0x2CA5},
  {0x2CA7, 0x2CA7},
  {0x2CA9, 0x2CA9},
  {0x2CAB, 0x2CAB},
  {0x2CAD, 0x2CAD},
  {0x2CAF, 0x2CAF},
  {0x2CB1, 0x2CB1},
  {0x2CB3, 0x2CB3},
  {0x2CB5, 0x2CB5},
  {0x2CB7, 0x2CB7},
  {0x2CB9, 0x2CB9},
  {0x2CBB, 0x2CBB},
  {0x2CBD, 0x2CBD},
  {0x2CBF, 0x2CBF},
  {0x2CC1, 0x2CC1},
  {0x2CC3, 0x2CC3},
  {0x2CC5, 0x2CC5},
  {0x2CC7, 0x2CC7},
  {0x2CC9, 0x2CC9},
  {0x2CCB, 0x2CCB},
  {0x2CCD, 0x2CCD},
  {0x2CCF, 0x2CCF},
  {0x2CD1, 0x2CD1},
  {0x2CD3, 0x2CD3},
  {0x2CD5, 0x2CD5},
  {0x2CD7, 0x2CD7},
  {0x2CD9, 0x2CD9},
  {0x2CDB, 0x2CDB},
  {0x2CDD, 0x2CDD},
  {0x2CDF, 0x2CDF},
  {0x2CE1, 0x2CE1},
  {0x2CE3, 0x2CE4},
  {0x2CEC, 0x2CEC},
  {0x2CEE, 0x2CEE},
  {0x2CF3, 0x2CF3},
  {0x2D00, 0x2D25},
  {0x2D27, 0x2D27},
  {0x2D2D, 0x2D2D},
  {0xA641, 0xA641},
  {0xA643, 0xA643},
  {0xA645, 0xA645},
  {0xA647, 0xA647},
  {0xA649, 0xA649},
  {0xA64B, 0xA64B},
  {0xA64D, 0xA64D},
  {0xA64F, 0xA64F},
  {0xA651, 0xA651},
  {0xA653, 0xA653},
  {0xA655, 0xA655},
  {0xA657, 0xA657},
  {0xA659, 0xA659},
  {0xA65B, 0xA65B},
  {0xA65D, 0xA65D},
  {0xA65F, 0xA65F},
  {0xA661, 0xA661},
  {0xA663, 0xA663},
  {0xA665, 0xA665},
  {0xA667, 0xA667},
  {0xA669, 0xA669},
  {0xA66B, 0xA66B},
  {0xA66D, 0xA66D},
  {0xA681, 0xA681},
  {0xA683, 0xA683},
  {0xA685, 0xA685},
  {0xA687, 0xA687},
  {0xA689, 0xA689},
  {0xA68B, 0xA68B},
  {0xA68D, 0xA68D},
  {0xA68F, 0xA68F},
  {0xA691, 0xA691},
  {0xA693, 0xA693},
  {0xA695, 0xA695},
  {0xA697, 0xA697},
  {0xA699, 0xA699},
  {0xA69B, 0xA69D},
  {0xA723, 0xA723},
  {0xA725, 0xA725},
  {0xA727, 0xA727},
  {0xA729, 0xA729},
  {0xA72B, 0xA72B},
  {0xA72D, 0xA72D},
  {0xA72F, 0xA731},
  {0xA733, 0xA733},
  {0xA735, 0xA735},
  {0xA737, 0xA737},
  {0xA739, 0xA739},
  {0xA73B, 0xA73B},
  {0xA73D, 0xA73D},
  {0xA73F, 0xA73F},
  {0xA741, 0xA741},
  {0xA743, 0xA743},
  {0xA745, 0xA745},
  {0xA747, 0xA747},
  {0xA749, 0xA749},
  {0xA74B, 0xA74B},
  {0xA74D, 0xA74D},
  {0xA74F, 0xA74F},
  {0xA751, 0xA751},
  {0xA753, 0xA753},
  {0xA755, 0xA755},
  {0xA757, 0xA757},
  {0xA759, 0xA759},
  {0xA75B, 0xA75B},
  {0xA75D, 0xA75D},
  {0xA75F, 0xA75F},
  {0xA761, 0xA761},
  {0xA763, 0xA763},
  {0xA765, 0xA765},
  {0xA767, 0xA767},
  {0xA769, 0xA769},
  {0xA76B, 0xA76B},
  {0xA76D, 0xA76D},
  {0xA76F, 0xA778},
  {0xA77A, 0xA77A},
  {0xA77C, 0xA77C},
  {0xA77F, 0xA77F},
  {0xA781, 0xA781},
  {0xA783, 0xA783},
  {0xA785, 0xA785},
  {0xA787, 0xA787},
  {0xA78C, 0xA78C},
  {0xA78E, 0xA78E},
  {0xA791, 0xA791},
  {0xA793, 0xA795},
  {0xA797, 0xA797},
  {0xA799, 0xA799},
  {0xA79B, 0xA79B},
  {0xA79D, 0xA79D},
  {0xA79F, 0xA79F},
  {0xA7A1, 0xA7A1},
  {0xA7A3, 0xA7A3},
  {0xA7A5, 0xA7A5},
  {0xA7A7, 0xA7A7},
  {0xA7A9, 0xA7A9},
  {0xA7AF, 0xA7AF},
  {0xA7B5, 0xA7B5},
  {0xA7B7, 0xA7B7},
  {0xA7B9, 0xA7B9},
  {0xA7BB, 0xA7BB},
  {0xA7BD, 0xA7BD},
  {0xA7BF, 0xA7BF},
  {0xA7C1, 0xA7C1},
  {0xA7C3, 0xA7C3},
  {0xA7C8, 0xA7C8},
  {0xA7CA, 0xA7CA},
  {0xA7CD, 0xA7CD},
  {0xA7CF, 0xA7CF},
  {0xA7D1, 0xA7D1},
  {0xA7D3, 0xA7D3},
  {0xA7D5, 0xA7D5},
  {0xA7D7, 0xA7D7},
  {0xA7D9, 0xA7D9},
  {0xA7DB, 0xA7DB},
  {0xA7F1, 0xA7F4},
  {0xA7F6, 0xA7F6},
  {0xA7F8, 0xA7FA},
  {0xAB30, 0xAB5A},
  {0xAB5C, 0xAB69},
  {0xAB70, 0xABBF},
  {0xFB00, 0xFB06},
  {0xFB13, 0xFB17},
  {0xFF41, 0xFF5A},
  {0x10428, 0x1044F},
  {0x104D8, 0x104FB},
  {0x10597, 0x105A1},
  {0x105A3, 0x105B1},
  {0x105B3, 0x105B9},
  {0x105BB, 0x105BC},
  {0x10780, 0x10780},
  {0x10783, 0x10785},
  {0x10787, 0x107B0},
  {0x107B2, 0x107BA},
  {0x10CC0, 0x10CF2},
  {0x10D70, 0x10D85},
  {0x118C0, 0x118DF},
  {0x16E60, 0x16E7F},
  {0x16EBB, 0x16ED3},
  {0x1D41A, 0x1D433},
  {0x1D44E, 0x1D454},
  {0x1D456, 0x1D467},
  {0x1D482, 0x1D49B},
  {0x1D4B6, 0x1D4B9},
  {0x1D4BB, 0x1D4BB},
  {0x1D4BD, 0x1D4C3},
  {0x1D4C5, 0x1D4CF},
  {0x1D4EA, 0x1D503},
  {0x1D51E, 0x1D537},
  {0x1D552, 0x1D56B},
  {0x1D586, 0x1D59F},
  {0x1D5BA, 0x1D5D3},
  {0x1D5EE, 0x1D607},
  {0x1D622, 0x1D63B},
  {0x1D656, 0x1D66F},
  {0x1D68A, 0x1D6A5},
  {0x1D6C2, 0x1D6DA},
  {0x1D6DC, 0x1D6E1},
  {0x1D6FC, 0x1D714},
  {0x1D716, 0x1D71B},
  {0x1D736, 0x1D74E},
  {0x1D750, 0x1D755},
  {0x1D770, 0x1D788},
  {0x1D78A, 0x1D78F},
  {0x1D7AA, 0x1D7C2},
  {0x1D7C4, 0x1D7C9},
  {0x1D7CB, 0x1D7CB},
  {0x1DF00, 0x1DF09},
  {0x1DF0B, 0x1DF1E},
  {0x1DF25, 0x1DF2A},
  {0x1E030, 0x1E06D},
  {0x1E922, 0x1E943},
  {0x002B, 0x002B},
  {0x003C, 0x003E},
  {0x005E, 0x005E},
  {0x007C, 0x007C},
  {0x007E, 0x007E},
  {0x00AC, 0x00AC},
  {0x00B1, 0x00B1},
  {0x00D7, 0x00D7},
  {0x00F7, 0x00F7},
  {0x03D0, 0x03D2},
  {0x03D5, 0x03D5},
  {0x03F0, 0x03F1},
  {0x03F4, 0x03F6},
  {0x0606, 0x0608},
  {0x2016, 0x2016},
  {0x2032, 0x2034},
  {0x2040, 0x2040},
  {0x2044, 0x2044},
  {0x2052, 0x2052},
  {0x2061, 0x2064},
  {0x207A, 0x207E},
  {0x208A, 0x208E},
  {0x20D0, 0x20DC},
  {0x20E1, 0x20E1},
  {0x20E5, 0x20E6},
  {0x20EB, 0x20EF},
  {0x2102, 0x2102},
  {0x2107, 0x2107},
  {0x210A, 0x2113},
  {0x2115, 0x2115},
  {0x2118, 0x211D},
  {0x2124, 0x2124},
  {0x2128, 0x2129},
  {0x212C, 0x212D},
  {0x212F, 0x2131},
  {0x2133, 0x2138},
  {0x213C, 0x2149},
  {0x214B, 0x214B},
  {0x2190, 0x21A7},
  {0x21A9, 0x21AE},
  {0x21B0, 0x21B1},
  {0x21B6, 0x21B7},
  {0x21BC, 0x21DB},
  {0x21DD, 0x21DD},
  {0x21E4, 0x21E5},
  {0x21F4, 0x22FF},
  {0x2308, 0x230B},
  {0x2320, 0x2321},
  {0x237C, 0x237C},
  {0x239B, 0x23B5},
  {0x23B7, 0x23B7},
  {0x23D0, 0x23D0},
  {0x23DC, 0x23E2},
  {0x25A0, 0x25A1},
  {0x25AE, 0x25B7},
  {0x25BC, 0x25C1},
  {0x25C6, 0x25C7},
  {0x25CA, 0x25CB},
  {0x25CF, 0x25D3},
  {0x25E2, 0x25E2},
  {0x25E4, 0x25E4},
  {0x25E7, 0x25EC},
  {0x25F8, 0x25FF},
  {0x2605, 0x2606},
  {0x2640, 0x2640},
  {0x2642, 0x2642},
  {0x2660, 0x2663},
  {0x266D, 0x266F},
  {0x27C0, 0x27FF},
  {0x2900, 0x2AFF},
  {0x2B30, 0x2B44},
  {0x2B47, 0x2B4C},
  {0xFB29, 0xFB29},
  {0xFE61, 0xFE66},
  {0xFE68, 0xFE68},
  {0xFF0B, 0xFF0B},
  {0xFF1C, 0xFF1E},
  {0xFF3C, 0xFF3C},
  {0xFF3E, 0xFF3E},
  {0xFF5C, 0xFF5C},
  {0xFF5E, 0xFF5E},
  {0xFFE2, 0xFFE2},
  {0xFFE9, 0xFFEC},
  {0x10D8E, 0x10D8F},
  {0x1CEF0, 0x1CEF0},
  {0x1D400, 0x1D454},
  {0x1D456, 0x1D49C},
  {0x1D49E, 0x1D49F},
  {0x1D4A2, 0x1D4A2},
  {0x1D4A5, 0x1D4A6},
  {0x1D4A9, 0x1D4AC},
  {0x1D4AE, 0x1D4B9},
  {0x1D4BB, 0x1D4BB},
  {0x1D4BD, 0x1D4C3},
  {0x1D4C5, 0x1D505},
  {0x1D507, 0x1D50A},
  {0x1D50D, 0x1D514},
  {0x1D516, 0x1D51C},
  {0x1D51E, 0x1D539},
  {0x1D53B, 0x1D53E},
  {0x1D540, 0x1D544},
  {0x1D546, 0x1D546},
  {0x1D54A, 0x1D550},
  {0x1D552, 0x1D6A5},
  {0x1D6A8, 0x1D7CB},
  {0x1D7CE, 0x1D7FF},
  {0x1EE00, 0x1EE03},
  {0x1EE05, 0x1EE1F},
  {0x1EE21, 0x1EE22},
  {0x1EE24, 0x1EE24},
  {0x1EE27, 0x1EE27},
  {0x1EE29, 0x1EE32},
  {0x1EE34, 0x1EE37},
  {0x1EE39, 0x1EE39},
  {0x1EE3B, 0x1EE3B},
  {0x1EE42, 0x1EE42},
  {0x1EE47, 0x1EE47},
  {0x1EE49, 0x1EE49},
  {0x1EE4B, 0x1EE4B},
  {0x1EE4D, 0x1EE4F},
  {0x1EE51, 0x1EE52},
  {0x1EE54, 0x1EE54},
  {0x1EE57, 0x1EE57},
  {0x1EE59, 0x1EE59},
  {0x1EE5B, 0x1EE5B},
  {0x1EE5D, 0x1EE5D},
  {0x1EE5F, 0x1EE5F},
  {0x1EE61, 0x1EE62},
  {0x1EE64, 0x1EE64},
  {0x1EE67, 0x1EE6A},
  {0x1EE6C, 0x1EE72},
  {0x1EE74, 0x1EE77},
  {0x1EE79, 0x1EE7C},
  {0x1EE7E, 0x1EE7E},
  {0x1EE80, 0x1EE89},
  {0x1EE8B, 0x1EE9B},
  {0x1EEA1, 0x1EEA3},
  {0x1EEA5, 0x1EEA9},
  {0x1EEAB, 0x1EEBB},
  {0x1EEF0, 0x1EEF1},
  {0x1F8D0, 0x1F8D8},
  {0x0654, 0x0655},
  {0x0658, 0x0658},
  {0x06DC, 0x06DC},
  {0x06E3, 0x06E3},
  {0x06E7, 0x06E8},
  {0x08CA, 0x08CB},
  {0x08CD, 0x08CF},
  {0x08D3, 0x08D3},
  {0x08F3, 0x08F3},
  {0xFDD0, 0xFDEF},
  {0xFFFE, 0xFFFF},
  {0x1FFFE, 0x1FFFF},
  {0x2FFFE, 0x2FFFF},
  {0x3FFFE, 0x3FFFF},
  {0x4FFFE, 0x4FFFF},
  {0x5FFFE, 0x5FFFF},
  {0x6FFFE, 0x6FFFF},
  {0x7FFFE, 0x7FFFF},
  {0x8FFFE, 0x8FFFF},
  {0x9FFFE, 0x9FFFF},
  {0xAFFFE, 0xAFFFF},
  {0xBFFFE, 0xBFFFF},
  {0xCFFFE, 0xCFFFF},
  {0xDFFFE, 0xDFFFF},
  {0xEFFFE, 0xEFFFF},
  {0xFFFFE, 0xFFFFF},
  {0x10FFFE, 0x10FFFF},
  {0x0345, 0x0345},
  {0x0363, 0x036F},
  {0x05B0, 0x05BD},
  {0x05BF, 0x05BF},
  {0x05C1, 0x05C2},
  {0x05C4, 0x05C5},
  {0x05C7, 0x05C7},
  {0x0610, 0x061A},
  {0x064B, 0x0657},
  {0x0659, 0x065F},
  {0x0670, 0x0670},
  {0x06D6, 0x06DC},
  {0x06E1, 0x06E4},
  {0x06E7, 0x06E8},
  {0x06ED, 0x06ED},
  {0x0711, 0x0711},
  {0x0730, 0x073F},
  {0x07A6, 0x07B0},
  {0x0816, 0x0817},
  {0x081B, 0x0823},
  {0x0825, 0x0827},
  {0x0829, 0x082C},
  {0x0897, 0x0897},
  {0x08D4, 0x08DF},
  {0x08E3, 0x08E9},
  {0x08F0, 0x0903},
  {0x093A, 0x093B},
  {0x093E, 0x094C},
  {0x094E, 0x094F},
  {0x0955, 0x0957},
  {0x0962, 0x0963},
  {0x0981, 0x0983},
  {0x09BE, 0x09C4},
  {0x09C7, 0x09C8},
  {0x09CB, 0x09CC},
  {0x09D7, 0x09D7},
  {0x09E2, 0x09E3},
  {0x0A01, 0x0A03},
  {0x0A3E, 0x0A42},
  {0x0A47, 0x0A48},
  {0x0A4B, 0x0A4C},
  {0x0A51, 0x0A51},
  {0x0A70, 0x0A71},
  {0x0A75, 0x0A75},
  {0x0A81, 0x0A83},
  {0x0ABE, 0x0AC5},
  {0x0AC7, 0x0AC9},
  {0x0ACB, 0x0ACC},
  {0x0AE2, 0x0AE3},
  {0x0AFA, 0x0AFC},
  {0x0B01, 0x0B03},
  {0x0B3E, 0x0B44},
  {0x0B47, 0x0B48},
  {0x0B4B, 0x0B4C},
  {0x0B56, 0x0B57},
  {0x0B62, 0x0B63},
  {0x0B82, 0x0B82},
  {0x0BBE, 0x0BC2},
  {0x0BC6, 0x0BC8},
  {0x0BCA, 0x0BCC},
  {0x0BD7, 0x0BD7},
  {0x0C00, 0x0C04},
  {0x0C3E, 0x0C44},
  {0x0C46, 0x0C48},
  {0x0C4A, 0x0C4C},
  {0x0C55, 0x0C56},
  {0x0C62, 0x0C63},
  {0x0C81, 0x0C83},
  {0x0CBE, 0x0CC4},
  {0x0CC6, 0x0CC8},
  {0x0CCA, 0x0CCC},
  {0x0CD5, 0x0CD6},
  {0x0CE2, 0x0CE3},
  {0x0CF3, 0x0CF3},
  {0x0D00, 0x0D03},
  {0x0D3E, 0x0D44},
  {0x0D46, 0x0D48},
  {0x0D4A, 0x0D4C},
  {0x0D57, 0x0D57},
  {0x0D62, 0x0D63},
  {0x0D81, 0x0D83},
  {0x0DCF, 0x0DD4},
  {0x0DD6, 0x0DD6},
  {0x0DD8, 0x0DDF},
  {0x0DF2, 0x0DF3},
  {0x0E31, 0x0E31},
  {0x0E34, 0x0E3A},
  {0x0E4D, 0x0E4D},
  {0x0EB1, 0x0EB1},
  {0x0EB4, 0x0EB9},
  {0x0EBB, 0x0EBC},
  {0x0ECD, 0x0ECD},
  {0x0F71, 0x0F83},
  {0x0F8D, 0x0F97},
  {0x0F99, 0x0FBC},
  {0x102B, 0x1036},
  {0x1038, 0x1038},
  {0x103B, 0x103E},
  {0x1056, 0x1059},
  {0x105E, 0x1060},
  {0x1062, 0x1064},
  {0x1067, 0x106D},
  {0x1071, 0x1074},
  {0x1082, 0x108D},
  {0x108F, 0x108F},
  {0x109A, 0x109D},
  {0x1712, 0x1713},
  {0x1732, 0x1733},
  {0x1752, 0x1753},
  {0x1772, 0x1773},
  {0x17B6, 0x17C8},
  {0x1885, 0x1886},
  {0x18A9, 0x18A9},
  {0x1920, 0x192B},
  {0x1930, 0x1938},
  {0x1A17, 0x1A1B},
  {0x1A55, 0x1A5E},
  {0x1A61, 0x1A74},
  {0x1ABF, 0x1AC0},
  {0x1ACC, 0x1ACE},
  {0x1B00, 0x1B04},
  {0x1B35, 0x1B43},
  {0x1B80, 0x1B82},
  {0x1BA1, 0x1BA9},
  {0x1BAC, 0x1BAD},
  {0x1BE7, 0x1BF1},
  {0x1C24, 0x1C36},
  {0x1DD3, 0x1DF4},
  {0x24B6, 0x24E9},
  {0x2DE0, 0x2DFF},
  {0xA674, 0xA67B},
  {0xA69E, 0xA69F},
  {0xA802, 0xA802},
  {0xA80B, 0xA80B},
  {0xA823, 0xA827},
  {0xA880, 0xA881},
  {0xA8B4, 0xA8C3},
  {0xA8C5, 0xA8C5},
  {0xA8FF, 0xA8FF},
  {0xA926, 0xA92A},
  {0xA947, 0xA952},
  {0xA980, 0xA983},
  {0xA9B4, 0xA9BF},
  {0xA9E5, 0xA9E5},
  {0xAA29, 0xAA36},
  {0xAA43, 0xAA43},
  {0xAA4C, 0xAA4D},
  {0xAA7B, 0xAA7D},
  {0xAAB0, 0xAAB0},
  {0xAAB2, 0xAAB4},
  {0xAAB7, 0xAAB8},
  {0xAABE, 0xAABE},
  {0xAAEB, 0xAAEF},
  {0xAAF5, 0xAAF5},
  {0xABE3, 0xABEA},
  {0xFB1E, 0xFB1E},
  {0x10376, 0x1037A},
  {0x10A01, 0x10A03},
  {0x10A05, 0x10A06},
  {0x10A0C, 0x10A0F},
  {0x10D24, 0x10D27},
  {0x10D69, 0x10D69},
  {0x10EAB, 0x10EAC},
  {0x10EFA, 0x10EFC},
  {0x11000, 0x11002},
  {0x11038, 0x11045},
  {0x11073, 0x11074},
  {0x11080, 0x11082},
  {0x110B0, 0x110B8},
  {0x110C2, 0x110C2},
  {0x11100, 0x11102},
  {0x11127, 0x11132},
  {0x11145, 0x11146},
  {0x11180, 0x11182},
  {0x111B3, 0x111BF},
  {0x111CE, 0x111CF},
  {0x1122C, 0x11234},
  {0x11237, 0x11237},
  {0x1123E, 0x1123E},
  {0x11241, 0x11241},
  {0x112DF, 0x112E8},
  {0x11300, 0x11303},
  {0x1133E, 0x11344},
  {0x11347, 0x11348},
  {0x1134B, 0x1134C},
  {0x11357, 0x11357},
  {0x11362, 0x11363},
  {0x113B8, 0x113C0},
  {0x113C2, 0x113C2},
  {0x113C5, 0x113C5},
  {0x113C7, 0x113CA},
  {0x113CC, 0x113CD},
  {0x11435, 0x11441},
  {0x11443, 0x11445},
  {0x114B0, 0x114C1},
  {0x115AF, 0x115B5},
  {0x115B8, 0x115BE},
  {0x115DC, 0x115DD},
  {0x11630, 0x1163E},
  {0x11640, 0x11640},
  {0x116AB, 0x116B5},
  {0x1171D, 0x1172A},
  {0x1182C, 0x11838},
  {0x11930, 0x11935},
  {0x11937, 0x11938},
  {0x1193B, 0x1193C},
  {0x11940, 0x11940},
  {0x11942, 0x11942},
  {0x119D1, 0x119D7},
  {0x119DA, 0x119DF},
  {0x119E4, 0x119E4},
  {0x11A01, 0x11A0A},
  {0x11A35, 0x11A39},
  {0x11A3B, 0x11A3E},
  {0x11A51, 0x11A5B},
  {0x11A8A, 0x11A97},
  {0x11B60, 0x11B67},
  {0x11C2F, 0x11C36},
  {0x11C38, 0x11C3E},
  {0x11C92, 0x11CA7},
  {0x11CA9, 0x11CB6},
  {0x11D31, 0x11D36},
  {0x11D3A, 0x11D3A},
  {0x11D3C, 0x11D3D},
  {0x11D3F, 0x11D41},
  {0x11D43, 0x11D43},
  {0x11D47, 0x11D47},
  {0x11D8A, 0x11D8E},
  {0x11D90, 0x11D91},
  {0x11D93, 0x11D96},
  {0x11EF3, 0x11EF6},
  {0x11F00, 0x11F01},
  {0x11F03, 0x11F03},
  {0x11F34, 0x11F3A},
  {0x11F3E, 0x11F40},
  {0x1611E, 0x1612E},
  {0x16F4F, 0x16F4F},
  {0x16F51, 0x16F87},
  {0x16F8F, 0x16F92},
  {0x16FF0, 0x16FF1},
  {0x1BC9E, 0x1BC9E},
  {0x1E000, 0x1E006},
  {0x1E008, 0x1E018},
  {0x1E01B, 0x1E021},
  {0x1E023, 0x1E024},
  {0x1E026, 0x1E02A},
  {0x1E08F, 0x1E08F},
  {0x1E6E3, 0x1E6E3},
  {0x1E6E6, 0x1E6E6},
  {0x1E6EE, 0x1E6EF},
  {0x1E6F5, 0x1E6F5},
  {0x1E947, 0x1E947},
  {0x1F130, 0x1F149},
  {0x1F150, 0x1F169},
  {0x1F170, 0x1F189},
  {0x034F, 0x034F},
  {0x115F, 0x1160},
  {0x17B4, 0x17B5},
  {0x2065, 0x2065},
  {0x3164, 0x3164},
  {0xFFA0, 0xFFA0},
  {0xFFF0, 0xFFF8},
  {0xE0000, 0xE0000},
  {0xE0002, 0xE001F},
  {0xE0080, 0xE00FF},
  {0xE01F0, 0xE0FFF},
  {0x09BE, 0x09BE},
  {0x09D7, 0x09D7},
  {0x0B3E, 0x0B3E},
  {0x0B57, 0x0B57},
  {0x0BBE, 0x0BBE},
  {0x0BD7, 0x0BD7},
  {0x0CC0, 0x0CC0},
  {0x0CC2, 0x0CC2},
  {0x0CC7, 0x0CC8},
  {0x0CCA, 0x0CCB},
  {0x0CD5, 0x0CD6},
  {0x0D3E, 0x0D3E},
  {0x0D57, 0x0D57},
  {0x0DCF, 0x0DCF},
  {0x0DDF, 0x0DDF},
  {0x1715, 0x1715},
  {0x1734, 0x1734},
  {0x1B35, 0x1B35},
  {0x1B3B, 0x1B3B},
  {0x1B3D, 0x1B3D},
  {0x1B43, 0x1B44},
  {0x1BAA, 0x1BAA},
  {0x1BF2, 0x1BF3},
  {0x200C, 0x200C},
  {0x302E, 0x302F},
  {0xA953, 0xA953},
  {0xA9C0, 0xA9C0},
  {0xFF9E, 0xFF9F},
  {0x111C0, 0x111C0},
  {0x11235, 0x11235},
  {0x1133E, 0x1133E},
  {0x1134D, 0x1134D},
  {0x11357, 0x11357},
  {0x113B8, 0x113B8},
  {0x113C2, 0x113C2},
  {0x113C5, 0x113C5},
  {0x113C7, 0x113C9},
  {0x113CF, 0x113CF},
  {0x114B0, 0x114B0},
  {0x114BD, 0x114BD},
  {0x115AF, 0x115AF},
  {0x116B6, 0x116B6},
  {0x11930, 0x11930},
  {0x1193D, 0x1193D},
  {0x11F41, 0x11F41},
  {0x16FF0, 0x16FF1},
  {0x1D165, 0x1D166},
  {0x1D16D, 0x1D172},
  {0xE0020, 0xE007F},
  {0x00B7, 0x00B7},
  {0x0387, 0x0387},
  {0x1369, 0x1371},
  {0x19DA, 0x19DA},
  {0x200C, 0x200D},
  {0x30FB, 0x30FB},
  {0xFF65, 0xFF65},
  {0x1885, 0x1886},
  {0x2118, 0x2118},
  {0x212E, 0x212E},
  {0x309B, 0x309C},
  {0x00AA, 0x00AA},
  {0x00BA, 0x00BA},
  {0x02B0, 0x02B8},
  {0x02C0, 0x02C1},
  {0x02E0, 0x02E4},
  {0x0345, 0x0345},
  {0x037A, 0x037A},
  {0x10FC, 0x10FC},
  {0x1D2C, 0x1D6A},
  {0x1D78, 0x1D78},
  {0x1D9B, 0x1DBF},
  {0x2071, 0x2071},
  {0x207F, 0x207F},
  {0x2090, 0x209C},
  {0x2170, 0x217F},
  {0x24D0, 0x24E9},
  {0x2C7C, 0x2C7D},
  {0xA69C, 0xA69D},
  {0xA770, 0xA770},
  {0xA7F1, 0xA7F4},
  {0xA7F8, 0xA7F9},
  {0xAB5C, 0xAB5F},
  {0xAB69, 0xAB69},
  {0x10780, 0x10780},
  {0x10783, 0x10785},
  {0x10787, 0x107B0},
  {0x107B2, 0x107BA},
  {0x1E030, 0x1E06D},
  {0x005E, 0x005E},
  {0x03D0, 0x03D2},
  {0x03D5, 0x03D5},
  {0x03F0, 0x03F1},
  {0x03F4, 0x03F5},
  {0x2016, 0x2016},
  {0x2032, 0x2034},
  {0x2040, 0x2040},
  {0x2061, 0x2064},
  {0x207D, 0x207E},
  {0x208D, 0x208E},
  {0x20D0, 0x20DC},
  {0x20E1, 0x20E1},
  {0x20E5, 0x20E6},
  {0x20EB, 0x20EF},
  {0x2102, 0x2102},
  {0x2107, 0x2107},
  {0x210A, 0x2113},
  {0x2115, 0x2115},
  {0x2119, 0x211D},
  {0x2124, 0x2124},
  {0x2128, 0x2129},
  {0x212C, 0x212D},
  {0x212F, 0x2131},
  {0x2133, 0x2138},
  {0x213C, 0x213F},
  {0x2145, 0x2149},
  {0x2195, 0x2199},
  {0x219C, 0x219F},
  {0x21A1, 0x21A2},
  {0x21A4, 0x21A5},
  {0x21A7, 0x21A7},
  {0x21A9, 0x21AD},
  {0x21B0, 0x21B1},
  {0x21B6, 0x21B7},
  {0x21BC, 0x21CD},
  {0x21D0, 0x21D1},
  {0x21D3, 0x21D3},
  {0x21D5, 0x21DB},
  {0x21DD, 0x21DD},
  {0x21E4, 0x21E5},
  {0x2308, 0x230B},
  {0x23B4, 0x23B5},
  {0x23B7, 0x23B7},
  {0x23D0, 0x23D0},
  {0x23E2, 0x23E2},
  {0x25A0, 0x25A1},
  {0x25AE, 0x25B6},
  {0x25BC, 0x25C0},
  {0x25C6, 0x25C7},
  {0x25CA, 0x25CB},
  {0x25CF, 0x25D3},
  {0x25E2, 0x25E2},
  {0x25E4, 0x25E4},
  {0x25E7, 0x25EC},
  {0x2605, 0x2606},
  {0x2640, 0x2640},
  {0x2642, 0x2642},
  {0x2660, 0x2663},
  {0x266D, 0x266E},
  {0x27C5, 0x27C6},
  {0x27E6, 0x27EF},
  {0x2983, 0x2998},
  {0x29D8, 0x29DB},
  {0x29FC, 0x29FD},
  {0xFE61, 0xFE61},
  {0xFE63, 0xFE63},
  {0xFE68, 0xFE68},
  {0xFF3C, 0xFF3C},
  {0xFF3E, 0xFF3E},
  {0x1D400, 0x1D454},
  {0x1D456, 0x1D49C},
  {0x1D49E, 0x1D49F},
  {0x1D4A2, 0x1D4A2},
  {0x1D4A5, 0x1D4A6},
  {0x1D4A9, 0x1D4AC},
  {0x1D4AE, 0x1D4B9},
  {0x1D4BB, 0x1D4BB},
  {0x1D4BD, 0x1D4C3},
  {0x1D4C5, 0x1D505},
  {0x1D507, 0x1D50A},
  {0x1D50D, 0x1D514},
  {0x1D516, 0x1D51C},
  {0x1D51E, 0x1D539},
  {0x1D53B, 0x1D53E},
  {0x1D540, 0x1D544},
  {0x1D546, 0x1D546},
  {0x1D54A, 0x1D550},
  {0x1D552, 0x1D6A5},
  {0x1D6A8, 0x1D6C0},
  {0x1D6C2, 0x1D6DA},
  {0x1D6DC, 0x1D6FA},
  {0x1D6FC, 0x1D714},
  {0x1D716, 0x1D734},
  {0x1D736, 0x1D74E},
  {0x1D750, 0x1D76E},
  {0x1D770, 0x1D788},
  {0x1D78A, 0x1D7A8},
  {0x1D7AA, 0x1D7C2},
  {0x1D7C4, 0x1D7CB},
  {0x1D7CE, 0x1D7FF},
  {0x1EE00, 0x1EE03},
  {0x1EE05, 0x1EE1F},
  {0x1EE21, 0x1EE22},
  {0x1EE24, 0x1EE24},
  {0x1EE27, 0x1EE27},
  {0x1EE29, 0x1EE32},
  {0x1EE34, 0x1EE37},
  {0x1EE39, 0x1EE39},
  {0x1EE3B, 0x1EE3B},
  {0x1EE42, 0x1EE42},
  {0x1EE47, 0x1EE47},
  {0x1EE49, 0x1EE49},
  {0x1EE4B, 0x1EE4B},
  {0x1EE4D, 0x1EE4F},
  {0x1EE51, 0x1EE52},
  {0x1EE54, 0x1EE54},
  {0x1EE57, 0x1EE57},
  {0x1EE59, 0x1EE59},
  {0x1EE5B, 0x1EE5B},
  {0x1EE5D, 0x1EE5D},
  {0x1EE5F, 0x1EE5F},
  {0x1EE61, 0x1EE62},
  {0x1EE64, 0x1EE64},
  {0x1EE67, 0x1EE6A},
  {0x1EE6C, 0x1EE72},
  {0x1EE74, 0x1EE77},
  {0x1EE79, 0x1EE7C},
  {0x1EE7E, 0x1EE7E},
  {0x1EE80, 0x1EE89},
  {0x1EE8B, 0x1EE9B},
  {0x1EEA1, 0x1EEA3},
  {0x1EEA5, 0x1EEA9},
  {0x1EEAB, 0x1EEBB},
  {0x2160, 0x216F},
  {0x24B6, 0x24CF},
  {0x1F130, 0x1F149},
  {0x1F150, 0x1F169},
  {0x1F170, 0x1F189},
  {0x0021, 0x002F},
  {0x003A, 0x0040},
  {0x005B, 0x005E},
  {0x0060, 0x0060},
  {0x007B, 0x007E},
  {0x00A1, 0x00A7},
  {0x00A9, 0x00A9},
  {0x00AB, 0x00AC},
  {0x00AE, 0x00AE},
  {0x00B0, 0x00B1},
  {0x00B6, 0x00B6},
  {0x00BB, 0x00BB},
  {0x00BF, 0x00BF},
  {0x00D7, 0x00D7},
  {0x00F7, 0x00F7},
  {0x2010, 0x2027},
  {0x2030, 0x203E},
  {0x2041, 0x2053},
  {0x2055, 0x205E},
  {0x2190, 0x245F},
  {0x2500, 0x2775},
  {0x2794, 0x2BFF},
  {0x2E00, 0x2E7F},
  {0x3001, 0x3003},
  {0x3008, 0x3020},
  {0x3030, 0x3030},
  {0xFD3E, 0xFD3F},
  {0xFE45, 0xFE46},
  {0x0009, 0x000D},
  {0x0020, 0x0020},
  {0x0085, 0x0085},
  {0x200E, 0x200F},
  {0x2028, 0x2029},
  {0x0600, 0x0605},
  {0x06DD, 0x06DD},
  {0x070F, 0x070F},
  {0x0890, 0x0891},
  {0x08E2, 0x08E2},
  {0x110BD, 0x110BD},
  {0x110CD, 0x110CD},
  {0x0022, 0x0022},
  {0x0027, 0x0027},
  {0x00AB, 0x00AB},
  {0x00BB, 0x00BB},
  {0x2018, 0x201F},
  {0x2039, 0x203A},
  {0x2E42, 0x2E42},
  {0x300C, 0x300F},
  {0x301D, 0x301F},
  {0xFE41, 0xFE44},
  {0xFF02, 0xFF02},
  {0xFF07, 0xFF07},
  {0xFF62, 0xFF63},
  {0x2E80, 0x2E99},
  {0x2E9B, 0x2EF3},
  {0x2F00, 0x2FD5},
  {0x1F1E6, 0x1F1FF},
  {0x0021, 0x0021},
  {0x002E, 0x002E},
  {0x003F, 0x003F},
  {0x0589, 0x0589},
  {0x061D, 0x061F},
  {0x06D4, 0x06D4},
  {0x0700, 0x0702},
  {0x07F9, 0x07F9},
  {0x0837, 0x0837},
  {0x0839, 0x0839},
  {0x083D, 0x083E},
  {0x0964, 0x0965},
  {0x104A, 0x104B},
  {0x1362, 0x1362},
  {0x1367, 0x1368},
  {0x166E, 0x166E},
  {0x1735, 0x1736},
  {0x17D4, 0x17D5},
  {0x1803, 0x1803},
  {0x1809, 0x1809},
  {0x1944, 0x1945},
  {0x1AA8, 0x1AAB},
  {0x1B4E, 0x1B4F},
  {0x1B5A, 0x1B5B},
  {0x1B5E, 0x1B5F},
  {0x1B7D, 0x1B7F},
  {0x1C3B, 0x1C3C},
  {0x1C7E, 0x1C7F},
  {0x2024, 0x2024},
  {0x203C, 0x203D},
  {0x2047, 0x2049},
  {0x2CF9, 0x2CFB},
  {0x2E2E, 0x2E2E},
  {0x2E3C, 0x2E3C},
  {0x2E53, 0x2E54},
  {0x3002, 0x3002},
  {0xA4FF, 0xA4FF},
  {0xA60E, 0xA60F},
  {0xA6F3, 0xA6F3},
  {0xA6F7, 0xA6F7},
  {0xA876, 0xA877},
  {0xA8CE, 0xA8CF},
  {0xA92F, 0xA92F},
  {0xA9C8, 0xA9C9},
  {0xAA5D, 0xAA5F},
  {0xAAF0, 0xAAF1},
  {0xABEB, 0xABEB},
  {0xFE12, 0xFE12},
  {0xFE15, 0xFE16},
  {0xFE52, 0xFE52},
  {0xFE56, 0xFE57},
  {0xFF01, 0xFF01},
  {0xFF0E, 0xFF0E},
  {0xFF1F, 0xFF1F},
  {0xFF61, 0xFF61},
  {0x10A56, 0x10A57},
  {0x10F55, 0x10F59},
  {0x10F86, 0x10F89},
  {0x11047, 0x11048},
  {0x110BE, 0x110C1},
  {0x11141, 0x11143},
  {0x111C5, 0x111C6},
  {0x111CD, 0x111CD},
  {0x111DE, 0x111DF},
  {0x11238, 0x11239},
  {0x1123B, 0x1123C},
  {0x112A9, 0x112A9},
  {0x113D4, 0x113D5},
  {0x1144B, 0x1144C},
  {0x115C2, 0x115C3},
  {0x115C9, 0x115D7},
  {0x11641, 0x11642},
  {0x1173C, 0x1173E},
  {0x11944, 0x11944},
  {0x11946, 0x11946},
  {0x11A42, 0x11A43},
  {0x11A9B, 0x11A9C},
  {0x11C41, 0x11C42},
  {0x11EF7, 0x11EF8},
  {0x11F43, 0x11F44},
  {0x16A6E, 0x16A6F},
  {0x16AF5, 0x16AF5},
  {0x16B37, 0x16B38},
  {0x16B44, 0x16B44},
  {0x16D6E, 0x16D6F},
  {0x16E98, 0x16E98},
  {0x1BC9F, 0x1BC9F},
  {0x1DA88, 0x1DA88},
  {0x0069, 0x006A},
  {0x012F, 0x012F},
  {0x0249, 0x0249},
  {0x0268, 0x0268},
  {0x029D, 0x029D},
  {0x02B2, 0x02B2},
  {0x03F3, 0x03F3},
  {0x0456, 0x0456},
  {0x0458, 0x0458},
  {0x1D62, 0x1D62},
  {0x1D96, 0x1D96},
  {0x1DA4, 0x1DA4},
  {0x1DA8, 0x1DA8},
  {0x1E2D, 0x1E2D},
  {0x1ECB, 0x1ECB},
  {0x2071, 0x2071},
  {0x2148, 0x2149},
  {0x2C7C, 0x2C7C},
  {0x1D422, 0x1D423},
  {0x1D456, 0x1D457},
  {0x1D48A, 0x1D48B},
  {0x1D4BE, 0x1D4BF},
  {0x1D4F2, 0x1D4F3},
  {0x1D526, 0x1D527},
  {0x1D55A, 0x1D55B},
  {0x1D58E, 0x1D58F},
  {0x1D5C2, 0x1D5C3},
  {0x1D5F6, 0x1D5F7},
  {0x1D62A, 0x1D62B},
  {0x1D65E, 0x1D65F},
  {0x1D692, 0x1D693},
  {0x1DF1A, 0x1DF1A},
  {0x1E04C, 0x1E04D},
  {0x1E068, 0x1E068},
  {0x0021, 0x0021},
  {0x002C, 0x002C},
  {0x002E, 0x002E},
  {0x003A, 0x003B},
  {0x003F, 0x003F},
  {0x037E, 0x037E},
  {0x0387, 0x0387},
  {0x0589, 0x0589},
  {0x05C3, 0x05C3},
  {0x060C, 0x060C},
  {0x061B, 0x061B},
  {0x061D, 0x061F},
  {0x06D4, 0x06D4},
  {0x0700, 0x070A},
  {0x070C, 0x070C},
  {0x07F8, 0x07F9},
  {0x0830, 0x0835},
  {0x0837, 0x083E},
  {0x085E, 0x085E},
  {0x0964, 0x0965},
  {0x0E5A, 0x0E5B},
  {0x0F08, 0x0F08},
  {0x0F0D, 0x0F12},
  {0x104A, 0x104B},
  {0x1361, 0x1368},
  {0x166E, 0x166E},
  {0x16EB, 0x16ED},
  {0x1735, 0x1736},
  {0x17D4, 0x17D6},
  {0x17DA, 0x17DA},
  {0x1802, 0x1805},
  {0x1808, 0x1809},
  {0x1944, 0x1945},
  {0x1AA8, 0x1AAB},
  {0x1B4E, 0x1B4F},
  {0x1B5A, 0x1B5B},
  {0x1B5D, 0x1B5F},
  {0x1B7D, 0x1B7F},
  {0x1C3B, 0x1C3F},
  {0x1C7E, 0x1C7F},
  {0x2024, 0x2024},
  {0x203C, 0x203D},
  {0x2047, 0x2049},
  {0x2CF9, 0x2CFB},
  {0x2E2E, 0x2E2E},
  {0x2E3C, 0x2E3C},
  {0x2E41, 0x2E41},
  {0x2E4C, 0x2E4C},
  {0x2E4E, 0x2E4F},
  {0x2E53, 0x2E54},
  {0x3001, 0x3002},
  {0xA4FE, 0xA4FF},
  {0xA60D, 0xA60F},
  {0xA6F3, 0xA6F7},
  {0xA876, 0xA877},
  {0xA8CE, 0xA8CF},
  {0xA92F, 0xA92F},
  {0xA9C7, 0xA9C9},
  {0xAA5D, 0xAA5F},
  {0xAADF, 0xAADF},
  {0xAAF0, 0xAAF1},
  {0xABEB, 0xABEB},
  {0xFE12, 0xFE12},
  {0xFE15, 0xFE16},
  {0xFE50, 0xFE52},
  {0xFE54, 0xFE57},
  {0xFF01, 0xFF01},
  {0xFF0C, 0xFF0C},
  {0xFF0E, 0xFF0E},
  {0xFF1A, 0xFF1B},
  {0xFF1F, 0xFF1F},
  {0xFF61, 0xFF61},
  {0xFF64, 0xFF64},
  {0x1039F, 0x1039F},
  {0x103D0, 0x103D0},
  {0x10857, 0x10857},
  {0x1091F, 0x1091F},
  {0x10A56, 0x10A57},
  {0x10AF0, 0x10AF5},
  {0x10B3A, 0x10B3F},
  {0x10B99, 0x10B9C},
  {0x10F55, 0x10F59},
  {0x10F86, 0x10F89},
  {0x11047, 0x1104D},
  {0x110BE, 0x110C1},
  {0x11141, 0x11143},
  {0x111C5, 0x111C6},
  {0x111CD, 0x111CD},
  {0x111DE, 0x111DF},
  {0x11238, 0x1123C},
  {0x112A9, 0x112A9},
  {0x113D4, 0x113D5},
  {0x1144B, 0x1144D},
  {0x1145A, 0x1145B},
  {0x115C2, 0x115C5},
  {0x115C9, 0x115D7},
  {0x11641, 0x11642},
  {0x1173C, 0x1173E},
  {0x11944, 0x11944},
  {0x11946, 0x11946},
  {0x11A42, 0x11A43},
  {0x11A9B, 0x11A9C},
  {0x11AA1, 0x11AA2},
  {0x11C41, 0x11C43},
  {0x11C71, 0x11C71},
  {0x11EF7, 0x11EF8},
  {0x11F43, 0x11F44},
  {0x12470, 0x12474},
  {0x16A6E, 0x16A6F},
  {0x16AF5, 0x16AF5},
  {0x16B37, 0x16B39},
  {0x16B44, 0x16B44},
  {0x16D6E, 0x16D6F},
  {0x16E97, 0x16E98},
  {0x1BC9F, 0x1BC9F},
  {0x1DA87, 0x1DA8A},
  {0x3400, 0x4DBF},
  {0x4E00, 0x9FFF},
  {0xFA0E, 0xFA0F},
  {0xFA11, 0xFA11},
  {0xFA13, 0xFA14},
  {0xFA1F, 0xFA1F},
  {0xFA21, 0xFA21},
  {0xFA23, 0xFA24},
  {0xFA27, 0xFA29},
  {0x20000, 0x2A6DF},
  {0x2A700, 0x2B81D},
  {0x2B820, 0x2CEAD},
  {0x2CEB0, 0x2EBE0},
  {0x2EBF0, 0x2EE5D},
  {0x30000, 0x3134A},
  {0x31350, 0x33479},
  {0x0041, 0x005A},
  {0x00C0, 0x00D6},
  {0x00D8, 0x00DE},
  {0x0100, 0x0100},
  {0x0102, 0x0102},
  {0x0104, 0x0104},
  {0x0106, 0x0106},
  {0x0108, 0x0108},
  {0x010A, 0x010A},
  {0x010C, 0x010C},
  {0x010E, 0x010E},
  {0x0110, 0x0110},
  {0x0112, 0x0112},
  {0x0114, 0x0114},
  {0x0116, 0x0116},
  {0x0118, 0x0118},
  {0x011A, 0x011A},
  {0x011C, 0x011C},
  {0x011E, 0x011E},
  {0x0120, 0x0120},
  {0x0122, 0x0122},
  {0x0124, 0x0124},
  {0x0126, 0x0126},
  {0x0128, 0x0128},
  {0x012A, 0x012A},
  {0x012C, 0x012C},
  {0x012E, 0x012E},
  {0x0130, 0x0130},
  {0x0132, 0x0132},
  {0x0134, 0x0134},
  {0x0136, 0x0136},
  {0x0139, 0x0139},
  {0x013B, 0x013B},
  {0x013D, 0x013D},
  {0x013F, 0x013F},
  {0x0141, 0x0141},
  {0x0143, 0x0143},
  {0x0145, 0x0145},
  {0x0147, 0x0147},
  {0x014A, 0x014A},
  {0x014C, 0x014C},
  {0x014E, 0x014E},
  {0x0150, 0x0150},
  {0x0152, 0x0152},
  {0x0154, 0x0154},
  {0x0156, 0x0156},
  {0x0158, 0x0158},
  {0x015A, 0x015A},
  {0x015C, 0x015C},
  {0x015E, 0x015E},
  {0x0160, 0x0160},
  {0x0162, 0x0162},
  {0x0164, 0x0164},
  {0x0166, 0x0166},
  {0x0168, 0x0168},
  {0x016A, 0x016A},
  {0x016C, 0x016C},
  {0x016E, 0x016E},
  {0x0170, 0x0170},
  {0x0172, 0x0172},
  {0x0174, 0x0174},
  {0x0176, 0x0176},
  {0x0178, 0x0179},
  {0x017B, 0x017B},
  {0x017D, 0x017D},
  {0x0181, 0x0182},
  {0x0184, 0x0184},
  {0x0186, 0x0187},
  {0x0189, 0x018B},
  {0x018E, 0x0191},
  {0x0193, 0x0194},
  {0x0196, 0x0198},
  {0x019C, 0x019D},
  {0x019F, 0x01A0},
  {0x01A2, 0x01A2},
  {0x01A4, 0x01A4},
  {0x01A6, 0x01A7},
  {0x01A9, 0x01A9},
  {0x01AC, 0x01AC},
  {0x01AE, 0x01AF},
  {0x01B1, 0x01B3},
  {0x01B5, 0x01B5},
  {0x01B7, 0x01B8},
  {0x01BC, 0x01BC},
  {0x01C4, 0x01C4},
  {0x01C7, 0x01C7},
  {0x01CA, 0x01CA},
  {0x01CD, 0x01CD},
  {0x01CF, 0x01CF},
  {0x01D1, 0x01D1},
  {0x01D3, 0x01D3},
  {0x01D5, 0x01D5},
  {0x01D7, 0x01D7},
  {0x01D9, 0x01D9},
  {0x01DB, 0x01DB},
  {0x01DE, 0x01DE},
  {0x01E0, 0x01E0},
  {0x01E2, 0x01E2},
  {0x01E4, 0x01E4},
  {0x01E6, 0x01E6},
  {0x01E8, 0x01E8},
  {0x01EA, 0x01EA},
  {0x01EC, 0x01EC},
  {0x01EE, 0x01EE},
  {0x01F1, 0x01F1},
  {0x01F4, 0x01F4},
  {0x01F6, 0x01F8},
  {0x01FA, 0x01FA},
  {0x01FC, 0x01FC},
  {0x01FE, 0x01FE},
  {0x0200, 0x0200},
  {0x0202, 0x0202},
  {0x0204, 0x0204},
  {0x0206, 0x0206},
  {0x0208, 0x0208},
  {0x020A, 0x020A},
  {0x020C, 0x020C},
  {0x020E, 0x020E},
  {0x0210, 0x0210},
  {0x0212, 0x0212},
  {0x0214, 0x0214},
  {0x0216, 0x0216},
  {0x0218, 0x0218},
  {0x021A, 0x021A},
  {0x021C, 0x021C},
  {0x021E, 0x021E},
  {0x0220, 0x0220},
  {0x0222, 0x0222},
  {0x0224, 0x0224},
  {0x0226, 0x0226},
  {0x0228, 0x0228},
  {0x022A, 0x022A},
  {0x022C, 0x022C},
  {0x022E, 0x022E},
  {0x0230, 0x0230},
  {0x0232, 0x0232},
  {0x023A, 0x023B},
  {0x023D, 0x023E},
  {0x0241, 0x0241},
  {0x0243, 0x0246},
  {0x0248, 0x0248},
  {0x024A, 0x024A},
  {0x024C, 0x024C},
  {0x024E, 0x024E},
  {0x0370, 0x0370},
  {0x0372, 0x0372},
  {0x0376, 0x0376},
  {0x037F, 0x037F},
  {0x0386, 0x0386},
  {0x0388, 0x038A},
  {0x038C, 0x038C},
  {0x038E, 0x038F},
  {0x0391, 0x03A1},
  {0x03A3, 0x03AB},
  {0x03CF, 0x03CF},
  {0x03D2, 0x03D4},
  {0x03D8, 0x03D8},
  {0x03DA, 0x03DA},
  {0x03DC, 0x03DC},
  {0x03DE, 0x03DE},
  {0x03E0, 0x03E0},
  {0x03E2, 0x03E2},
  {0x03E4, 0x03E4},
  {0x03E6, 0x03E6},
  {0x03E8, 0x03E8},
  {0x03EA, 0x03EA},
  {0x03EC, 0x03EC},
  {0x03EE, 0x03EE},
  {0x03F4, 0x03F4},
  {0x03F7, 0x03F7},
  {0x03F9, 0x03FA},
  {0x03FD, 0x042F},
  {0x0460, 0x0460},
  {0x0462, 0x0462},
  {0x0464, 0x0464},
  {0x0466, 0x0466},
  {0x0468, 0x0468},
  {0x046A, 0x046A},
  {0x046C, 0x046C},
  {0x046E, 0x046E},
  {0x0470, 0x0470},
  {0x0472, 0x0472},
  {0x0474, 0x0474},
  {0x0476, 0x0476},
  {0x0478, 0x0478},
  {0x047A, 0x047A},
  {0x047C, 0x047C},
  {0x047E, 0x047E},
  {0x0480, 0x0480},
  {0x048A, 0x048A},
  {0x048C, 0x048C},
  {0x048E, 0x048E},
  {0x0490, 0x0490},
  {0x0492, 0x0492},
  {0x0494, 0x0494},
  {0x0496, 0x0496},
  {0x0498, 0x0498},
  {0x049A, 0x049A},
  {0x049C, 0x049C},
  {0x049E, 0x049E},
  {0x04A0, 0x04A0},
  {0x04A2, 0x04A2},
  {0x04A4, 0x04A4},
  {0x04A6, 0x04A6},
  {0x04A8, 0x04A8},
  {0x04AA, 0x04AA},
  {0x04AC, 0x04AC},
  {0x04AE, 0x04AE},
  {0x04B0, 0x04B0},
  {0x04B2, 0x04B2},
  {0x04B4, 0x04B4},
  {0x04B6, 0x04B6},
  {0x04B8, 0x04B8},
  {0x04BA, 0x04BA},
  {0x04BC, 0x04BC},
  {0x04BE, 0x04BE},
  {0x04C0, 0x04C1},
  {0x04C3, 0x04C3},
  {0x04C5, 0x04C5},
  {0x04C7, 0x04C7},
  {0x04C9, 0x04C9},
  {0x04CB, 0x04CB},
  {0x04CD, 0x04CD},
  {0x04D0, 0x04D0},
  {0x04D2, 0x04D2},
  {0x04D4, 0x04D4},
  {0x04D6, 0x04D6},
  {0x04D8, 0x04D8},
  {0x04DA, 0x04DA},
  {0x04DC, 0x04DC},
  {0x04DE, 0x04DE},
  {0x04E0, 0x04E0},
  {0x04E2, 0x04E2},
  {0x04E4, 0x04E4},
  {0x04E6, 0x04E6},
  {0x04E8, 0x04E8},
  {0x04EA, 0x04EA},
  {0x04EC, 0x04EC},
  {0x04EE, 0x04EE},
  {0x04F0, 0x04F0},
  {0x04F2, 0x04F2},
  {0x04F4, 0x04F4},
  {0x04F6, 0x04F6},
  {0x04F8, 0x04F8},
  {0x04FA, 0x04FA},
  {0x04FC, 0x04FC},
  {0x04FE, 0x04FE},
  {0x0500, 0x0500},
  {0x0502, 0x0502},
  {0x0504, 0x0504},
  {0x0506, 0x0506},
  {0x0508, 0x0508},
  {0x050A, 0x050A},
  {0x050C, 0x050C},
  {0x050E, 0x050E},
  {0x0510, 0x0510},
  {0x0512, 0x0512},
  {0x0514, 0x0514},
  {0x0516, 0x0516},
  {0x0518, 0x0518},
  {0x051A, 0x051A},
  {0x051C, 0x051C},
  {0x051E, 0x051E},
  {0x0520, 0x0520},
  {0x0522, 0x0522},
  {0x0524, 0x0524},
  {0x0526, 0x0526},
  {0x0528, 0x0528},
  {0x052A, 0x052A},
  {0x052C, 0x052C},
  {0x052E, 0x052E},
  {0x0531, 0x0556},
  {0x10A0, 0x10C5},
  {0x10C7, 0x10C7},
  {0x10CD, 0x10CD},
  {0x13A0, 0x13F5},
  {0x1C89, 0x1C89},
  {0x1C90, 0x1CBA},
  {0x1CBD, 0x1CBF},
  {0x1E00, 0x1E00},
  {0x1E02, 0x1E02},
  {0x1E04, 0x1E04},
  {0x1E06, 0x1E06},
  {0x1E08, 0x1E08},
  {0x1E0A, 0x1E0A},
  {0x1E0C, 0x1E0C},
  {0x1E0E, 0x1E0E},
  {0x1E10, 0x1E10},
  {0x1E12, 0x1E12},
  {0x1E14, 0x1E14},
  {0x1E16, 0x1E16},
  {0x1E18, 0x1E18},
  {0x1E1A, 0x1E1A},
  {0x1E1C, 0x1E1C},
  {0x1E1E, 0x1E1E},
  {0x1E20, 0x1E20},
  {0x1E22, 0x1E22},
  {0x1E24, 0x1E24},
  {0x1E26, 0x1E26},
  {0x1E28, 0x1E28},
  {0x1E2A, 0x1E2A},
  {0x1E2C, 0x1E2C},
  {0x1E2E, 0x1E2E},
  {0x1E30, 0x1E30},
  {0x1E32, 0x1E32},
  {0x1E34, 0x1E34},
  {0x1E36, 0x1E36},
  {0x1E38, 0x1E38},
  {0x1E3A, 0x1E3A},
  {0x1E3C, 0x1E3C},
  {0x1E3E, 0x1E3E},
  {0x1E40, 0x1E40},
  {0x1E42, 0x1E42},
  {0x1E44, 0x1E44},
  {0x1E46, 0x1E46},
  {0x1E48, 0x1E48},
  {0x1E4A, 0x1E4A},
  {0x1E4C, 0x1E4C},
  {0x1E4E, 0x1E4E},
  {0x1E50, 0x1E50},
  {0x1E52, 0x1E52},
  {0x1E54, 0x1E54},
  {0x1E56, 0x1E56},
  {0x1E58, 0x1E58},
  {0x1E5A, 0x1E5A},
  {0x1E5C, 0x1E5C},
  {0x1E5E, 0x1E5E},
  {0x1E60, 0x1E60},
  {0x1E62, 0x1E62},
  {0x1E64, 0x1E64},
  {0x1E66, 0x1E66},
  {0x1E68, 0x1E68},
  {0x1E6A, 0x1E6A},
  {0x1E6C, 0x1E6C},
  {0x1E6E, 0x1E6E},
  {0x1E70, 0x1E70},
  {0x1E72, 0x1E72},
  {0x1E74, 0x1E74},
  {0x1E76, 0x1E76},
  {0x1E78, 0x1E78},
  {0x1E7A, 0x1E7A},
  {0x1E7C, 0x1E7C},
  {0x1E7E, 0x1E7E},
  {0x1E80, 0x1E80},
  {0x1E82, 0x1E82},
  {0x1E84, 0x1E84},
  {0x1E86, 0x1E86},
  {0x1E88, 0x1E88},
  {0x1E8A, 0x1E8A},
  {0x1E8C, 0x1E8C},
  {0x1E8E, 0x1E8E},
  {0x1E90, 0x1E90},
  {0x1E92, 0x1E92},
  {0x1E94, 0x1E94},
  {0x1E9E, 0x1E9E},
  {0x1EA0, 0x1EA0},
  {0x1EA2, 0x1EA2},
  {0x1EA4, 0x1EA4},
  {0x1EA6, 0x1EA6},
  {0x1EA8, 0x1EA8},
  {0x1EAA, 0x1EAA},
  {0x1EAC, 0x1EAC},
  {0x1EAE, 0x1EAE},
  {0x1EB0, 0x1EB0},
  {0x1EB2, 0x1EB2},
  {0x1EB4, 0x1EB4},
  {0x1EB6, 0x1EB6},
  {0x1EB8, 0x1EB8},
  {0x1EBA, 0x1EBA},
  {0x1EBC, 0x1EBC},
  {0x1EBE, 0x1EBE},
  {0x1EC0, 0x1EC0},
  {0x1EC2, 0x1EC2},
  {0x1EC4, 0x1EC4},
  {0x1EC6, 0x1EC6},
  {0x1EC8, 0x1EC8},
  {0x1ECA, 0x1ECA},
  {0x1ECC, 0x1ECC},
  {0x1ECE, 0x1ECE},
  {0x1ED0, 0x1ED0},
  {0x1ED2, 0x1ED2},
  {0x1ED4, 0x1ED4},
  {0x1ED6, 0x1ED6},
  {0x1ED8, 0x1ED8},
  {0x1EDA, 0x1EDA},
  {0x1EDC, 0x1EDC},
  {0x1EDE, 0x1EDE},
  {0x1EE0, 0x1EE0},
  {0x1EE2, 0x1EE2},
  {0x1EE4, 0x1EE4},
  {0x1EE6, 0x1EE6},
  {0x1EE8, 0x1EE8},
  {0x1EEA, 0x1EEA},
  {0x1EEC, 0x1EEC},
  {0x1EEE, 0x1EEE},
  {0x1EF0, 0x1EF0},
  {0x1EF2, 0x1EF2},
  {0x1EF4, 0x1EF4},
  {0x1EF6, 0x1EF6},
  {0x1EF8, 0x1EF8},
  {0x1EFA, 0x1EFA},
  {0x1EFC, 0x1EFC},
  {0x1EFE, 0x1EFE},
  {0x1F08, 0x1F0F},
  {0x1F18, 0x1F1D},
  {0x1F28, 0x1F2F},
  {0x1F38, 0x1F3F},
  {0x1F48, 0x1F4D},
  {0x1F59, 0x1F59},
  {0x1F5B, 0x1F5B},
  {0x1F5D, 0x1F5D},
  {0x1F5F, 0x1F5F},
  {0x1F68, 0x1F6F},
  {0x1FB8, 0x1FBB},
  {0x1FC8, 0x1FCB},
  {0x1FD8, 0x1FDB},
  {0x1FE8, 0x1FEC},
  {0x1FF8, 0x1FFB},
  {0x2102, 0x2102},
  {0x2107, 0x2107},
  {0x210B, 0x210D},
  {0x2110, 0x2112},
  {0x2115, 0x2115},
  {0x2119, 0x211D},
  {0x2124, 0x2124},
  {0x2126, 0x2126},
  {0x2128, 0x2128},
  {0x212A, 0x212D},
  {0x2130, 0x2133},
  {0x213E, 0x213F},
  {0x2145, 0x2145},
  {0x2160, 0x216F},
  {0x2183, 0x2183},
  {0x24B6, 0x24CF},
  {0x2C00, 0x2C2F},
  {0x2C60, 0x2C60},
  {0x2C62, 0x2C64},
  {0x2C67, 0x2C67},
  {0x2C69, 0x2C69},
  {0x2C6B, 0x2C6B},
  {0x2C6D, 0x2C70},
  {0x2C72, 0x2C72},
  {0x2C75, 0x2C75},
  {0x2C7E, 0x2C80},
  {0x2C82, 0x2C82},
  {0x2C84, 0x2C84},
  {0x2C86, 0x2C86},
  {0x2C88, 0x2C88},
  {0x2C8A, 0x2C8A},
  {0x2C8C, 0x2C8C},
  {0x2C8E, 0x2C8E},
  {0x2C90, 0x2C90},
  {0x2C92, 0x2C92},
  {0x2C94, 0x2C94},
  {0x2C96, 0x2C96},
  {0x2C98, 0x2C98},
  {0x2C9A, 0x2C9A},
  {0x2C9C, 0x2C9C},
  {0x2C9E, 0x2C9E},
  {0x2CA0, 0x2CA0},
  {0x2CA2, 0x2CA2},
  {0x2CA4, 0x2CA4},
  {0x2CA6, 0x2CA6},
  {0x2CA8, 0x2CA8},
  {0x2CAA, 0x2CAA},
  {0x2CAC, 0x2CAC},
  {0x2CAE, 0x2CAE},
  {0x2CB0, 0x2CB0},
  {0x2CB2, 0x2CB2},
  {0x2CB4, 0x2CB4},
  {0x2CB6, 0x2CB6},
  {0x2CB8, 0x2CB8},
  {0x2CBA, 0x2CBA},
  {0x2CBC, 0x2CBC},
  {0x2CBE, 0x2CBE},
  {0x2CC0, 0x2CC0},
  {0x2CC2, 0x2CC2},
  {0x2CC4, 0x2CC4},
  {0x2CC6, 0x2CC6},
  {0x2CC8, 0x2CC8},
  {0x2CCA, 0x2CCA},
  {0x2CCC, 0x2CCC},
  {0x2CCE, 0x2CCE},
  {0x2CD0, 0x2CD0},
  {0x2CD2, 0x2CD2},
  {0x2CD4, 0x2CD4},
  {0x2CD6, 0x2CD6},
  {0x2CD8, 0x2CD8},
  {0x2CDA, 0x2CDA},
  {0x2CDC, 0x2CDC},
  {0x2CDE, 0x2CDE},
  {0x2CE0, 0x2CE0},
  {0x2CE2, 0x2CE2},
  {0x2CEB, 0x2CEB},
  {0x2CED, 0x2CED},
  {0x2CF2, 0x2CF2},
  {0xA640, 0xA640},
  {0xA642, 0xA642},
  {0xA644, 0xA644},
  {0xA646, 0xA646},
  {0xA648, 0xA648},
  {0xA64A, 0xA64A},
  {0xA64C, 0xA64C},
  {0xA64E, 0xA64E},
  {0xA650, 0xA650},
  {0xA652, 0xA652},
  {0xA654, 0xA654},
  {0xA656, 0xA656},
  {0xA658, 0xA658},
  {0xA65A, 0xA65A},
  {0xA65C, 0xA65C},
  {0xA65E, 0xA65E},
  {0xA660, 0xA660},
  {0xA662, 0xA662},
  {0xA664, 0xA664},
  {0xA666, 0xA666},
  {0xA668, 0xA668},
  {0xA66A, 0xA66A},
  {0xA66C, 0xA66C},
  {0xA680, 0xA680},
  {0xA682, 0xA682},
  {0xA684, 0xA684},
  {0xA686, 0xA686},
  {0xA688, 0xA688},
  {0xA68A, 0xA68A},
  {0xA68C, 0xA68C},
  {0xA68E, 0xA68E},
  {0xA690, 0xA690},
  {0xA692, 0xA692},
  {0xA694, 0xA694},
  {0xA696, 0xA696},
  {0xA698, 0xA698},
  {0xA69A, 0xA69A},
  {0xA722, 0xA722},
  {0xA724, 0xA724},
  {0xA726, 0xA726},
  {0xA728, 0xA728},
  {0xA72A, 0xA72A},
  {0xA72C, 0xA72C},
  {0xA72E, 0xA72E},
  {0xA732, 0xA732},
  {0xA734, 0xA734},
  {0xA736, 0xA736},
  {0xA738, 0xA738},
  {0xA73A, 0xA73A},
  {0xA73C, 0xA73C},
  {0xA73E, 0xA73E},
  {0xA740, 0xA740},
  {0xA742, 0xA742},
  {0xA744, 0xA744},
  {0xA746, 0xA746},
  {0xA748, 0xA748},
  {0xA74A, 0xA74A},
  {0xA74C, 0xA74C},
  {0xA74E, 0xA74E},
  {0xA750, 0xA750},
  {0xA752, 0xA752},
  {0xA754, 0xA754},
  {0xA756, 0xA756},
  {0xA758, 0xA758},
  {0xA75A, 0xA75A},
  {0xA75C, 0xA75C},
  {0xA75E, 0xA75E},
  {0xA760, 0xA760},
  {0xA762, 0xA762},
  {0xA764, 0xA764},
  {0xA766, 0xA766},
  {0xA768, 0xA768},
  {0xA76A, 0xA76A},
  {0xA76C, 0xA76C},
  {0xA76E, 0xA76E},
  {0xA779, 0xA779},
  {0xA77B, 0xA77B},
  {0xA77D, 0xA77E},
  {0xA780, 0xA780},
  {0xA782, 0xA782},
  {0xA784, 0xA784},
  {0xA786, 0xA786},
  {0xA78B, 0xA78B},
  {0xA78D, 0xA78D},
  {0xA790, 0xA790},
  {0xA792, 0xA792},
  {0xA796, 0xA796},
  {0xA798, 0xA798},
  {0xA79A, 0xA79A},
  {0xA79C, 0xA79C},
  {0xA79E, 0xA79E},
  {0xA7A0, 0xA7A0},
  {0xA7A2, 0xA7A2},
  {0xA7A4, 0xA7A4},
  {0xA7A6, 0xA7A6},
  {0xA7A8, 0xA7A8},
  {0xA7AA, 0xA7AE},
  {0xA7B0, 0xA7B4},
  {0xA7B6, 0xA7B6},
  {0xA7B8, 0xA7B8},
  {0xA7BA, 0xA7BA},
  {0xA7BC, 0xA7BC},
  {0xA7BE, 0xA7BE},
  {0xA7C0, 0xA7C0},
  {0xA7C2, 0xA7C2},
  {0xA7C4, 0xA7C7},
  {0xA7C9, 0xA7C9},
  {0xA7CB, 0xA7CC},
  {0xA7CE, 0xA7CE},
  {0xA7D0, 0xA7D0},
  {0xA7D2, 0xA7D2},
  {0xA7D4, 0xA7D4},
  {0xA7D6, 0xA7D6},
  {0xA7D8, 0xA7D8},
  {0xA7DA, 0xA7DA},
  {0xA7DC, 0xA7DC},
  {0xA7F5, 0xA7F5},
  {0xFF21, 0xFF3A},
  {0x10400, 0x10427},
  {0x104B0, 0x104D3},
  {0x10570, 0x1057A},
  {0x1057C, 0x1058A},
  {0x1058C, 0x10592},
  {0x10594, 0x10595},
  {0x10C80, 0x10CB2},
  {0x10D50, 0x10D65},
  {0x118A0, 0x118BF},
  {0x16E40, 0x16E5F},
  {0x16EA0, 0x16EB8},
  {0x1D400, 0x1D419},
  {0x1D434, 0x1D44D},
  {0x1D468, 0x1D481},
  {0x1D49C, 0x1D49C},
  {0x1D49E, 0x1D49F},
  {0x1D4A2, 0x1D4A2},
  {0x1D4A5, 0x1D4A6},
  {0x1D4A9, 0x1D4AC},
  {0x1D4AE, 0x1D4B5},
  {0x1D4D0, 0x1D4E9},
  {0x1D504, 0x1D505},
  {0x1D507, 0x1D50A},
  {0x1D50D, 0x1D514},
  {0x1D516, 0x1D51C},
  {0x1D538, 0x1D539},
  {0x1D53B, 0x1D53E},
  {0x1D540, 0x1D544},
  {0x1D546, 0x1D546},
  {0x1D54A, 0x1D550},
  {0x1D56C, 0x1D585},
  {0x1D5A0, 0x1D5B9},
  {0x1D5D4, 0x1D5ED},
  {0x1D608, 0x1D621},
  {0x1D63C, 0x1D655},
  {0x1D670, 0x1D689},
  {0x1D6A8, 0x1D6C0},
  {0x1D6E2, 0x1D6FA},
  {0x1D71C, 0x1D734},
  {0x1D756, 0x1D76E},
  {0x1D790, 0x1D7A8},
  {0x1D7CA, 0x1D7CA},
  {0x1E900, 0x1E921},
  {0x1F130, 0x1F149},
  {0x1F150, 0x1F169},
  {0x1F170, 0x1F189},
  {0x180B, 0x180D},
  {0x180F, 0x180F},
  {0xFE00, 0xFE0F},
  {0xE0100, 0xE01EF},
  {0x0009, 0x000D},
  {0x0020, 0x0020},
  {0x0085, 0x0085},
  {0x00A0, 0x00A0},
  {0x1680, 0x1680},
  {0x2000, 0x200A},
  {0x2028, 0x2029},
  {0x202F, 0x202F},
  {0x205F, 0x205F},
  {0x3000, 0x3000},
  {0x0030, 0x0039},
  {0x0041, 0x005A},
  {0x005F, 0x005F},
  {0x0061, 0x007A},
  {0x00AA, 0x00AA},
  {0x00B5, 0x00B5},
  {0x00B7, 0x00B7},
  {0x00BA, 0x00BA},
  {0x00C0, 0x00D6},
  {0x00D8, 0x00F6},
  {0x00F8, 0x02C1},
  {0x02C6, 0x02D1},
  {0x02E0, 0x02E4},
  {0x02EC, 0x02EC},
  {0x02EE, 0x02EE},
  {0x0300, 0x0374},
  {0x0376, 0x0377},
  {0x037B, 0x037D},
  {0x037F, 0x037F},
  {0x0386, 0x038A},
  {0x038C, 0x038C},
  {0x038E, 0x03A1},
  {0x03A3, 0x03F5},
  {0x03F7, 0x0481},
  {0x0483, 0x0487},
  {0x048A, 0x052F},
  {0x0531, 0x0556},
  {0x0559, 0x0559},
  {0x0560, 0x0588},
  {0x0591, 0x05BD},
  {0x05BF, 0x05BF},
  {0x05C1, 0x05C2},
  {0x05C4, 0x05C5},
  {0x05C7, 0x05C7},
  {0x05D0, 0x05EA},
  {0x05EF, 0x05F2},
  {0x0610, 0x061A},
  {0x0620, 0x0669},
  {0x066E, 0x06D3},
  {0x06D5, 0x06DC},
  {0x06DF, 0x06E8},
  {0x06EA, 0x06FC},
  {0x06FF, 0x06FF},
  {0x0710, 0x074A},
  {0x074D, 0x07B1},
  {0x07C0, 0x07F5},
  {0x07FA, 0x07FA},
  {0x07FD, 0x07FD},
  {0x0800, 0x082D},
  {0x0840, 0x085B},
  {0x0860, 0x086A},
  {0x0870, 0x0887},
  {0x0889, 0x088F},
  {0x0897, 0x08E1},
  {0x08E3, 0x0963},
  {0x0966, 0x096F},
  {0x0971, 0x0983},
  {0x0985, 0x098C},
  {0x098F, 0x0990},
  {0x0993, 0x09A8},
  {0x09AA, 0x09B0},
  {0x09B2, 0x09B2},
  {0x09B6, 0x09B9},
  {0x09BC, 0x09C4},
  {0x09C7, 0x09C8},
  {0x09CB, 0x09CE},
  {0x09D7, 0x09D7},
  {0x09DC, 0x09DD},
  {0x09DF, 0x09E3},
  {0x09E6, 0x09F1},
  {0x09FC, 0x09FC},
  {0x09FE, 0x09FE},
  {0x0A01, 0x0A03},
  {0x0A05, 0x0A0A},
  {0x0A0F, 0x0A10},
  {0x0A13, 0x0A28},
  {0x0A2A, 0x0A30},
  {0x0A32, 0x0A33},
  {0x0A35, 0x0A36},
  {0x0A38, 0x0A39},
  {0x0A3C, 0x0A3C},
  {0x0A3E, 0x0A42},
  {0x0A47, 0x0A48},
  {0x0A4B, 0x0A4D},
  {0x0A51, 0x0A51},
  {0x0A59, 0x0A5C},
  {0x0A5E, 0x0A5E},
  {0x0A66, 0x0A75},
  {0x0A81, 0x0A83},
  {0x0A85, 0x0A8D},
  {0x0A8F, 0x0A91},
  {0x0A93, 0x0AA8},
  {0x0AAA, 0x0AB0},
  {0x0AB2, 0x0AB3},
  {0x0AB5, 0x0AB9},
  {0x0ABC, 0x0AC5},
  {0x0AC7, 0x0AC9},
  {0x0ACB, 0x0ACD},
  {0x0AD0, 0x0AD0},
  {0x0AE0, 0x0AE3},
  {0x0AE6, 0x0AEF},
  {0x0AF9, 0x0AFF},
  {0x0B01, 0x0B03},
  {0x0B05, 0x0B0C},
  {0x0B0F, 0x0B10},
  {0x0B13, 0x0B28},
  {0x0B2A, 0x0B30},
  {0x0B32, 0x0B33},
  {0x0B35, 0x0B39},
  {0x0B3C, 0x0B44},
  {0x0B47, 0x0B48},
  {0x0B4B, 0x0B4D},
  {0x0B55, 0x0B57},
  {0x0B5C, 0x0B5D},
  {0x0B5F, 0x0B63},
  {0x0B66, 0x0B6F},
  {0x0B71, 0x0B71},
  {0x0B82, 0x0B83},
  {0x0B85, 0x0B8A},
  {0x0B8E, 0x0B90},
  {0x0B92, 0x0B95},
  {0x0B99, 0x0B9A},
  {0x0B9C, 0x0B9C},
  {0x0B9E, 0x0B9F},
  {0x0BA3, 0x0BA4},
  {0x0BA8, 0x0BAA},
  {0x0BAE, 0x0BB9},
  {0x0BBE, 0x0BC2},
  {0x0BC6, 0x0BC8},
  {0x0BCA, 0x0BCD},
  {0x0BD0, 0x0BD0},
  {0x0BD7, 0x0BD7},
  {0x0BE6, 0x0BEF},
  {0x0C00, 0x0C0C},
  {0x0C0E, 0x0C10},
  {0x0C12, 0x0C28},
  {0x0C2A, 0x0C39},
  {0x0C3C, 0x0C44},
  {0x0C46, 0x0C48},
  {0x0C4A, 0x0C4D},
  {0x0C55, 0x0C56},
  {0x0C58, 0x0C5A},
  {0x0C5C, 0x0C5D},
  {0x0C60, 0x0C63},
  {0x0C66, 0x0C6F},
  {0x0C80, 0x0C83},
  {0x0C85, 0x0C8C},
  {0x0C8E, 0x0C90},
  {0x0C92, 0x0CA8},
  {0x0CAA, 0x0CB3},
  {0x0CB5, 0x0CB9},
  {0x0CBC, 0x0CC4},
  {0x0CC6, 0x0CC8},
  {0x0CCA, 0x0CCD},
  {0x0CD5, 0x0CD6},
  {0x0CDC, 0x0CDE},
  {0x0CE0, 0x0CE3},
  {0x0CE6, 0x0CEF},
  {0x0CF1, 0x0CF3},
  {0x0D00, 0x0D0C},
  {0x0D0E, 0x0D10},
  {0x0D12, 0x0D44},
  {0x0D46, 0x0D48},
  {0x0D4A, 0x0D4E},
  {0x0D54, 0x0D57},
  {0x0D5F, 0x0D63},
  {0x0D66, 0x0D6F},
  {0x0D7A, 0x0D7F},
  {0x0D81, 0x0D83},
  {0x0D85, 0x0D96},
  {0x0D9A, 0x0DB1},
  {0x0DB3, 0x0DBB},
  {0x0DBD, 0x0DBD},
  {0x0DC0, 0x0DC6},
  {0x0DCA, 0x0DCA},
  {0x0DCF, 0x0DD4},
  {0x0DD6, 0x0DD6},
  {0x0DD8, 0x0DDF},
  {0x0DE6, 0x0DEF},
  {0x0DF2, 0x0DF3},
  {0x0E01, 0x0E3A},
  {0x0E40, 0x0E4E},
  {0x0E50, 0x0E59},
  {0x0E81, 0x0E82},
  {0x0E84, 0x0E84},
  {0x0E86, 0x0E8A},
  {0x0E8C, 0x0EA3},
  {0x0EA5, 0x0EA5},
  {0x0EA7, 0x0EBD},
  {0x0EC0, 0x0EC4},
  {0x0EC6, 0x0EC6},
  {0x0EC8, 0x0ECE},
  {0x0ED0, 0x0ED9},
  {0x0EDC, 0x0EDF},
  {0x0F00, 0x0F00},
  {0x0F18, 0x0F19},
  {0x0F20, 0x0F29},
  {0x0F35, 0x0F35},
  {0x0F37, 0x0F37},
  {0x0F39, 0x0F39},
  {0x0F3E, 0x0F47},
  {0x0F49, 0x0F6C},
  {0x0F71, 0x0F84},
  {0x0F86, 0x0F97},
  {0x0F99, 0x0FBC},
  {0x0FC6, 0x0FC6},
  {0x1000, 0x1049},
  {0x1050, 0x109D},
  {0x10A0, 0x10C5},
  {0x10C7, 0x10C7},
  {0x10CD, 0x10CD},
  {0x10D0, 0x10FA},
  {0x10FC, 0x1248},
  {0x124A, 0x124D},
  {0x1250, 0x1256},
  {0x1258, 0x1258},
  {0x125A, 0x125D},
  {0x1260, 0x1288},
  {0x128A, 0x128D},
  {0x1290, 0x12B0},
  {0x12B2, 0x12B5},
  {0x12B8, 0x12BE},
  {0x12C0, 0x12C0},
  {0x12C2, 0x12C5},
  {0x12C8, 0x12D6},
  {0x12D8, 0x1310},
  {0x1312, 0x1315},
  {0x1318, 0x135A},
  {0x135D, 0x135F},
  {0x1369, 0x1371},
  {0x1380, 0x138F},
  {0x13A0, 0x13F5},
  {0x13F8, 0x13FD},
  {0x1401, 0x166C},
  {0x166F, 0x167F},
  {0x1681, 0x169A},
  {0x16A0, 0x16EA},
  {0x16EE, 0x16F8},
  {0x1700, 0x1715},
  {0x171F, 0x1734},
  {0x1740, 0x1753},
  {0x1760, 0x176C},
  {0x176E, 0x1770},
  {0x1772, 0x1773},
  {0x1780, 0x17D3},
  {0x17D7, 0x17D7},
  {0x17DC, 0x17DD},
  {0x17E0, 0x17E9},
  {0x180B, 0x180D},
  {0x180F, 0x1819},
  {0x1820, 0x1878},
  {0x1880, 0x18AA},
  {0x18B0, 0x18F5},
  {0x1900, 0x191E},
  {0x1920, 0x192B},
  {0x1930, 0x193B},
  {0x1946, 0x196D},
  {0x1970, 0x1974},
  {0x1980, 0x19AB},
  {0x19B0, 0x19C9},
  {0x19D0, 0x19DA},
  {0x1A00, 0x1A1B},
  {0x1A20, 0x1A5E},
  {0x1A60, 0x1A7C},
  {0x1A7F, 0x1A89},
  {0x1A90, 0x1A99},
  {0x1AA7, 0x1AA7},
  {0x1AB0, 0x1ABD},
  {0x1ABF, 0x1ADD},
  {0x1AE0, 0x1AEB},
  {0x1B00, 0x1B4C},
  {0x1B50, 0x1B59},
  {0x1B6B, 0x1B73},
  {0x1B80, 0x1BF3},
  {0x1C00, 0x1C37},
  {0x1C40, 0x1C49},
  {0x1C4D, 0x1C7D},
  {0x1C80, 0x1C8A},
  {0x1C90, 0x1CBA},
  {0x1CBD, 0x1CBF},
  {0x1CD0, 0x1CD2},
  {0x1CD4, 0x1CFA},
  {0x1D00, 0x1F15},
  {0x1F18, 0x1F1D},
  {0x1F20, 0x1F45},
  {0x1F48, 0x1F4D},
  {0x1F50, 0x1F57},
  {0x1F59, 0x1F59},
  {0x1F5B, 0x1F5B},
  {0x1F5D, 0x1F5D},
  {0x1F5F, 0x1F7D},
  {0x1F80, 0x1FB4},
  {0x1FB6, 0x1FBC},
  {0x1FBE, 0x1FBE},
  {0x1FC2, 0x1FC4},
  {0x1FC6, 0x1FCC},
  {0x1FD0, 0x1FD3},
  {0x1FD6, 0x1FDB},
  {0x1FE0, 0x1FEC},
  {0x1FF2, 0x1FF4},
  {0x1FF6, 0x1FFC},
  {0x200C, 0x200D},
  {0x203F, 0x2040},
  {0x2054, 0x2054},
  {0x2071, 0x2071},
  {0x207F, 0x207F},
  {0x2090, 0x209C},
  {0x20D0, 0x20DC},
  {0x20E1, 0x20E1},
  {0x20E5, 0x20F0},
  {0x2102, 0x2102},
  {0x2107, 0x2107},
  {0x210A, 0x2113},
  {0x2115, 0x2115},
  {0x2118, 0x211D},
  {0x2124, 0x2124},
  {0x2126, 0x2126},
  {0x2128, 0x2128},
  {0x212A, 0x2139},
  {0x213C, 0x213F},
  {0x2145, 0x2149},
  {0x214E, 0x214E},
  {0x2160, 0x2188},
  {0x2C00, 0x2CE4},
  {0x2CEB, 0x2CF3},
  {0x2D00, 0x2D25},
  {0x2D27, 0x2D27},
  {0x2D2D, 0x2D2D},
  {0x2D30, 0x2D67},
  {0x2D6F, 0x2D6F},
  {0x2D7F, 0x2D96},
  {0x2DA0, 0x2DA6},
  {0x2DA8, 0x2DAE},
  {0x2DB0, 0x2DB6},
  {0x2DB8, 0x2DBE},
  {0x2DC0, 0x2DC6},
  {0x2DC8, 0x2DCE},
  {0x2DD0, 0x2DD6},
  {0x2DD8, 0x2DDE},
  {0x2DE0, 0x2DFF},
  {0x3005, 0x3007},
  {0x3021, 0x302F},
  {0x3031, 0x3035},
  {0x3038, 0x303C},
  {0x3041, 0x3096},
  {0x3099, 0x309A},
  {0x309D, 0x309F},
  {0x30A1, 0x30FF},
  {0x3105, 0x312F},
  {0x3131, 0x318E},
  {0x31A0, 0x31BF},
  {0x31F0, 0x31FF},
  {0x3400, 0x4DBF},
  {0x4E00, 0xA48C},
  {0xA4D0, 0xA4FD},
  {0xA500, 0xA60C},
  {0xA610, 0xA62B},
  {0xA640, 0xA66F},
  {0xA674, 0xA67D},
  {0xA67F, 0xA6F1},
  {0xA717, 0xA71F},
  {0xA722, 0xA788},
  {0xA78B, 0xA7DC},
  {0xA7F1, 0xA827},
  {0xA82C, 0xA82C},
  {0xA840, 0xA873},
  {0xA880, 0xA8C5},
  {0xA8D0, 0xA8D9},
  {0xA8E0, 0xA8F7},
  {0xA8FB, 0xA8FB},
  {0xA8FD, 0xA92D},
  {0xA930, 0xA953},
  {0xA960, 0xA97C},
  {0xA980, 0xA9C0},
  {0xA9CF, 0xA9D9},
  {0xA9E0, 0xA9FE},
  {0xAA00, 0xAA36},
  {0xAA40, 0xAA4D},
  {0xAA50, 0xAA59},
  {0xAA60, 0xAA76},
  {0xAA7A, 0xAAC2},
  {0xAADB, 0xAADD},
  {0xAAE0, 0xAAEF},
  {0xAAF2, 0xAAF6},
  {0xAB01, 0xAB06},
  {0xAB09, 0xAB0E},
  {0xAB11, 0xAB16},
  {0xAB20, 0xAB26},
  {0xAB28, 0xAB2E},
  {0xAB30, 0xAB5A},
  {0xAB5C, 0xAB69},
  {0xAB70, 0xABEA},
  {0xABEC, 0xABED},
  {0xABF0, 0xABF9},
  {0xAC00, 0xD7A3},
  {0xD7B0, 0xD7C6},
  {0xD7CB, 0xD7FB},
  {0xF900, 0xFA6D},
  {0xFA70, 0xFAD9},
  {0xFB00, 0xFB06},
  {0xFB13, 0xFB17},
  {0xFB1D, 0xFB28},
  {0xFB2A, 0xFB36},
  {0xFB38, 0xFB3C},
  {0xFB3E, 0xFB3E},
  {0xFB40, 0xFB41},
  {0xFB43, 0xFB44},
  {0xFB46, 0xFBB1},
  {0xFBD3, 0xFC5D},
  {0xFC64, 0xFD3D},
  {0xFD50, 0xFD8F},
  {0xFD92, 0xFDC7},
  {0xFDF0, 0xFDF9},
  {0xFE00, 0xFE0F},
  {0xFE20, 0xFE2F},
  {0xFE33, 0xFE34},
  {0xFE4D, 0xFE4F},
  {0xFE71, 0xFE71},
  {0xFE73, 0xFE73},
  {0xFE77, 0xFE77},
  {0xFE79, 0xFE79},
  {0xFE7B, 0xFE7B},
  {0xFE7D, 0xFE7D},
  {0xFE7F, 0xFEFC},
  {0xFF10, 0xFF19},
  {0xFF21, 0xFF3A},
  {0xFF3F, 0xFF3F},
  {0xFF41, 0xFF5A},
  {0xFF65, 0xFFBE},
  {0xFFC2, 0xFFC7},
  {0xFFCA, 0xFFCF},
  {0xFFD2, 0xFFD7},
  {0xFFDA, 0xFFDC},
  {0x10000, 0x1000B},
  {0x1000D, 0x10026},
  {0x10028, 0x1003A},
  {0x1003C, 0x1003D},
  {0x1003F, 0x1004D},
  {0x10050, 0x1005D},
  {0x10080, 0x100FA},
  {0x10140, 0x10174},
  {0x101FD, 0x101FD},
  {0x10280, 0x1029C},
  {0x102A0, 0x102D0},
  {0x102E0, 0x102E0},
  {0x10300, 0x1031F},
  {0x1032D, 0x1034A},
  {0x10350, 0x1037A},
  {0x10380, 0x1039D},
  {0x103A0, 0x103C3},
  {0x103C8, 0x103CF},
  {0x103D1, 0x103D5},
  {0x10400, 0x1049D},
  {0x104A0, 0x104A9},
  {0x104B0, 0x104D3},
  {0x104D8, 0x104FB},
  {0x10500, 0x10527},
  {0x10530, 0x10563},
  {0x10570, 0x1057A},
  {0x1057C, 0x1058A},
  {0x1058C, 0x10592},
  {0x10594, 0x10595},
  {0x10597, 0x105A1},
  {0x105A3, 0x105B1},
  {0x105B3, 0x105B9},
  {0x105BB, 0x105BC},
  {0x105C0, 0x105F3},
  {0x10600, 0x10736},
  {0x10740, 0x10755},
  {0x10760, 0x10767},
  {0x10780, 0x10785},
  {0x10787, 0x107B0},
  {0x107B2, 0x107BA},
  {0x10800, 0x10805},
  {0x10808, 0x10808},
  {0x1080A, 0x10835},
  {0x10837, 0x10838},
  {0x1083C, 0x1083C},
  {0x1083F, 0x10855},
  {0x10860, 0x10876},
  {0x10880, 0x1089E},
  {0x108E0, 0x108F2},
  {0x108F4, 0x108F5},
  {0x10900, 0x10915},
  {0x10920, 0x10939},
  {0x10940, 0x10959},
  {0x10980, 0x109B7},
  {0x109BE, 0x109BF},
  {0x10A00, 0x10A03},
  {0x10A05, 0x10A06},
  {0x10A0C, 0x10A13},
  {0x10A15, 0x10A17},
  {0x10A19, 0x10A35},
  {0x10A38, 0x10A3A},
  {0x10A3F, 0x10A3F},
  {0x10A60, 0x10A7C},
  {0x10A80, 0x10A9C},
  {0x10AC0, 0x10AC7},
  {0x10AC9, 0x10AE6},
  {0x10B00, 0x10B35},
  {0x10B40, 0x10B55},
  {0x10B60, 0x10B72},
  {0x10B80, 0x10B91},
  {0x10C00, 0x10C48},
  {0x10C80, 0x10CB2},
  {0x10CC0, 0x10CF2},
  {0x10D00, 0x10D27},
  {0x10D30, 0x10D39},
  {0x10D40, 0x10D65},
  {0x10D69, 0x10D6D},
  {0x10D6F, 0x10D85},
  {0x10E80, 0x10EA9},
  {0x10EAB, 0x10EAC},
  {0x10EB0, 0x10EB1},
  {0x10EC2, 0x10EC7},
  {0x10EFA, 0x10F1C},
  {0x10F27, 0x10F27},
  {0x10F30, 0x10F50},
  {0x10F70, 0x10F85},
  {0x10FB0, 0x10FC4},
  {0x10FE0, 0x10FF6},
  {0x11000, 0x11046},
  {0x11066, 0x11075},
  {0x1107F, 0x110BA},
  {0x110C2, 0x110C2},
  {0x110D0, 0x110E8},
  {0x110F0, 0x110F9},
  {0x11100, 0x11134},
  {0x11136, 0x1113F},
  {0x11144, 0x11147},
  {0x11150, 0x11173},
  {0x11176, 0x11176},
  {0x11180, 0x111C4},
  {0x111C9, 0x111CC},
  {0x111CE, 0x111DA},
  {0x111DC, 0x111DC},
  {0x11200, 0x11211},
  {0x11213, 0x11237},
  {0x1123E, 0x11241},
  {0x11280, 0x11286},
  {0x11288, 0x11288},
  {0x1128A, 0x1128D},
  {0x1128F, 0x1129D},
  {0x1129F, 0x112A8},
  {0x112B0, 0x112EA},
  {0x112F0, 0x112F9},
  {0x11300, 0x11303},
  {0x11305, 0x1130C},
  {0x1130F, 0x11310},
  {0x11313, 0x11328},
  {0x1132A, 0x11330},
  {0x11332, 0x11333},
  {0x11335, 0x11339},
  {0x1133B, 0x11344},
  {0x11347, 0x11348},
  {0x1134B, 0x1134D},
  {0x11350, 0x11350},
  {0x11357, 0x11357},
  {0x1135D, 0x11363},
  {0x11366, 0x1136C},
  {0x11370, 0x11374},
  {0x11380, 0x11389},
  {0x1138B, 0x1138B},
  {0x1138E, 0x1138E},
  {0x11390, 0x113B5},
  {0x113B7, 0x113C0},
  {0x113C2, 0x113C2},
  {0x113C5, 0x113C5},
  {0x113C7, 0x113CA},
  {0x113CC, 0x113D3},
  {0x113E1, 0x113E2},
  {0x11400, 0x1144A},
  {0x11450, 0x11459},
  {0x1145E, 0x11461},
  {0x11480, 0x114C5},
  {0x114C7, 0x114C7},
  {0x114D0, 0x114D9},
  {0x11580, 0x115B5},
  {0x115B8, 0x115C0},
  {0x115D8, 0x115DD},
  {0x11600, 0x11640},
  {0x11644, 0x11644},
  {0x11650, 0x11659},
  {0x11680, 0x116B8},
  {0x116C0, 0x116C9},
  {0x116D0, 0x116E3},
  {0x11700, 0x1171A},
  {0x1171D, 0x1172B},
  {0x11730, 0x11739},
  {0x11740, 0x11746},
  {0x11800, 0x1183A},
  {0x118A0, 0x118E9},
  {0x118FF, 0x11906},
  {0x11909, 0x11909},
  {0x1190C, 0x11913},
  {0x11915, 0x11916},
  {0x11918, 0x11935},
  {0x11937, 0x11938},
  {0x1193B, 0x11943},
  {0x11950, 0x11959},
  {0x119A0, 0x119A7},
  {0x119AA, 0x119D7},
  {0x119DA, 0x119E1},
  {0x119E3, 0x119E4},
  {0x11A00, 0x11A3E},
  {0x11A47, 0x11A47},
  {0x11A50, 0x11A99},
  {0x11A9D, 0x11A9D},
  {0x11AB0, 0x11AF8},
  {0x11B60, 0x11B67},
  {0x11BC0, 0x11BE0},
  {0x11BF0, 0x11BF9},
  {0x11C00, 0x11C08},
  {0x11C0A, 0x11C36},
  {0x11C38, 0x11C40},
  {0x11C50, 0x11C59},
  {0x11C72, 0x11C8F},
  {0x11C92, 0x11CA7},
  {0x11CA9, 0x11CB6},
  {0x11D00, 0x11D06},
  {0x11D08, 0x11D09},
  {0x11D0B, 0x11D36},
  {0x11D3A, 0x11D3A},
  {0x11D3C, 0x11D3D},
  {0x11D3F, 0x11D47},
  {0x11D50, 0x11D59},
  {0x11D60, 0x11D65},
  {0x11D67, 0x11D68},
  {0x11D6A, 0x11D8E},
  {0x11D90, 0x11D91},
  {0x11D93, 0x11D98},
  {0x11DA0, 0x11DA9},
  {0x11DB0, 0x11DDB},
  {0x11DE0, 0x11DE9},
  {0x11EE0, 0x11EF6},
  {0x11F00, 0x11F10},
  {0x11F12, 0x11F3A},
  {0x11F3E, 0x11F42},
  {0x11F50, 0x11F5A},
  {0x11FB0, 0x11FB0},
  {0x12000, 0x12399},
  {0x12400, 0x1246E},
  {0x12480, 0x12543},
  {0x12F90, 0x12FF0},
  {0x13000, 0x1342F},
  {0x13440, 0x13455},
  {0x13460, 0x143FA},
  {0x14400, 0x14646},
  {0x16100, 0x16139},
  {0x16800, 0x16A38},
  {0x16A40, 0x16A5E},
  {0x16A60, 0x16A69},
  {0x16A70, 0x16ABE},
  {0x16AC0, 0x16AC9},
  {0x16AD0, 0x16AED},
  {0x16AF0, 0x16AF4},
  {0x16B00, 0x16B36},
  {0x16B40, 0x16B43},
  {0x16B50, 0x16B59},
  {0x16B63, 0x16B77},
  {0x16B7D, 0x16B8F},
  {0x16D40, 0x16D6C},
  {0x16D70, 0x16D79},
  {0x16E40, 0x16E7F},
  {0x16EA0, 0x16EB8},
  {0x16EBB, 0x16ED3},
  {0x16F00, 0x16F4A},
  {0x16F4F, 0x16F87},
  {0x16F8F, 0x16F9F},
  {0x16FE0, 0x16FE1},
  {0x16FE3, 0x16FE4},
  {0x16FF0, 0x16FF6},
  {0x17000, 0x18CD5},
  {0x18CFF, 0x18D1E},
  {0x18D80, 0x18DF2},
  {0x1AFF0, 0x1AFF3},
  {0x1AFF5, 0x1AFFB},
  {0x1AFFD, 0x1AFFE},
  {0x1B000, 0x1B122},
  {0x1B132, 0x1B132},
  {0x1B150, 0x1B152},
  {0x1B155, 0x1B155},
  {0x1B164, 0x1B167},
  {0x1B170, 0x1B2FB},
  {0x1BC00, 0x1BC6A},
  {0x1BC70, 0x1BC7C},
  {0x1BC80, 0x1BC88},
  {0x1BC90, 0x1BC99},
  {0x1BC9D, 0x1BC9E},
  {0x1CCF0, 0x1CCF9},
  {0x1CF00, 0x1CF2D},
  {0x1CF30, 0x1CF46},
  {0x1D165, 0x1D169},
  {0x1D16D, 0x1D172},
  {0x1D17B, 0x1D182},
  {0x1D185, 0x1D18B},
  {0x1D1AA, 0x1D1AD},
  {0x1D242, 0x1D244},
  {0x1D400, 0x1D454},
  {0x1D456, 0x1D49C},
  {0x1D49E, 0x1D49F},
  {0x1D4A2, 0x1D4A2},
  {0x1D4A5, 0x1D4A6},
  {0x1D4A9, 0x1D4AC},
  {0x1D4AE, 0x1D4B9},
  {0x1D4BB, 0x1D4BB},
  {0x1D4BD, 0x1D4C3},
  {0x1D4C5, 0x1D505},
  {0x1D507, 0x1D50A},
  {0x1D50D, 0x1D514},
  {0x1D516, 0x1D51C},
  {0x1D51E, 0x1D539},
  {0x1D53B, 0x1D53E},
  {0x1D540, 0x1D544},
  {0x1D546, 0x1D546},
  {0x1D54A, 0x1D550},
  {0x1D552, 0x1D6A5},
  {0x1D6A8, 0x1D6C0},
  {0x1D6C2, 0x1D6DA},
  {0x1D6DC, 0x1D6FA},
  {0x1D6FC, 0x1D714},
  {0x1D716, 0x1D734},
  {0x1D736, 0x1D74E},
  {0x1D750, 0x1D76E},
  {0x1D770, 0x1D788},
  {0x1D78A, 0x1D7A8},
  {0x1D7AA, 0x1D7C2},
  {0x1D7C4, 0x1D7CB},
  {0x1D7CE, 0x1D7FF},
  {0x1DA00, 0x1DA36},
  {0x1DA3B, 0x1DA6C},
  {0x1DA75, 0x1DA75},
  {0x1DA84, 0x1DA84},
  {0x1DA9B, 0x1DA9F},
  {0x1DAA1, 0x1DAAF},
  {0x1DF00, 0x1DF1E},
  {0x1DF25, 0x1DF2A},
  {0x1E000, 0x1E006},
  {0x1E008, 0x1E018},
  {0x1E01B, 0x1E021},
  {0x1E023, 0x1E024},
  {0x1E026, 0x1E02A},
  {0x1E030, 0x1E06D},
  {0x1E08F, 0x1E08F},
  {0x1E100, 0x1E12C},
  {0x1E130, 0x1E13D},
  {0x1E140, 0x1E149},
  {0x1E14E, 0x1E14E},
  {0x1E290, 0x1E2AE},
  {0x1E2C0, 0x1E2F9},
  {0x1E4D0, 0x1E4F9},
  {0x1E5D0, 0x1E5FA},
  {0x1E6C0, 0x1E6DE},
  {0x1E6E0, 0x1E6F5},
  {0x1E6FE, 0x1E6FF},
  {0x1E7E0, 0x1E7E6},
  {0x1E7E8, 0x1E7EB},
  {0x1E7ED, 0x1E7EE},
  {0x1E7F0, 0x1E7FE},
  {0x1E800, 0x1E8C4},
  {0x1E8D0, 0x1E8D6},
  {0x1E900, 0x1E94B},
  {0x1E950, 0x1E959},
  {0x1EE00, 0x1EE03},
  {0x1EE05, 0x1EE1F},
  {0x1EE21, 0x1EE22},
  {0x1EE24, 0x1EE24},
  {0x1EE27, 0x1EE27},
  {0x1EE29, 0x1EE32},
  {0x1EE34, 0x1EE37},
  {0x1EE39, 0x1EE39},
  {0x1EE3B, 0x1EE3B},
  {0x1EE42, 0x1EE42},
  {0x1EE47, 0x1EE47},
  {0x1EE49, 0x1EE49},
  {0x1EE4B, 0x1EE4B},
  {0x1EE4D, 0x1EE4F},
  {0x1EE51, 0x1EE52},
  {0x1EE54, 0x1EE54},
  {0x1EE57, 0x1EE57},
  {0x1EE59, 0x1EE59},
  {0x1EE5B, 0x1EE5B},
  {0x1EE5D, 0x1EE5D},
  {0x1EE5F, 0x1EE5F},
  {0x1EE61, 0x1EE62},
  {0x1EE64, 0x1EE64},
  {0x1EE67, 0x1EE6A},
  {0x1EE6C, 0x1EE72},
  {0x1EE74, 0x1EE77},
  {0x1EE79, 0x1EE7C},
  {0x1EE7E, 0x1EE7E},
  {0x1EE80, 0x1EE89},
  {0x1EE8B, 0x1EE9B},
  {0x1EEA1, 0x1EEA3},
  {0x1EEA5, 0x1EEA9},
  {0x1EEAB, 0x1EEBB},
  {0x1FBF0, 0x1FBF9},
  {0x20000, 0x2A6DF},
  {0x2A700, 0x2B81D},
  {0x2B820, 0x2CEAD},
  {0x2CEB0, 0x2EBE0},
  {0x2EBF0, 0x2EE5D},
  {0x2F800, 0x2FA1D},
  {0x30000, 0x3134A},
  {0x31350, 0x33479},
  {0xE0100, 0xE01EF},
  {0x0041, 0x005A},
  {0x0061, 0x007A},
  {0x00AA, 0x00AA},
  {0x00B5, 0x00B5},
  {0x00BA, 0x00BA},
  {0x00C0, 0x00D6},
  {0x00D8, 0x00F6},
  {0x00F8, 0x02C1},
  {0x02C6, 0x02D1},
  {0x02E0, 0x02E4},
  {0x02EC, 0x02EC},
  {0x02EE, 0x02EE},
  {0x0370, 0x0374},
  {0x0376, 0x0377},
  {0x037B, 0x037D},
  {0x037F, 0x037F},
  {0x0386, 0x0386},
  {0x0388, 0x038A},
  {0x038C, 0x038C},
  {0x038E, 0x03A1},
  {0x03A3, 0x03F5},
  {0x03F7, 0x0481},
  {0x048A, 0x052F},
  {0x0531, 0x0556},
  {0x0559, 0x0559},
  {0x0560, 0x0588},
  {0x05D0, 0x05EA},
  {0x05EF, 0x05F2},
  {0x0620, 0x064A},
  {0x066E, 0x066F},
  {0x0671, 0x06D3},
  {0x06D5, 0x06D5},
  {0x06E5, 0x06E6},
  {0x06EE, 0x06EF},
  {0x06FA, 0x06FC},
  {0x06FF, 0x06FF},
  {0x0710, 0x0710},
  {0x0712, 0x072F},
  {0x074D, 0x07A5},
  {0x07B1, 0x07B1},
  {0x07CA, 0x07EA},
  {0x07F4, 0x07F5},
  {0x07FA, 0x07FA},
  {0x0800, 0x0815},
  {0x081A, 0x081A},
  {0x0824, 0x0824},
  {0x0828, 0x0828},
  {0x0840, 0x0858},
  {0x0860, 0x086A},
  {0x0870, 0x0887},
  {0x0889, 0x088F},
  {0x08A0, 0x08C9},
  {0x0904, 0x0939},
  {0x093D, 0x093D},
  {0x0950, 0x0950},
  {0x0958, 0x0961},
  {0x0971, 0x0980},
  {0x0985, 0x098C},
  {0x098F, 0x0990},
  {0x0993, 0x09A8},
  {0x09AA, 0x09B0},
  {0x09B2, 0x09B2},
  {0x09B6, 0x09B9},
  {0x09BD, 0x09BD},
  {0x09CE, 0x09CE},
  {0x09DC, 0x09DD},
  {0x09DF, 0x09E1},
  {0x09F0, 0x09F1},
  {0x09FC, 0x09FC},
  {0x0A05, 0x0A0A},
  {0x0A0F, 0x0A10},
  {0x0A13, 0x0A28},
  {0x0A2A, 0x0A30},
  {0x0A32, 0x0A33},
  {0x0A35, 0x0A36},
  {0x0A38, 0x0A39},
  {0x0A59, 0x0A5C},
  {0x0A5E, 0x0A5E},
  {0x0A72, 0x0A74},
  {0x0A85, 0x0A8D},
  {0x0A8F, 0x0A91},
  {0x0A93, 0x0AA8},
  {0x0AAA, 0x0AB0},
  {0x0AB2, 0x0AB3},
  {0x0AB5, 0x0AB9},
  {0x0ABD, 0x0ABD},
  {0x0AD0, 0x0AD0},
  {0x0AE0, 0x0AE1},
  {0x0AF9, 0x0AF9},
  {0x0B05, 0x0B0C},
  {0x0B0F, 0x0B10},
  {0x0B13, 0x0B28},
  {0x0B2A, 0x0B30},
  {0x0B32, 0x0B33},
  {0x0B35, 0x0B39},
  {0x0B3D, 0x0B3D},
  {0x0B5C, 0x0B5D},
  {0x0B5F, 0x0B61},
  {0x0B71, 0x0B71},
  {0x0B83, 0x0B83},
  {0x0B85, 0x0B8A},
  {0x0B8E, 0x0B90},
  {0x0B92, 0x0B95},
  {0x0B99, 0x0B9A},
  {0x0B9C, 0x0B9C},
  {0x0B9E, 0x0B9F},
  {0x0BA3, 0x0BA4},
  {0x0BA8, 0x0BAA},
  {0x0BAE, 0x0BB9},
  {0x0BD0, 0x0BD0},
  {0x0C05, 0x0C0C},
  {0x0C0E, 0x0C10},
  {0x0C12, 0x0C28},
  {0x0C2A, 0x0C39},
  {0x0C3D, 0x0C3D},
  {0x0C58, 0x0C5A},
  {0x0C5C, 0x0C5D},
  {0x0C60, 0x0C61},
  {0x0C80, 0x0C80},
  {0x0C85, 0x0C8C},
  {0x0C8E, 0x0C90},
  {0x0C92, 0x0CA8},
  {0x0CAA, 0x0CB3},
  {0x0CB5, 0x0CB9},
  {0x0CBD, 0x0CBD},
  {0x0CDC, 0x0CDE},
  {0x0CE0, 0x0CE1},
  {0x0CF1, 0x0CF2},
  {0x0D04, 0x0D0C},
  {0x0D0E, 0x0D10},
  {0x0D12, 0x0D3A},
  {0x0D3D, 0x0D3D},
  {0x0D4E, 0x0D4E},
  {0x0D54, 0x0D56},
  {0x0D5F, 0x0D61},
  {0x0D7A, 0x0D7F},
  {0x0D85, 0x0D96},
  {0x0D9A, 0x0DB1},
  {0x0DB3, 0x0DBB},
  {0x0DBD, 0x0DBD},
  {0x0DC0, 0x0DC6},
  {0x0E01, 0x0E30},
  {0x0E32, 0x0E32},
  {0x0E40, 0x0E46},
  {0x0E81, 0x0E82},
  {0x0E84, 0x0E84},
  {0x0E86, 0x0E8A},
  {0x0E8C, 0x0EA3},
  {0x0EA5, 0x0EA5},
  {0x0EA7, 0x0EB0},
  {0x0EB2, 0x0EB2},
  {0x0EBD, 0x0EBD},
  {0x0EC0, 0x0EC4},
  {0x0EC6, 0x0EC6},
  {0x0EDC, 0x0EDF},
  {0x0F00, 0x0F00},
  {0x0F40, 0x0F47},
  {0x0F49, 0x0F6C},
  {0x0F88, 0x0F8C},
  {0x1000, 0x102A},
  {0x103F, 0x103F},
  {0x1050, 0x1055},
  {0x105A, 0x105D},
  {0x1061, 0x1061},
  {0x1065, 0x1066},
  {0x106E, 0x1070},
  {0x1075, 0x1081},
  {0x108E, 0x108E},
  {0x10A0, 0x10C5},
  {0x10C7, 0x10C7},
  {0x10CD, 0x10CD},
  {0x10D0, 0x10FA},
  {0x10FC, 0x1248},
  {0x124A, 0x124D},
  {0x1250, 0x1256},
  {0x1258, 0x1258},
  {0x125A, 0x125D},
  {0x1260, 0x1288},
  {0x128A, 0x128D},
  {0x1290, 0x12B0},
  {0x12B2, 0x12B5},
  {0x12B8, 0x12BE},
  {0x12C0, 0x12C0},
  {0x12C2, 0x12C5},
  {0x12C8, 0x12D6},
  {0x12D8, 0x1310},
  {0x1312, 0x1315},
  {0x1318, 0x135A},
  {0x1380, 0x138F},
  {0x13A0, 0x13F5},
  {0x13F8, 0x13FD},
  {0x1401, 0x166C},
  {0x166F, 0x167F},
  {0x1681, 0x169A},
  {0x16A0, 0x16EA},
  {0x16EE, 0x16F8},
  {0x1700, 0x1711},
  {0x171F, 0x1731},
  {0x1740, 0x1751},
  {0x1760, 0x176C},
  {0x176E, 0x1770},
  {0x1780, 0x17B3},
  {0x17D7, 0x17D7},
  {0x17DC, 0x17DC},
  {0x1820, 0x1878},
  {0x1880, 0x18A8},
  {0x18AA, 0x18AA},
  {0x18B0, 0x18F5},
  {0x1900, 0x191E},
  {0x1950, 0x196D},
  {0x1970, 0x1974},
  {0x1980, 0x19AB},
  {0x19B0, 0x19C9},
  {0x1A00, 0x1A16},
  {0x1A20, 0x1A54},
  {0x1AA7, 0x1AA7},
  {0x1B05, 0x1B33},
  {0x1B45, 0x1B4C},
  {0x1B83, 0x1BA0},
  {0x1BAE, 0x1BAF},
  {0x1BBA, 0x1BE5},
  {0x1C00, 0x1C23},
  {0x1C4D, 0x1C4F},
  {0x1C5A, 0x1C7D},
  {0x1C80, 0x1C8A},
  {0x1C90, 0x1CBA},
  {0x1CBD, 0x1CBF},
  {0x1CE9, 0x1CEC},
  {0x1CEE, 0x1CF3},
  {0x1CF5, 0x1CF6},
  {0x1CFA, 0x1CFA},
  {0x1D00, 0x1DBF},
  {0x1E00, 0x1F15},
  {0x1F18, 0x1F1D},
  {0x1F20, 0x1F45},
  {0x1F48, 0x1F4D},
  {0x1F50, 0x1F57},
  {0x1F59, 0x1F59},
  {0x1F5B, 0x1F5B},
  {0x1F5D, 0x1F5D},
  {0x1F5F, 0x1F7D},
  {0x1F80, 0x1FB4},
  {0x1FB6, 0x1FBC},
  {0x1FBE, 0x1FBE},
  {0x1FC2, 0x1FC4},
  {0x1FC6, 0x1FCC},
  {0x1FD0, 0x1FD3},
  {0x1FD6, 0x1FDB},
  {0x1FE0, 0x1FEC},
  {0x1FF2, 0x1FF4},
  {0x1FF6, 0x1FFC},
  {0x2071, 0x2071},
  {0x207F, 0x207F},
  {0x2090, 0x209C},
  {0x2102, 0x2102},
  {0x2107, 0x2107},
  {0x210A, 0x2113},
  {0x2115, 0x2115},
  {0x2118, 0x211D},
  {0x2124, 0x2124},
  {0x2126, 0x2126},
  {0x2128, 0x2128},
  {0x212A, 0x2139},
  {0x213C, 0x213F},
  {0x2145, 0x2149},
  {0x214E, 0x214E},
  {0x2160, 0x2188},
  {0x2C00, 0x2CE4},
  {0x2CEB, 0x2CEE},
  {0x2CF2, 0x2CF3},
  {0x2D00, 0x2D25},
  {0x2D27, 0x2D27},
  {0x2D2D, 0x2D2D},
  {0x2D30, 0x2D67},
  {0x2D6F, 0x2D6F},
  {0x2D80, 0x2D96},
  {0x2DA0, 0x2DA6},
  {0x2DA8, 0x2DAE},
  {0x2DB0, 0x2DB6},
  {0x2DB8, 0x2DBE},
  {0x2DC0, 0x2DC6},
  {0x2DC8, 0x2DCE},
  {0x2DD0, 0x2DD6},
  {0x2DD8, 0x2DDE},
  {0x3005, 0x3007},
  {0x3021, 0x3029},
  {0x3031, 0x3035},
  {0x3038, 0x303C},
  {0x3041, 0x3096},
  {0x309D, 0x309F},
  {0x30A1, 0x30FA},
  {0x30FC, 0x30FF},
  {0x3105, 0x312F},
  {0x3131, 0x318E},
  {0x31A0, 0x31BF},
  {0x31F0, 0x31FF},
  {0x3400, 0x4DBF},
  {0x4E00, 0xA48C},
  {0xA4D0, 0xA4FD},
  {0xA500, 0xA60C},
  {0xA610, 0xA61F},
  {0xA62A, 0xA62B},
  {0xA640, 0xA66E},
  {0xA67F, 0xA69D},
  {0xA6A0, 0xA6EF},
  {0xA717, 0xA71F},
  {0xA722, 0xA788},
  {0xA78B, 0xA7DC},
  {0xA7F1, 0xA801},
  {0xA803, 0xA805},
  {0xA807, 0xA80A},
  {0xA80C, 0xA822},
  {0xA840, 0xA873},
  {0xA882, 0xA8B3},
  {0xA8F2, 0xA8F7},
  {0xA8FB, 0xA8FB},
  {0xA8FD, 0xA8FE},
  {0xA90A, 0xA925},
  {0xA930, 0xA946},
  {0xA960, 0xA97C},
  {0xA984, 0xA9B2},
  {0xA9CF, 0xA9CF},
  {0xA9E0, 0xA9E4},
  {0xA9E6, 0xA9EF},
  {0xA9FA, 0xA9FE},
  {0xAA00, 0xAA28},
  {0xAA40, 0xAA42},
  {0xAA44, 0xAA4B},
  {0xAA60, 0xAA76},
  {0xAA7A, 0xAA7A},
  {0xAA7E, 0xAAAF},
  {0xAAB1, 0xAAB1},
  {0xAAB5, 0xAAB6},
  {0xAAB9, 0xAABD},
  {0xAAC0, 0xAAC0},
  {0xAAC2, 0xAAC2},
  {0xAADB, 0xAADD},
  {0xAAE0, 0xAAEA},
  {0xAAF2, 0xAAF4},
  {0xAB01, 0xAB06},
  {0xAB09, 0xAB0E},
  {0xAB11, 0xAB16},
  {0xAB20, 0xAB26},
  {0xAB28, 0xAB2E},
  {0xAB30, 0xAB5A},
  {0xAB5C, 0xAB69},
  {0xAB70, 0xABE2},
  {0xAC00, 0xD7A3},
  {0xD7B0, 0xD7C6},
  {0xD7CB, 0xD7FB},
  {0xF900, 0xFA6D},
  {0xFA70, 0xFAD9},
  {0xFB00, 0xFB06},
  {0xFB13, 0xFB17},
  {0xFB1D, 0xFB1D},
  {0xFB1F, 0xFB28},
  {0xFB2A, 0xFB36},
  {0xFB38, 0xFB3C},
  {0xFB3E, 0xFB3E},
  {0xFB40, 0xFB41},
  {0xFB43, 0xFB44},
  {0xFB46, 0xFBB1},
  {0xFBD3, 0xFC5D},
  {0xFC64, 0xFD3D},
  {0xFD50, 0xFD8F},
  {0xFD92, 0xFDC7},
  {0xFDF0, 0xFDF9},
  {0xFE71, 0xFE71},
  {0xFE73, 0xFE73},
  {0xFE77, 0xFE77},
  {0xFE79, 0xFE79},
  {0xFE7B, 0xFE7B},
  {0xFE7D, 0xFE7D},
  {0xFE7F, 0xFEFC},
  {0xFF21, 0xFF3A},
  {0xFF41, 0xFF5A},
  {0xFF66, 0xFF9D},
  {0xFFA0, 0xFFBE},
  {0xFFC2, 0xFFC7},
  {0xFFCA, 0xFFCF},
  {0xFFD2, 0xFFD7},
  {0xFFDA, 0xFFDC},
  {0x10000, 0x1000B},
  {0x1000D, 0x10026},
  {0x10028, 0x1003A},
  {0x1003C, 0x1003D},
  {0x1003F, 0x1004D},
  {0x10050, 0x1005D},
  {0x10080, 0x100FA},
  {0x10140, 0x10174},
  {0x10280, 0x1029C},
  {0x102A0, 0x102D0},
  {0x10300, 0x1031F},
  {0x1032D, 0x1034A},
  {0x10350, 0x10375},
  {0x10380, 0x1039D},
  {0x103A0, 0x103C3},
  {0x103C8, 0x103CF},
  {0x103D1, 0x103D5},
  {0x10400, 0x1049D},
  {0x104B0, 0x104D3},
  {0x104D8, 0x104FB},
  {0x10500, 0x10527},
  {0x10530, 0x10563},
  {0x10570, 0x1057A},
  {0x1057C, 0x1058A},
  {0x1058C, 0x10592},
  {0x10594, 0x10595},
  {0x10597, 0x105A1},
  {0x105A3, 0x105B1},
  {0x105B3, 0x105B9},
  {0x105BB, 0x105BC},
  {0x105C0, 0x105F3},
  {0x10600, 0x10736},
  {0x10740, 0x10755},
  {0x10760, 0x10767},
  {0x10780, 0x10785},
  {0x10787, 0x107B0},
  {0x107B2, 0x107BA},
  {0x10800, 0x10805},
  {0x10808, 0x10808},
  {0x1080A, 0x10835},
  {0x10837, 0x10838},
  {0x1083C, 0x1083C},
  {0x1083F, 0x10855},
  {0x10860, 0x10876},
  {0x10880, 0x1089E},
  {0x108E0, 0x108F2},
  {0x108F4, 0x108F5},
  {0x10900, 0x10915},
  {0x10920, 0x10939},
  {0x10940, 0x10959},
  {0x10980, 0x109B7},
  {0x109BE, 0x109BF},
  {0x10A00, 0x10A00},
  {0x10A10, 0x10A13},
  {0x10A15, 0x10A17},
  {0x10A19, 0x10A35},
  {0x10A60, 0x10A7C},
  {0x10A80, 0x10A9C},
  {0x10AC0, 0x10AC7},
  {0x10AC9, 0x10AE4},
  {0x10B00, 0x10B35},
  {0x10B40, 0x10B55},
  {0x10B60, 0x10B72},
  {0x10B80, 0x10B91},
  {0x10C00, 0x10C48},
  {0x10C80, 0x10CB2},
  {0x10CC0, 0x10CF2},
  {0x10D00, 0x10D23},
  {0x10D4A, 0x10D65},
  {0x10D6F, 0x10D85},
  {0x10E80, 0x10EA9},
  {0x10EB0, 0x10EB1},
  {0x10EC2, 0x10EC7},
  {0x10F00, 0x10F1C},
  {0x10F27, 0x10F27},
  {0x10F30, 0x10F45},
  {0x10F70, 0x10F81},
  {0x10FB0, 0x10FC4},
  {0x10FE0, 0x10FF6},
  {0x11003, 0x11037},
  {0x11071, 0x11072},
  {0x11075, 0x11075},
  {0x11083, 0x110AF},
  {0x110D0, 0x110E8},
  {0x11103, 0x11126},
  {0x11144, 0x11144},
  {0x11147, 0x11147},
  {0x11150, 0x11172},
  {0x11176, 0x11176},
  {0x11183, 0x111B2},
  {0x111C1, 0x111C4},
  {0x111DA, 0x111DA},
  {0x111DC, 0x111DC},
  {0x11200, 0x11211},
  {0x11213, 0x1122B},
  {0x1123F, 0x11240},
  {0x11280, 0x11286},
  {0x11288, 0x11288},
  {0x1128A, 0x1128D},
  {0x1128F, 0x1129D},
  {0x1129F, 0x112A8},
  {0x112B0, 0x112DE},
  {0x11305, 0x1130C},
  {0x1130F, 0x11310},
  {0x11313, 0x11328},
  {0x1132A, 0x11330},
  {0x11332, 0x11333},
  {0x11335, 0x11339},
  {0x1133D, 0x1133D},
  {0x11350, 0x11350},
  {0x1135D, 0x11361},
  {0x11380, 0x11389},
  {0x1138B, 0x1138B},
  {0x1138E, 0x1138E},
  {0x11390, 0x113B5},
  {0x113B7, 0x113B7},
  {0x113D1, 0x113D1},
  {0x113D3, 0x113D3},
  {0x11400, 0x11434},
  {0x11447, 0x1144A},
  {0x1145F, 0x11461},
  {0x11480, 0x114AF},
  {0x114C4, 0x114C5},
  {0x114C7, 0x114C7},
  {0x11580, 0x115AE},
  {0x115D8, 0x115DB},
  {0x11600, 0x1162F},
  {0x11644, 0x11644},
  {0x11680, 0x116AA},
  {0x116B8, 0x116B8},
  {0x11700, 0x1171A},
  {0x11740, 0x11746},
  {0x11800, 0x1182B},
  {0x118A0, 0x118DF},
  {0x118FF, 0x11906},
  {0x11909, 0x11909},
  {0x1190C, 0x11913},
  {0x11915, 0x11916},
  {0x11918, 0x1192F},
  {0x1193F, 0x1193F},
  {0x11941, 0x11941},
  {0x119A0, 0x119A7},
  {0x119AA, 0x119D0},
  {0x119E1, 0x119E1},
  {0x119E3, 0x119E3},
  {0x11A00, 0x11A00},
  {0x11A0B, 0x11A32},
  {0x11A3A, 0x11A3A},
  {0x11A50, 0x11A50},
  {0x11A5C, 0x11A89},
  {0x11A9D, 0x11A9D},
  {0x11AB0, 0x11AF8},
  {0x11BC0, 0x11BE0},
  {0x11C00, 0x11C08},
  {0x11C0A, 0x11C2E},
  {0x11C40, 0x11C40},
  {0x11C72, 0x11C8F},
  {0x11D00, 0x11D06},
  {0x11D08, 0x11D09},
  {0x11D0B, 0x11D30},
  {0x11D46, 0x11D46},
  {0x11D60, 0x11D65},
  {0x11D67, 0x11D68},
  {0x11D6A, 0x11D89},
  {0x11D98, 0x11D98},
  {0x11DB0, 0x11DDB},
  {0x11EE0, 0x11EF2},
  {0x11F02, 0x11F02},
  {0x11F04, 0x11F10},
  {0x11F12, 0x11F33},
  {0x11FB0, 0x11FB0},
  {0x12000, 0x12399},
  {0x12400, 0x1246E},
  {0x12480, 0x12543},
  {0x12F90, 0x12FF0},
  {0x13000, 0x1342F},
  {0x13441, 0x13446},
  {0x13460, 0x143FA},
  {0x14400, 0x14646},
  {0x16100, 0x1611D},
  {0x16800, 0x16A38},
  {0x16A40, 0x16A5E},
  {0x16A70, 0x16ABE},
  {0x16AD0, 0x16AED},
  {0x16B00, 0x16B2F},
  {0x16B40, 0x16B43},
  {0x16B63, 0x16B77},
  {0x16B7D, 0x16B8F},
  {0x16D40, 0x16D6C},
  {0x16E40, 0x16E7F},
  {0x16EA0, 0x16EB8},
  {0x16EBB, 0x16ED3},
  {0x16F00, 0x16F4A},
  {0x16F50, 0x16F50},
  {0x16F93, 0x16F9F},
  {0x16FE0, 0x16FE1},
  {0x16FE3, 0x16FE3},
  {0x16FF2, 0x16FF6},
  {0x17000, 0x18CD5},
  {0x18CFF, 0x18D1E},
  {0x18D80, 0x18DF2},
  {0x1AFF0, 0x1AFF3},
  {0x1AFF5, 0x1AFFB},
  {0x1AFFD, 0x1AFFE},
  {0x1B000, 0x1B122},
  {0x1B132, 0x1B132},
  {0x1B150, 0x1B152},
  {0x1B155, 0x1B155},
  {0x1B164, 0x1B167},
  {0x1B170, 0x1B2FB},
  {0x1BC00, 0x1BC6A},
  {0x1BC70, 0x1BC7C},
  {0x1BC80, 0x1BC88},
  {0x1BC90, 0x1BC99},
  {0x1D400, 0x1D454},
  {0x1D456, 0x1D49C},
  {0x1D49E, 0x1D49F},
  {0x1D4A2, 0x1D4A2},
  {0x1D4A5, 0x1D4A6},
  {0x1D4A9, 0x1D4AC},
  {0x1D4AE, 0x1D4B9},
  {0x1D4BB, 0x1D4BB},
  {0x1D4BD, 0x1D4C3},
  {0x1D4C5, 0x1D505},
  {0x1D507, 0x1D50A},
  {0x1D50D, 0x1D514},
  {0x1D516, 0x1D51C},
  {0x1D51E, 0x1D539},
  {0x1D53B, 0x1D53E},
  {0x1D540, 0x1D544},
  {0x1D546, 0x1D546},
  {0x1D54A, 0x1D550},
  {0x1D552, 0x1D6A5},
  {0x1D6A8, 0x1D6C0},
  {0x1D6C2, 0x1D6DA},
  {0x1D6DC, 0x1D6FA},
  {0x1D6FC, 0x1D714},
  {0x1D716, 0x1D734},
  {0x1D736, 0x1D74E},
  {0x1D750, 0x1D76E},
  {0x1D770, 0x1D788},
  {0x1D78A, 0x1D7A8},
  {0x1D7AA, 0x1D7C2},
  {0x1D7C4, 0x1D7CB},
  {0x1DF00, 0x1DF1E},
  {0x1DF25, 0x1DF2A},
  {0x1E030, 0x1E06D},
  {0x1E100, 0x1E12C},
  {0x1E137, 0x1E13D},
  {0x1E14E, 0x1E14E},
  {0x1E290, 0x1E2AD},
  {0x1E2C0, 0x1E2EB},
  {0x1E4D0, 0x1E4EB},
  {0x1E5D0, 0x1E5ED},
  {0x1E5F0, 0x1E5F0},
  {0x1E6C0, 0x1E6DE},
  {0x1E6E0, 0x1E6E2},
  {0x1E6E4, 0x1E6E5},
  {0x1E6E7, 0x1E6ED},
  {0x1E6F0, 0x1E6F4},
  {0x1E6FE, 0x1E6FF},
  {0x1E7E0, 0x1E7E6},
  {0x1E7E8, 0x1E7EB},
  {0x1E7ED, 0x1E7EE},
  {0x1E7F0, 0x1E7FE},
  {0x1E800, 0x1E8C4},
  {0x1E900, 0x1E943},
  {0x1E94B, 0x1E94B},
  {0x1EE00, 0x1EE03},
  {0x1EE05, 0x1EE1F},
  {0x1EE21, 0x1EE22},
  {0x1EE24, 0x1EE24},
  {0x1EE27, 0x1EE27},
  {0x1EE29, 0x1EE32},
  {0x1EE34, 0x1EE37},
  {0x1EE39, 0x1EE39},
  {0x1EE3B, 0x1EE3B},
  {0x1EE42, 0x1EE42},
  {0x1EE47, 0x1EE47},
  {0x1EE49, 0x1EE49},
  {0x1EE4B, 0x1EE4B},
  {0x1EE4D, 0x1EE4F},
  {0x1EE51, 0x1EE52},
  {0x1EE54, 0x1EE54},
  {0x1EE57, 0x1EE57},
  {0x1EE59, 0x1EE59},
  {0x1EE5B, 0x1EE5B},
  {0x1EE5D, 0x1EE5D},
  {0x1EE5F, 0x1EE5F},
  {0x1EE61, 0x1EE62},
  {0x1EE64, 0x1EE64},
  {0x1EE67, 0x1EE6A},
  {0x1EE6C, 0x1EE72},
  {0x1EE74, 0x1EE77},
  {0x1EE79, 0x1EE7C},
  {0x1EE7E, 0x1EE7E},
  {0x1EE80, 0x1EE89},
  {0x1EE8B, 0x1EE9B},
  {0x1EEA1, 0x1EEA3},
  {0x1EEA5, 0x1EEA9},
  {0x1EEAB, 0x1EEBB},
  {0x20000, 0x2A6DF},
  {0x2A700, 0x2B81D},
  {0x2B820, 0x2CEAD},
  {0x2CEB0, 0x2EBE0},
  {0x2EBF0, 0x2EE5D},
  {0x2F800, 0x2FA1D},
  {0x30000, 0x3134A},
  {0x31350, 0x33479},
  {0x0030, 0x0039},
  {0x0041, 0x005A},
  {0x0061, 0x007A},
  {0x00AA, 0x00AA},
  {0x00B2, 0x00B3},
  {0x00B5, 0x00B5},
  {0x00B9, 0x00BA},
  {0x00BC, 0x00BE},
  {0x00C0, 0x00D6},
  {0x00D8, 0x00F6},
  {0x00F8, 0x02C1},
  {0x02C6, 0x02D1},
  {0x02E0, 0x02E4},
  {0x02EC, 0x02EC},
  {0x02EE, 0x02EE},
  {0x0370, 0x0374},
  {0x0376, 0x0377},
  {0x037A, 0x037D},
  {0x037F, 0x037F},
  {0x0386, 0x0386},
  {0x0388, 0x038A},
  {0x038C, 0x038C},
  {0x038E, 0x03A1},
  {0x03A3, 0x03F5},
  {0x03F7, 0x0481},
  {0x048A, 0x052F},
  {0x0531, 0x0556},
  {0x0559, 0x0559},
  {0x0560, 0x0588},
  {0x05D0, 0x05EA},
  {0x05EF, 0x05F2},
  {0x0620, 0x064A},
  {0x0660, 0x0669},
  {0x066E, 0x066F},
  {0x0671, 0x06D3},
  {0x06D5, 0x06D5},
  {0x06E5, 0x06E6},
  {0x06EE, 0x06FC},
  {0x06FF, 0x06FF},
  {0x0710, 0x0710},
  {0x0712, 0x072F},
  {0x074D, 0x07A5},
  {0x07B1, 0x07B1},
  {0x07C0, 0x07EA},
  {0x07F4, 0x07F5},
  {0x07FA, 0x07FA},
  {0x0800, 0x0815},
  {0x081A, 0x081A},
  {0x0824, 0x0824},
  {0x0828, 0x0828},
  {0x0840, 0x0858},
  {0x0860, 0x086A},
  {0x0870, 0x0887},
  {0x0889, 0x088F},
  {0x08A0, 0x08C9},
  {0x0904, 0x0939},
  {0x093D, 0x093D},
  {0x0950, 0x0950},
  {0x0958, 0x0961},
  {0x0966, 0x096F},
  {0x0971, 0x0980},
  {0x0985, 0x098C},
  {0x098F, 0x0990},
  {0x0993, 0x09A8},
  {0x09AA, 0x09B0},
  {0x09B2, 0x09B2},
  {0x09B6, 0x09B9},
  {0x09BD, 0x09BD},
  {0x09CE, 0x09CE},
  {0x09DC, 0x09DD},
  {0x09DF, 0x09E1},
  {0x09E6, 0x09F1},
  {0x09F4, 0x09F9},
  {0x09FC, 0x09FC},
  {0x0A05, 0x0A0A},
  {0x0A0F, 0x0A10},
  {0x0A13, 0x0A28},
  {0x0A2A, 0x0A30},
  {0x0A32, 0x0A33},
  {0x0A35, 0x0A36},
  {0x0A38, 0x0A39},
  {0x0A59, 0x0A5C},
  {0x0A5E, 0x0A5E},
  {0x0A66, 0x0A6F},
  {0x0A72, 0x0A74},
  {0x0A85, 0x0A8D},
  {0x0A8F, 0x0A91},
  {0x0A93, 0x0AA8},
  {0x0AAA, 0x0AB0},
  {0x0AB2, 0x0AB3},
  {0x0AB5, 0x0AB9},
  {0x0ABD, 0x0ABD},
  {0x0AD0, 0x0AD0},
  {0x0AE0, 0x0AE1},
  {0x0AE6, 0x0AEF},
  {0x0AF9, 0x0AF9},
  {0x0B05, 0x0B0C},
  {0x0B0F, 0x0B10},
  {0x0B13, 0x0B28},
  {0x0B2A, 0x0B30},
  {0x0B32, 0x0B33},
  {0x0B35, 0x0B39},
  {0x0B3D, 0x0B3D},
  {0x0B5C, 0x0B5D},
  {0x0B5F, 0x0B61},
  {0x0B66, 0x0B6F},
  {0x0B71, 0x0B77},
  {0x0B83, 0x0B83},
  {0x0B85, 0x0B8A},
  {0x0B8E, 0x0B90},
  {0x0B92, 0x0B95},
  {0x0B99, 0x0B9A},
  {0x0B9C, 0x0B9C},
  {0x0B9E, 0x0B9F},
  {0x0BA3, 0x0BA4},
  {0x0BA8, 0x0BAA},
  {0x0BAE, 0x0BB9},
  {0x0BD0, 0x0BD0},
  {0x0BE6, 0x0BF2},
  {0x0C05, 0x0C0C},
  {0x0C0E, 0x0C10},
  {0x0C12, 0x0C28},
  {0x0C2A, 0x0C39},
  {0x0C3D, 0x0C3D},
  {0x0C58, 0x0C5A},
  {0x0C5C, 0x0C5D},
  {0x0C60, 0x0C61},
  {0x0C66, 0x0C6F},
  {0x0C78, 0x0C7E},
  {0x0C80, 0x0C80},
  {0x0C85, 0x0C8C},
  {0x0C8E, 0x0C90},
  {0x0C92, 0x0CA8},
  {0x0CAA, 0x0CB3},
  {0x0CB5, 0x0CB9},
  {0x0CBD, 0x0CBD},
  {0x0CDC, 0x0CDE},
  {0x0CE0, 0x0CE1},
  {0x0CE6, 0x0CEF},
  {0x0CF1, 0x0CF2},
  {0x0D04, 0x0D0C},
  {0x0D0E, 0x0D10},
  {0x0D12, 0x0D3A},
  {0x0D3D, 0x0D3D},
  {0x0D4E, 0x0D4E},
  {0x0D54, 0x0D56},
  {0x0D58, 0x0D61},
  {0x0D66, 0x0D78},
  {0x0D7A, 0x0D7F},
  {0x0D85, 0x0D96},
  {0x0D9A, 0x0DB1},
  {0x0DB3, 0x0DBB},
  {0x0DBD, 0x0DBD},
  {0x0DC0, 0x0DC6},
  {0x0DE6, 0x0DEF},
  {0x0E01, 0x0E30},
  {0x0E32, 0x0E33},
  {0x0E40, 0x0E46},
  {0x0E50, 0x0E59},
  {0x0E81, 0x0E82},
  {0x0E84, 0x0E84},
  {0x0E86, 0x0E8A},
  {0x0E8C, 0x0EA3},
  {0x0EA5, 0x0EA5},
  {0x0EA7, 0x0EB0},
  {0x0EB2, 0x0EB3},
  {0x0EBD, 0x0EBD},
  {0x0EC0, 0x0EC4},
  {0x0EC6, 0x0EC6},
  {0x0ED0, 0x0ED9},
  {0x0EDC, 0x0EDF},
  {0x0F00, 0x0F00},
  {0x0F20, 0x0F33},
  {0x0F40, 0x0F47},
  {0x0F49, 0x0F6C},
  {0x0F88, 0x0F8C},
  {0x1000, 0x102A},
  {0x103F, 0x1049},
  {0x1050, 0x1055},
  {0x105A, 0x105D},
  {0x1061, 0x1061},
  {0x1065, 0x1066},
  {0x106E, 0x1070},
  {0x1075, 0x1081},
  {0x108E, 0x108E},
  {0x1090, 0x1099},
  {0x10A0, 0x10C5},
  {0x10C7, 0x10C7},
  {0x10CD, 0x10CD},
  {0x10D0, 0x10FA},
  {0x10FC, 0x1248},
  {0x124A, 0x124D},
  {0x1250, 0x1256},
  {0x1258, 0x1258},
  {0x125A, 0x125D},
  {0x1260, 0x1288},
  {0x128A, 0x128D},
  {0x1290, 0x12B0},
  {0x12B2, 0x12B5},
  {0x12B8, 0x12BE},
  {0x12C0, 0x12C0},
  {0x12C2, 0x12C5},
  {0x12C8, 0x12D6},
  {0x12D8, 0x1310},
  {0x1312, 0x1315},
  {0x1318, 0x135A},
  {0x1369, 0x137C},
  {0x1380, 0x138F},
  {0x13A0, 0x13F5},
  {0x13F8, 0x13FD},
  {0x1401, 0x166C},
  {0x166F, 0x167F},
  {0x1681, 0x169A},
  {0x16A0, 0x16EA},
  {0x16EE, 0x16F8},
  {0x1700, 0x1711},
  {0x171F, 0x1731},
  {0x1740, 0x1751},
  {0x1760, 0x176C},
  {0x176E, 0x1770},
  {0x1780, 0x17B3},
  {0x17D7, 0x17D7},
  {0x17DC, 0x17DC},
  {0x17E0, 0x17E9},
  {0x17F0, 0x17F9},
  {0x1810, 0x1819},
  {0x1820, 0x1878},
  {0x1880, 0x1884},
  {0x1887, 0x18A8},
  {0x18AA, 0x18AA},
  {0x18B0, 0x18F5},
  {0x1900, 0x191E},
  {0x1946, 0x196D},
  {0x1970, 0x1974},
  {0x1980, 0x19AB},
  {0x19B0, 0x19C9},
  {0x19D0, 0x19DA},
  {0x1A00, 0x1A16},
  {0x1A20, 0x1A54},
  {0x1A80, 0x1A89},
  {0x1A90, 0x1A99},
  {0x1AA7, 0x1AA7},
  {0x1B05, 0x1B33},
  {0x1B45, 0x1B4C},
  {0x1B50, 0x1B59},
  {0x1B83, 0x1BA0},
  {0x1BAE, 0x1BE5},
  {0x1C00, 0x1C23},
  {0x1C40, 0x1C49},
  {0x1C4D, 0x1C7D},
  {0x1C80, 0x1C8A},
  {0x1C90, 0x1CBA},
  {0x1CBD, 0x1CBF},
  {0x1CE9, 0x1CEC},
  {0x1CEE, 0x1CF3},
  {0x1CF5, 0x1CF6},
  {0x1CFA, 0x1CFA},
  {0x1D00, 0x1DBF},
  {0x1E00, 0x1F15},
  {0x1F18, 0x1F1D},
  {0x1F20, 0x1F45},
  {0x1F48, 0x1F4D},
  {0x1F50, 0x1F57},
  {0x1F59, 0x1F59},
  {0x1F5B, 0x1F5B},
  {0x1F5D, 0x1F5D},
  {0x1F5F, 0x1F7D},
  {0x1F80, 0x1FB4},
  {0x1FB6, 0x1FBC},
  {0x1FBE, 0x1FBE},
  {0x1FC2, 0x1FC4},
  {0x1FC6, 0x1FCC},
  {0x1FD0, 0x1FD3},
  {0x1FD6, 0x1FDB},
  {0x1FE0, 0x1FEC},
  {0x1FF2, 0x1FF4},
  {0x1FF6, 0x1FFC},
  {0x2070, 0x2071},
  {0x2074, 0x2079},
  {0x207F, 0x2089},
  {0x2090, 0x209C},
  {0x2102, 0x2102},
  {0x2107, 0x2107},
  {0x210A, 0x2113},
  {0x2115, 0x2115},
  {0x2119, 0x211D},
  {0x2124, 0x2124},
  {0x2126, 0x2126},
  {0x2128, 0x2128},
  {0x212A, 0x212D},
  {0x212F, 0x2139},
  {0x213C, 0x213F},
  {0x2145, 0x2149},
  {0x214E, 0x214E},
  {0x2150, 0x2189},
  {0x2460, 0x249B},
  {0x24EA, 0x24FF},
  {0x2776, 0x2793},
  {0x2C00, 0x2CE4},
  {0x2CEB, 0x2CEE},
  {0x2CF2, 0x2CF3},
  {0x2CFD, 0x2CFD},
  {0x2D00, 0x2D25},
  {0x2D27, 0x2D27},
  {0x2D2D, 0x2D2D},
  {0x2D30, 0x2D67},
  {0x2D6F, 0x2D6F},
  {0x2D80, 0x2D96},
  {0x2DA0, 0x2DA6},
  {0x2DA8, 0x2DAE},
  {0x2DB0, 0x2DB6},
  {0x2DB8, 0x2DBE},
  {0x2DC0, 0x2DC6},
  {0x2DC8, 0x2DCE},
  {0x2DD0, 0x2DD6},
  {0x2DD8, 0x2DDE},
  {0x2E2F, 0x2E2F},
  {0x3005, 0x3007},
  {0x3021, 0x3029},
  {0x3031, 0x3035},
  {0x3038, 0x303C},
  {0x3041, 0x3096},
  {0x309D, 0x309F},
  {0x30A1, 0x30FA},
  {0x30FC, 0x30FF},
  {0x3105, 0x312F},
  {0x3131, 0x318E},
  {0x3192, 0x3195},
  {0x31A0, 0x31BF},
  {0x31F0, 0x31FF},
  {0x3220, 0x3229},
  {0x3248, 0x324F},
  {0x3251, 0x325F},
  {0x3280, 0x3289},
  {0x32B1, 0x32BF},
  {0x3400, 0x4DBF},
  {0x4E00, 0xA48C},
  {0xA4D0, 0xA4FD},
  {0xA500, 0xA60C},
  {0xA610, 0xA62B},
  {0xA640, 0xA66E},
  {0xA67F, 0xA69D},
  {0xA6A0, 0xA6EF},
  {0xA717, 0xA71F},
  {0xA722, 0xA788},
  {0xA78B, 0xA7DC},
  {0xA7F1, 0xA801},
  {0xA803, 0xA805},
  {0xA807, 0xA80A},
  {0xA80C, 0xA822},
  {0xA830, 0xA835},
  {0xA840, 0xA873},
  {0xA882, 0xA8B3},
  {0xA8D0, 0xA8D9},
  {0xA8F2, 0xA8F7},
  {0xA8FB, 0xA8FB},
  {0xA8FD, 0xA8FE},
  {0xA900, 0xA925},
  {0xA930, 0xA946},
  {0xA960, 0xA97C},
  {0xA984, 0xA9B2},
  {0xA9CF, 0xA9D9},
  {0xA9E0, 0xA9E4},
  {0xA9E6, 0xA9FE},
  {0xAA00, 0xAA28},
  {0xAA40, 0xAA42},
  {0xAA44, 0xAA4B},
  {0xAA50, 0xAA59},
  {0xAA60, 0xAA76},
  {0xAA7A, 0xAA7A},
  {0xAA7E, 0xAAAF},
  {0xAAB1, 0xAAB1},
  {0xAAB5, 0xAAB6},
  {0xAAB9, 0xAABD},
  {0xAAC0, 0xAAC0},
  {0xAAC2, 0xAAC2},
  {0xAADB, 0xAADD},
  {0xAAE0, 0xAAEA},
  {0xAAF2, 0xAAF4},
  {0xAB01, 0xAB06},
  {0xAB09, 0xAB0E},
  {0xAB11, 0xAB16},
  {0xAB20, 0xAB26},
  {0xAB28, 0xAB2E},
  {0xAB30, 0xAB5A},
  {0xAB5C, 0xAB69},
  {0xAB70, 0xABE2},
  {0xABF0, 0xABF9},
  {0xAC00, 0xD7A3},
  {0xD7B0, 0xD7C6},
  {0xD7CB, 0xD7FB},
  {0xF900, 0xFA6D},
  {0xFA70, 0xFAD9},
  {0xFB00, 0xFB06},
  {0xFB13, 0xFB17},
  {0xFB1D, 0xFB1D},
  {0xFB1F, 0xFB28},
  {0xFB2A, 0xFB36},
  {0xFB38, 0xFB3C},
  {0xFB3E, 0xFB3E},
  {0xFB40, 0xFB41},
  {0xFB43, 0xFB44},
  {0xFB46, 0xFBB1},
  {0xFBD3, 0xFD3D},
  {0xFD50, 0xFD8F},
  {0xFD92, 0xFDC7},
  {0xFDF0, 0xFDFB},
  {0xFE70, 0xFE74},
  {0xFE76, 0xFEFC},
  {0xFF10, 0xFF19},
  {0xFF21, 0xFF3A},
  {0xFF41, 0xFF5A},
  {0xFF66, 0xFFBE},
  {0xFFC2, 0xFFC7},
  {0xFFCA, 0xFFCF},
  {0xFFD2, 0xFFD7},
  {0xFFDA, 0xFFDC},
  {0x10000, 0x1000B},
  {0x1000D, 0x10026},
  {0x10028, 0x1003A},
  {0x1003C, 0x1003D},
  {0x1003F, 0x1004D},
  {0x10050, 0x1005D},
  {0x10080, 0x100FA},
  {0x10107, 0x10133},
  {0x10140, 0x10178},
  {0x1018A, 0x1018B},
  {0x10280, 0x1029C},
  {0x102A0, 0x102D0},
  {0x102E1, 0x102FB},
  {0x10300, 0x10323},
  {0x1032D, 0x1034A},
  {0x10350, 0x10375},
  {0x10380, 0x1039D},
  {0x103A0, 0x103C3},
  {0x103C8, 0x103CF},
  {0x103D1, 0x103D5},
  {0x10400, 0x1049D},
  {0x104A0, 0x104A9},
  {0x104B0, 0x104D3},
  {0x104D8, 0x104FB},
  {0x10500, 0x10527},
  {0x10530, 0x10563},
  {0x10570, 0x1057A},
  {0x1057C, 0x1058A},
  {0x1058C, 0x10592},
  {0x10594, 0x10595},
  {0x10597, 0x105A1},
  {0x105A3, 0x105B1},
  {0x105B3, 0x105B9},
  {0x105BB, 0x105BC},
  {0x105C0, 0x105F3},
  {0x10600, 0x10736},
  {0x10740, 0x10755},
  {0x10760, 0x10767},
  {0x10780, 0x10785},
  {0x10787, 0x107B0},
  {0x107B2, 0x107BA},
  {0x10800, 0x10805},
  {0x10808, 0x10808},
  {0x1080A, 0x10835},
  {0x10837, 0x10838},
  {0x1083C, 0x1083C},
  {0x1083F, 0x10855},
  {0x10858, 0x10876},
  {0x10879, 0x1089E},
  {0x108A7, 0x108AF},
  {0x108E0, 0x108F2},
  {0x108F4, 0x108F5},
  {0x108FB, 0x1091B},
  {0x10920, 0x10939},
  {0x10940, 0x10959},
  {0x10980, 0x109B7},
  {0x109BC, 0x109CF},
  {0x109D2, 0x10A00},
  {0x10A10, 0x10A13},
  {0x10A15, 0x10A17},
  {0x10A19, 0x10A35},
  {0x10A40, 0x10A48},
  {0x10A60, 0x10A7E},
  {0x10A80, 0x10A9F},
  {0x10AC0, 0x10AC7},
  {0x10AC9, 0x10AE4},
  {0x10AEB, 0x10AEF},
  {0x10B00, 0x10B35},
  {0x10B40, 0x10B55},
  {0x10B58, 0x10B72},
  {0x10B78, 0x10B91},
  {0x10BA9, 0x10BAF},
  {0x10C00, 0x10C48},
  {0x10C80, 0x10CB2},
  {0x10CC0, 0x10CF2},
  {0x10CFA, 0x10D23},
  {0x10D30, 0x10D39},
  {0x10D40, 0x10D65},
  {0x10D6F, 0x10D85},
  {0x10E60, 0x10E7E},
  {0x10E80, 0x10EA9},
  {0x10EB0, 0x10EB1},
  {0x10EC2, 0x10EC7},
  {0x10F00, 0x10F27},
  {0x10F30, 0x10F45},
  {0x10F51, 0x10F54},
  {0x10F70, 0x10F81},
  {0x10FB0, 0x10FCB},
  {0x10FE0, 0x10FF6},
  {0x11003, 0x11037},
  {0x11052, 0x1106F},
  {0x11071, 0x11072},
  {0x11075, 0x11075},
  {0x11083, 0x110AF},
  {0x110D0, 0x110E8},
  {0x110F0, 0x110F9},
  {0x11103, 0x11126},
  {0x11136, 0x1113F},
  {0x11144, 0x11144},
  {0x11147, 0x11147},
  {0x11150, 0x11172},
  {0x11176, 0x11176},
  {0x11183, 0x111B2},
  {0x111C1, 0x111C4},
  {0x111D0, 0x111DA},
  {0x111DC, 0x111DC},
  {0x111E1, 0x111F4},
  {0x11200, 0x11211},
  {0x11213, 0x1122B},
  {0x1123F, 0x11240},
  {0x11280, 0x11286},
  {0x11288, 0x11288},
  {0x1128A, 0x1128D},
  {0x1128F, 0x1129D},
  {0x1129F, 0x112A8},
  {0x112B0, 0x112DE},
  {0x112F0, 0x112F9},
  {0x11305, 0x1130C},
  {0x1130F, 0x11310},
  {0x11313, 0x11328},
  {0x1132A, 0x11330},
  {0x11332, 0x11333},
  {0x11335, 0x11339},
  {0x1133D, 0x1133D},
  {0x11350, 0x11350},
  {0x1135D, 0x11361},
  {0x11380, 0x11389},
  {0x1138B, 0x1138B},
  {0x1138E, 0x1138E},
  {0x11390, 0x113B5},
  {0x113B7, 0x113B7},
  {0x113D1, 0x113D1},
  {0x113D3, 0x113D3},
  {0x11400, 0x11434},
  {0x11447, 0x1144A},
  {0x11450, 0x11459},
  {0x1145F, 0x11461},
  {0x11480, 0x114AF},
  {0x114C4, 0x114C5},
  {0x114C7, 0x114C7},
  {0x114D0, 0x114D9},
  {0x11580, 0x115AE},
  {0x115D8, 0x115DB},
  {0x11600, 0x1162F},
  {0x11644, 0x11644},
  {0x11650, 0x11659},
  {0x11680, 0x116AA},
  {0x116B8, 0x116B8},
  {0x116C0, 0x116C9},
  {0x116D0, 0x116E3},
  {0x11700, 0x1171A},
  {0x11730, 0x1173B},
  {0x11740, 0x11746},
  {0x11800, 0x1182B},
  {0x118A0, 0x118F2},
  {0x118FF, 0x11906},
  {0x11909, 0x11909},
  {0x1190C, 0x11913},
  {0x11915, 0x11916},
  {0x11918, 0x1192F},
  {0x1193F, 0x1193F},
  {0x11941, 0x11941},
  {0x11950, 0x11959},
  {0x119A0, 0x119A7},
  {0x119AA, 0x119D0},
  {0x119E1, 0x119E1},
  {0x119E3, 0x119E3},
  {0x11A00, 0x11A00},
  {0x11A0B, 0x11A32},
  {0x11A3A, 0x11A3A},
  {0x11A50, 0x11A50},
  {0x11A5C, 0x11A89},
  {0x11A9D, 0x11A9D},
  {0x11AB0, 0x11AF8},
  {0x11BC0, 0x11BE0},
  {0x11BF0, 0x11BF9},
  {0x11C00, 0x11C08},
  {0x11C0A, 0x11C2E},
  {0x11C40, 0x11C40},
  {0x11C50, 0x11C6C},
  {0x11C72, 0x11C8F},
  {0x11D00, 0x11D06},
  {0x11D08, 0x11D09},
  {0x11D0B, 0x11D30},
  {0x11D46, 0x11D46},
  {0x11D50, 0x11D59},
  {0x11D60, 0x11D65},
  {0x11D67, 0x11D68},
  {0x11D6A, 0x11D89},
  {0x11D98, 0x11D98},
  {0x11DA0, 0x11DA9},
  {0x11DB0, 0x11DDB},
  {0x11DE0, 0x11DE9},
  {0x11EE0, 0x11EF2},
  {0x11F02, 0x11F02},
  {0x11F04, 0x11F10},
  {0x11F12, 0x11F33},
  {0x11F50, 0x11F59},
  {0x11FB0, 0x11FB0},
  {0x11FC0, 0x11FD4},
  {0x12000, 0x12399},
  {0x12400, 0x1246E},
  {0x12480, 0x12543},
  {0x12F90, 0x12FF0},
  {0x13000, 0x1342F},
  {0x13441, 0x13446},
  {0x13460, 0x143FA},
  {0x14400, 0x14646},
  {0x16100, 0x1611D},
  {0x16130, 0x16139},
  {0x16800, 0x16A38},
  {0x16A40, 0x16A5E},
  {0x16A60, 0x16A69},
  {0x16A70, 0x16ABE},
  {0x16AC0, 0x16AC9},
  {0x16AD0, 0x16AED},
  {0x16B00, 0x16B2F},
  {0x16B40, 0x16B43},
  {0x16B50, 0x16B59},
  {0x16B5B, 0x16B61},
  {0x16B63, 0x16B77},
  {0x16B7D, 0x16B8F},
  {0x16D40, 0x16D6C},
  {0x16D70, 0x16D79},
  {0x16E40, 0x16E96},
  {0x16EA0, 0x16EB8},
  {0x16EBB, 0x16ED3},
  {0x16F00, 0x16F4A},
  {0x16F50, 0x16F50},
  {0x16F93, 0x16F9F},
  {0x16FE0, 0x16FE1},
  {0x16FE3, 0x16FE3},
  {0x16FF2, 0x16FF6},
  {0x17000, 0x18CD5},
  {0x18CFF, 0x18D1E},
  {0x18D80, 0x18DF2},
  {0x1AFF0, 0x1AFF3},
  {0x1AFF5, 0x1AFFB},
  {0x1AFFD, 0x1AFFE},
  {0x1B000, 0x1B122},
  {0x1B132, 0x1B132},
  {0x1B150, 0x1B152},
  {0x1B155, 0x1B155},
  {0x1B164, 0x1B167},
  {0x1B170, 0x1B2FB},
  {0x1BC00, 0x1BC6A},
  {0x1BC70, 0x1BC7C},
  {0x1BC80, 0x1BC88},
  {0x1BC90, 0x1BC99},
  {0x1CCF0, 0x1CCF9},
  {0x1D2C0, 0x1D2D3},
  {0x1D2E0, 0x1D2F3},
  {0x1D360, 0x1D378},
  {0x1D400, 0x1D454},
  {0x1D456, 0x1D49C},
  {0x1D49E, 0x1D49F},
  {0x1D4A2, 0x1D4A2},
  {0x1D4A5, 0x1D4A6},
  {0x1D4A9, 0x1D4AC},
  {0x1D4AE, 0x1D4B9},
  {0x1D4BB, 0x1D4BB},
  {0x1D4BD, 0x1D4C3},
  {0x1D4C5, 0x1D505},
  {0x1D507, 0x1D50A},
  {0x1D50D, 0x1D514},
  {0x1D516, 0x1D51C},
  {0x1D51E, 0x1D539},
  {0x1D53B, 0x1D53E},
  {0x1D540, 0x1D544},
  {0x1D546, 0x1D546},
  {0x1D54A, 0x1D550},
  {0x1D552, 0x1D6A5},
  {0x1D6A8, 0x1D6C0},
  {0x1D6C2, 0x1D6DA},
  {0x1D6DC, 0x1D6FA},
  {0x1D6FC, 0x1D714},
  {0x1D716, 0x1D734},
  {0x1D736, 0x1D74E},
  {0x1D750, 0x1D76E},
  {0x1D770, 0x1D788},
  {0x1D78A, 0x1D7A8},
  {0x1D7AA, 0x1D7C2},
  {0x1D7C4, 0x1D7CB},
  {0x1D7CE, 0x1D7FF},
  {0x1DF00, 0x1DF1E},
  {0x1DF25, 0x1DF2A},
  {0x1E030, 0x1E06D},
  {0x1E100, 0x1E12C},
  {0x1E137, 0x1E13D},
  {0x1E140, 0x1E149},
  {0x1E14E, 0x1E14E},
  {0x1E290, 0x1E2AD},
  {0x1E2C0, 0x1E2EB},
  {0x1E2F0, 0x1E2F9},
  {0x1E4D0, 0x1E4EB},
  {0x1E4F0, 0x1E4F9},
  {0x1E5D0, 0x1E5ED},
  {0x1E5F0, 0x1E5FA},
  {0x1E6C0, 0x1E6DE},
  {0x1E6E0, 0x1E6E2},
  {0x1E6E4, 0x1E6E5},
  {0x1E6E7, 0x1E6ED},
  {0x1E6F0, 0x1E6F4},
  {0x1E6FE, 0x1E6FF},
  {0x1E7E0, 0x1E7E6},
  {0x1E7E8, 0x1E7EB},
  {0x1E7ED, 0x1E7EE},
  {0x1E7F0, 0x1E7FE},
  {0x1E800, 0x1E8C4},
  {0x1E8C7, 0x1E8CF},
  {0x1E900, 0x1E943},
  {0x1E94B, 0x1E94B},
  {0x1E950, 0x1E959},
  {0x1EC71, 0x1ECAB},
  {0x1ECAD, 0x1ECAF},
  {0x1ECB1, 0x1ECB4},
  {0x1ED01, 0x1ED2D},
  {0x1ED2F, 0x1ED3D},
  {0x1EE00, 0x1EE03},
  {0x1EE05, 0x1EE1F},
  {0x1EE21, 0x1EE22},
  {0x1EE24, 0x1EE24},
  {0x1EE27, 0x1EE27},
  {0x1EE29, 0x1EE32},
  {0x1EE34, 0x1EE37},
  {0x1EE39, 0x1EE39},
  {0x1EE3B, 0x1EE3B},
  {0x1EE42, 0x1EE42},
  {0x1EE47, 0x1EE47},
  {0x1EE49, 0x1EE49},
  {0x1EE4B, 0x1EE4B},
  {0x1EE4D, 0x1EE4F},
  {0x1EE51, 0x1EE52},
  {0x1EE54, 0x1EE54},
  {0x1EE57, 0x1EE57},
  {0x1EE59, 0x1EE59},
  {0x1EE5B, 0x1EE5B},
  {0x1EE5D, 0x1EE5D},
  {0x1EE5F, 0x1EE5F},
  {0x1EE61, 0x1EE62},
  {0x1EE64, 0x1EE64},
  {0x1EE67, 0x1EE6A},
  {0x1EE6C, 0x1EE72},
  {0x1EE74, 0x1EE77},
  {0x1EE79, 0x1EE7C},
  {0x1EE7E, 0x1EE7E},
  {0x1EE80, 0x1EE89},
  {0x1EE8B, 0x1EE9B},
  {0x1EEA1, 0x1EEA3},
  {0x1EEA5, 0x1EEA9},
  {0x1EEAB, 0x1EEBB},
  {0x1F100, 0x1F10C},
  {0x1FBF0, 0x1FBF9},
  {0x20000, 0x2A6DF},
  {0x2A700, 0x2B81D},
  {0x2B820, 0x2CEAD},
  {0x2CEB0, 0x2EBE0},
  {0x2EBF0, 0x2EE5D},
  {0x2F800, 0x2FA1D},
  {0x30000, 0x3134A},
  {0x31350, 0x33479},
  {0x0009, 0x000D},
  {0x0020, 0x0020},
  {0x0085, 0x0085},
  {0x00A0, 0x00A0},
  {0x1680, 0x1680},
  {0x180E, 0x180E},
  {0x2000, 0x200A},
  {0x2028, 0x2029},
  {0x202F, 0x202F},
  {0x205F, 0x205F},
  {0x3000, 0x3000},
  {0x0030, 0x0039},
  {0x0041, 0x005A},
  {0x005F, 0x005F},
  {0x0061, 0x007A},
  {0x00AA, 0x00AA},
  {0x00B2, 0x00B3},
  {0x00B5, 0x00B5},
  {0x00B9, 0x00BA},
  {0x00BC, 0x00BE},
  {0x00C0, 0x00D6},
  {0x00D8, 0x00F6},
  {0x00F8, 0x02C1},
  {0x02C6, 0x02D1},
  {0x02E0, 0x02E4},
  {0x02EC, 0x02EC},
  {0x02EE, 0x02EE},
  {0x0300, 0x0374},
  {0x0376, 0x0377},
  {0x037A, 0x037D},
  {0x037F, 0x037F},
  {0x0386, 0x0386},
  {0x0388, 0x038A},
  {0x038C, 0x038C},
  {0x038E, 0x03A1},
  {0x03A3, 0x03F5},
  {0x03F7, 0x0481},
  {0x0483, 0x0487},
  {0x048A, 0x052F},
  {0x0531, 0x0556},
  {0x0559, 0x0559},
  {0x0560, 0x0588},
  {0x0591, 0x05BD},
  {0x05BF, 0x05BF},
  {0x05C1, 0x05C2},
  {0x05C4, 0x05C5},
  {0x05C7, 0x05C7},
  {0x05D0, 0x05EA},
  {0x05EF, 0x05F2},
  {0x0610, 0x061A},
  {0x0620, 0x0669},
  {0x066E, 0x06D3},
  {0x06D5, 0x06DC},
  {0x06DF, 0x06E8},
  {0x06EA, 0x06FC},
  {0x06FF, 0x06FF},
  {0x0710, 0x074A},
  {0x074D, 0x07B1},
  {0x07C0, 0x07F5},
  {0x07FA, 0x07FA},
  {0x07FD, 0x07FD},
  {0x0800, 0x082D},
  {0x0840, 0x085B},
  {0x0860, 0x086A},
  {0x0870, 0x0887},
  {0x0889, 0x088F},
  {0x0897, 0x08E1},
  {0x08E3, 0x0902},
  {0x0904, 0x093A},
  {0x093C, 0x093D},
  {0x0941, 0x0948},
  {0x094D, 0x094D},
  {0x0950, 0x0963},
  {0x0966, 0x096F},
  {0x0971, 0x0981},
  {0x0985, 0x098C},
  {0x098F, 0x0990},
  {0x0993, 0x09A8},
  {0x09AA, 0x09B0},
  {0x09B2, 0x09B2},
  {0x09B6, 0x09B9},
  {0x09BC, 0x09BD},
  {0x09C1, 0x09C4},
  {0x09CD, 0x09CE},
  {0x09DC, 0x09DD},
  {0x09DF, 0x09E3},
  {0x09E6, 0x09F1},
  {0x09F4, 0x09F9},
  {0x09FC, 0x09FC},
  {0x09FE, 0x09FE},
  {0x0A01, 0x0A02},
  {0x0A05, 0x0A0A},
  {0x0A0F, 0x0A10},
  {0x0A13, 0x0A28},
  {0x0A2A, 0x0A30},
  {0x0A32, 0x0A33},
  {0x0A35, 0x0A36},
  {0x0A38, 0x0A39},
  {0x0A3C, 0x0A3C},
  {0x0A41, 0x0A42},
  {0x0A47, 0x0A48},
  {0x0A4B, 0x0A4D},
  {0x0A51, 0x0A51},
  {0x0A59, 0x0A5C},
  {0x0A5E, 0x0A5E},
  {0x0A66, 0x0A75},
  {0x0A81, 0x0A82},
  {0x0A85, 0x0A8D},
  {0x0A8F, 0x0A91},
  {0x0A93, 0x0AA8},
  {0x0AAA, 0x0AB0},
  {0x0AB2, 0x0AB3},
  {0x0AB5, 0x0AB9},
  {0x0ABC, 0x0ABD},
  {0x0AC1, 0x0AC5},
  {0x0AC7, 0x0AC8},
  {0x0ACD, 0x0ACD},
  {0x0AD0, 0x0AD0},
  {0x0AE0, 0x0AE3},
  {0x0AE6, 0x0AEF},
  {0x0AF9, 0x0AFF},
  {0x0B01, 0x0B01},
  {0x0B05, 0x0B0C},
  {0x0B0F, 0x0B10},
  {0x0B13, 0x0B28},
  {0x0B2A, 0x0B30},
  {0x0B32, 0x0B33},
  {0x0B35, 0x0B39},
  {0x0B3C, 0x0B3D},
  {0x0B3F, 0x0B3F},
  {0x0B41, 0x0B44},
  {0x0B4D, 0x0B4D},
  {0x0B55, 0x0B56},
  {0x0B5C, 0x0B5D},
  {0x0B5F, 0x0B63},
  {0x0B66, 0x0B6F},
  {0x0B71, 0x0B77},
  {0x0B82, 0x0B83},
  {0x0B85, 0x0B8A},
  {0x0B8E, 0x0B90},
  {0x0B92, 0x0B95},
  {0x0B99, 0x0B9A},
  {0x0B9C, 0x0B9C},
  {0x0B9E, 0x0B9F},
  {0x0BA3, 0x0BA4},
  {0x0BA8, 0x0BAA},
  {0x0BAE, 0x0BB9},
  {0x0BC0, 0x0BC0},
  {0x0BCD, 0x0BCD},
  {0x0BD0, 0x0BD0},
  {0x0BE6, 0x0BF2},
  {0x0C00, 0x0C00},
  {0x0C04, 0x0C0C},
  {0x0C0E, 0x0C10},
  {0x0C12, 0x0C28},
  {0x0C2A, 0x0C39},
  {0x0C3C, 0x0C40},
  {0x0C46, 0x0C48},
  {0x0C4A, 0x0C4D},
  {0x0C55, 0x0C56},
  {0x0C58, 0x0C5A},
  {0x0C5C, 0x0C5D},
  {0x0C60, 0x0C63},
  {0x0C66, 0x0C6F},
  {0x0C78, 0x0C7E},
  {0x0C80, 0x0C81},
  {0x0C85, 0x0C8C},
  {0x0C8E, 0x0C90},
  {0x0C92, 0x0CA8},
  {0x0CAA, 0x0CB3},
  {0x0CB5, 0x0CB9},
  {0x0CBC, 0x0CBD},
  {0x0CBF, 0x0CBF},
  {0x0CC6, 0x0CC6},
  {0x0CCC, 0x0CCD},
  {0x0CDC, 0x0CDE},
  {0x0CE0, 0x0CE3},
  {0x0CE6, 0x0CEF},
  {0x0CF1, 0x0CF2},
  {0x0D00, 0x0D01},
  {0x0D04, 0x0D0C},
  {0x0D0E, 0x0D10},
  {0x0D12, 0x0D3D},
  {0x0D41, 0x0D44},
  {0x0D4D, 0x0D4E},
  {0x0D54, 0x0D56},
  {0x0D58, 0x0D63},
  {0x0D66, 0x0D78},
  {0x0D7A, 0x0D7F},
  {0x0D81, 0x0D81},
  {0x0D85, 0x0D96},
  {0x0D9A, 0x0DB1},
  {0x0DB3, 0x0DBB},
  {0x0DBD, 0x0DBD},
  {0x0DC0, 0x0DC6},
  {0x0DCA, 0x0DCA},
  {0x0DD2, 0x0DD4},
  {0x0DD6, 0x0DD6},
  {0x0DE6, 0x0DEF},
  {0x0E01, 0x0E3A},
  {0x0E40, 0x0E4E},
  {0x0E50, 0x0E59},
  {0x0E81, 0x0E82},
  {0x0E84, 0x0E84},
  {0x0E86, 0x0E8A},
  {0x0E8C, 0x0EA3},
  {0x0EA5, 0x0EA5},
  {0x0EA7, 0x0EBD},
  {0x0EC0, 0x0EC4},
  {0x0EC6, 0x0EC6},
  {0x0EC8, 0x0ECE},
  {0x0ED0, 0x0ED9},
  {0x0EDC, 0x0EDF},
  {0x0F00, 0x0F00},
  {0x0F18, 0x0F19},
  {0x0F20, 0x0F33},
  {0x0F35, 0x0F35},
  {0x0F37, 0x0F37},
  {0x0F39, 0x0F39},
  {0x0F40, 0x0F47},
  {0x0F49, 0x0F6C},
  {0x0F71, 0x0F7E},
  {0x0F80, 0x0F84},
  {0x0F86, 0x0F97},
  {0x0F99, 0x0FBC},
  {0x0FC6, 0x0FC6},
  {0x1000, 0x102A},
  {0x102D, 0x1030},
  {0x1032, 0x1037},
  {0x1039, 0x103A},
  {0x103D, 0x1049},
  {0x1050, 0x1055},
  {0x1058, 0x1061},
  {0x1065, 0x1066},
  {0x106E, 0x1082},
  {0x1085, 0x1086},
  {0x108D, 0x108E},
  {0x1090, 0x1099},
  {0x109D, 0x109D},
  {0x10A0, 0x10C5},
  {0x10C7, 0x10C7},
  {0x10CD, 0x10CD},
  {0x10D0, 0x10FA},
  {0x10FC, 0x1248},
  {0x124A, 0x124D},
  {0x1250, 0x1256},
  {0x1258, 0x1258},
  {0x125A, 0x125D},
  {0x1260, 0x1288},
  {0x128A, 0x128D},
  {0x1290, 0x12B0},
  {0x12B2, 0x12B5},
  {0x12B8, 0x12BE},
  {0x12C0, 0x12C0},
  {0x12C2, 0x12C5},
  {0x12C8, 0x12D6},
  {0x12D8, 0x1310},
  {0x1312, 0x1315},
  {0x1318, 0x135A},
  {0x135D, 0x135F},
  {0x1369, 0x137C},
  {0x1380, 0x138F},
  {0x13A0, 0x13F5},
  {0x13F8, 0x13FD},
  {0x1401, 0x166C},
  {0x166F, 0x167F},
  {0x1681, 0x169A},
  {0x16A0, 0x16EA},
  {0x16EE, 0x16F8},
  {0x1700, 0x1714},
  {0x171F, 0x1733},
  {0x1740, 0x1753},
  {0x1760, 0x176C},
  {0x176E, 0x1770},
  {0x1772, 0x1773},
  {0x1780, 0x17B5},
  {0x17B7, 0x17BD},
  {0x17C6, 0x17C6},
  {0x17C9, 0x17D3},
  {0x17D7, 0x17D7},
  {0x17DC, 0x17DD},
  {0x17E0, 0x17E9},
  {0x17F0, 0x17F9},
  {0x180B, 0x180D},
  {0x180F, 0x1819},
  {0x1820, 0x1878},
  {0x1880, 0x18AA},
  {0x18B0, 0x18F5},
  {0x1900, 0x191E},
  {0x1920, 0x1922},
  {0x1927, 0x1928},
  {0x1932, 0x1932},
  {0x1939, 0x193B},
  {0x1946, 0x196D},
  {0x1970, 0x1974},
  {0x1980, 0x19AB},
  {0x19B0, 0x19C9},
  {0x19D0, 0x19DA},
  {0x1A00, 0x1A18},
  {0x1A1B, 0x1A1B},
  {0x1A20, 0x1A54},
  {0x1A56, 0x1A56},
  {0x1A58, 0x1A5E},
  {0x1A60, 0x1A60},
  {0x1A62, 0x1A62},
  {0x1A65, 0x1A6C},
  {0x1A73, 0x1A7C},
  {0x1A7F, 0x1A89},
  {0x1A90, 0x1A99},
  {0x1AA7, 0x1AA7},
  {0x1AB0, 0x1ABD},
  {0x1ABF, 0x1ADD},
  {0x1AE0, 0x1AEB},
  {0x1B00, 0x1B03},
  {0x1B05, 0x1B34},
  {0x1B36, 0x1B3A},
  {0x1B3C, 0x1B3C},
  {0x1B42, 0x1B42},
  {0x1B45, 0x1B4C},
  {0x1B50, 0x1B59},
  {0x1B6B, 0x1B73},
  {0x1B80, 0x1B81},
  {0x1B83, 0x1BA0},
  {0x1BA2, 0x1BA5},
  {0x1BA8, 0x1BA9},
  {0x1BAB, 0x1BE6},
  {0x1BE8, 0x1BE9},
  {0x1BED, 0x1BED},
  {0x1BEF, 0x1BF1},
  {0x1C00, 0x1C23},
  {0x1C2C, 0x1C33},
  {0x1C36, 0x1C37},
  {0x1C40, 0x1C49},
  {0x1C4D, 0x1C7D},
  {0x1C80, 0x1C8A},
  {0x1C90, 0x1CBA},
  {0x1CBD, 0x1CBF},
  {0x1CD0, 0x1CD2},
  {0x1CD4, 0x1CE0},
  {0x1CE2, 0x1CF6},
  {0x1CF8, 0x1CFA},
  {0x1D00, 0x1F15},
  {0x1F18, 0x1F1D},
  {0x1F20, 0x1F45},
  {0x1F48, 0x1F4D},
  {0x1F50, 0x1F57},
  {0x1F59, 0x1F59},
  {0x1F5B, 0x1F5B},
  {0x1F5D, 0x1F5D},
  {0x1F5F, 0x1F7D},
  {0x1F80, 0x1FB4},
  {0x1FB6, 0x1FBC},
  {0x1FBE, 0x1FBE},
  {0x1FC2, 0x1FC4},
  {0x1FC6, 0x1FCC},
  {0x1FD0, 0x1FD3},
  {0x1FD6, 0x1FDB},
  {0x1FE0, 0x1FEC},
  {0x1FF2, 0x1FF4},
  {0x1FF6, 0x1FFC},
  {0x203F, 0x2040},
  {0x2054, 0x2054},
  {0x2070, 0x2071},
  {0x2074, 0x2079},
  {0x207F, 0x2089},
  {0x2090, 0x209C},
  {0x20D0, 0x20DC},
  {0x20E1, 0x20E1},
  {0x20E5, 0x20F0},
  {0x2102, 0x2102},
  {0x2107, 0x2107},
  {0x210A, 0x2113},
  {0x2115, 0x2115},
  {0x2119, 0x211D},
  {0x2124, 0x2124},
  {0x2126, 0x2126},
  {0x2128, 0x2128},
  {0x212A, 0x212D},
  {0x212F, 0x2139},
  {0x213C, 0x213F},
  {0x2145, 0x2149},
  {0x214E, 0x214E},
  {0x2150, 0x2189},
  {0x2460, 0x249B},
  {0x24EA, 0x24FF},
  {0x2776, 0x2793},
  {0x2C00, 0x2CE4},
  {0x2CEB, 0x2CF3},
  {0x2CFD, 0x2CFD},
  {0x2D00, 0x2D25},
  {0x2D27, 0x2D27},
  {0x2D2D, 0x2D2D},
  {0x2D30, 0x2D67},
  {0x2D6F, 0x2D6F},
  {0x2D7F, 0x2D96},
  {0x2DA0, 0x2DA6},
  {0x2DA8, 0x2DAE},
  {0x2DB0, 0x2DB6},
  {0x2DB8, 0x2DBE},
  {0x2DC0, 0x2DC6},
  {0x2DC8, 0x2DCE},
  {0x2DD0, 0x2DD6},
  {0x2DD8, 0x2DDE},
  {0x2DE0, 0x2DFF},
  {0x2E2F, 0x2E2F},
  {0x3005, 0x3007},
  {0x3021, 0x302D},
  {0x3031, 0x3035},
  {0x3038, 0x303C},
  {0x3041, 0x3096},
  {0x3099, 0x309A},
  {0x309D, 0x309F},
  {0x30A1, 0x30FA},
  {0x30FC, 0x30FF},
  {0x3105, 0x312F},
  {0x3131, 0x318E},
  {0x3192, 0x3195},
  {0x31A0, 0x31BF},
  {0x31F0, 0x31FF},
  {0x3220, 0x3229},
  {0x3248, 0x324F},
  {0x3251, 0x325F},
  {0x3280, 0x3289},
  {0x32B1, 0x32BF},
  {0x3400, 0x4DBF},
  {0x4E00, 0xA48C},
  {0xA4D0, 0xA4FD},
  {0xA500, 0xA60C},
  {0xA610, 0xA62B},
  {0xA640, 0xA66F},
  {0xA674, 0xA67D},
  {0xA67F, 0xA6F1},
  {0xA717, 0xA71F},
  {0xA722, 0xA788},
  {0xA78B, 0xA7DC},
  {0xA7F1, 0xA822},
  {0xA825, 0xA826},
  {0xA82C, 0xA82C},
  {0xA830, 0xA835},
  {0xA840, 0xA873},
  {0xA882, 0xA8B3},
  {0xA8C4, 0xA8C5},
  {0xA8D0, 0xA8D9},
  {0xA8E0, 0xA8F7},
  {0xA8FB, 0xA8FB},
  {0xA8FD, 0xA92D},
  {0xA930, 0xA951},
  {0xA960, 0xA97C},
  {0xA980, 0xA982},
  {0xA984, 0xA9B3},
  {0xA9B6, 0xA9B9},
  {0xA9BC, 0xA9BD},
  {0xA9CF, 0xA9D9},
  {0xA9E0, 0xA9FE},
  {0xAA00, 0xAA2E},
  {0xAA31, 0xAA32},
  {0xAA35, 0xAA36},
  {0xAA40, 0xAA4C},
  {0xAA50, 0xAA59},
  {0xAA60, 0xAA76},
  {0xAA7A, 0xAA7A},
  {0xAA7C, 0xAA7C},
  {0xAA7E, 0xAAC2},
  {0xAADB, 0xAADD},
  {0xAAE0, 0xAAEA},
  {0xAAEC, 0xAAED},
  {0xAAF2, 0xAAF4},
  {0xAAF6, 0xAAF6},
  {0xAB01, 0xAB06},
  {0xAB09, 0xAB0E},
  {0xAB11, 0xAB16},
  {0xAB20, 0xAB26},
  {0xAB28, 0xAB2E},
  {0xAB30, 0xAB5A},
  {0xAB5C, 0xAB69},
  {0xAB70, 0xABE2},
  {0xABE5, 0xABE5},
  {0xABE8, 0xABE8},
  {0xABED, 0xABED},
  {0xABF0, 0xABF9},
  {0xAC00, 0xD7A3},
  {0xD7B0, 0xD7C6},
  {0xD7CB, 0xD7FB},
  {0xF900, 0xFA6D},
  {0xFA70, 0xFAD9},
  {0xFB00, 0xFB06},
  {0xFB13, 0xFB17},
  {0xFB1D, 0xFB28},
  {0xFB2A, 0xFB36},
  {0xFB38, 0xFB3C},
  {0xFB3E, 0xFB3E},
  {0xFB40, 0xFB41},
  {0xFB43, 0xFB44},
  {0xFB46, 0xFBB1},
  {0xFBD3, 0xFD3D},
  {0xFD50, 0xFD8F},
  {0xFD92, 0xFDC7},
  {0xFDF0, 0xFDFB},
  {0xFE00, 0xFE0F},
  {0xFE20, 0xFE2F},
  {0xFE33, 0xFE34},
  {0xFE4D, 0xFE4F},
  {0xFE70, 0xFE74},
  {0xFE76, 0xFEFC},
  {0xFF10, 0xFF19},
  {0xFF21, 0xFF3A},
  {0xFF3F, 0xFF3F},
  {0xFF41, 0xFF5A},
  {0xFF66, 0xFFBE},
  {0xFFC2, 0xFFC7},
  {0xFFCA, 0xFFCF},
  {0xFFD2, 0xFFD7},
  {0xFFDA, 0xFFDC},
  {0x10000, 0x1000B},
  {0x1000D, 0x10026},
  {0x10028, 0x1003A},
  {0x1003C, 0x1003D},
  {0x1003F, 0x1004D},
  {0x10050, 0x1005D},
  {0x10080, 0x100FA},
  {0x10107, 0x10133},
  {0x10140, 0x10178},
  {0x1018A, 0x1018B},
  {0x101FD, 0x101FD},
  {0x10280, 0x1029C},
  {0x102A0, 0x102D0},
  {0x102E0, 0x102FB},
  {0x10300, 0x10323},
  {0x1032D, 0x1034A},
  {0x10350, 0x1037A},
  {0x10380, 0x1039D},
  {0x103A0, 0x103C3},
  {0x103C8, 0x103CF},
  {0x103D1, 0x103D5},
  {0x10400, 0x1049D},
  {0x104A0, 0x104A9},
  {0x104B0, 0x104D3},
  {0x104D8, 0x104FB},
  {0x10500, 0x10527},
  {0x10530, 0x10563},
  {0x10570, 0x1057A},
  {0x1057C, 0x1058A},
  {0x1058C, 0x10592},
  {0x10594, 0x10595},
  {0x10597, 0x105A1},
  {0x105A3, 0x105B1},
  {0x105B3, 0x105B9},
  {0x105BB, 0x105BC},
  {0x105C0, 0x105F3},
  {0x10600, 0x10736},
  {0x10740, 0x10755},
  {0x10760, 0x10767},
  {0x10780, 0x10785},
  {0x10787, 0x107B0},
  {0x107B2, 0x107BA},
  {0x10800, 0x10805},
  {0x10808, 0x10808},
  {0x1080A, 0x10835},
  {0x10837, 0x10838},
  {0x1083C, 0x1083C},
  {0x1083F, 0x10855},
  {0x10858, 0x10876},
  {0x10879, 0x1089E},
  {0x108A7, 0x108AF},
  {0x108E0, 0x108F2},
  {0x108F4, 0x108F5},
  {0x108FB, 0x1091B},
  {0x10920, 0x10939},
  {0x10940, 0x10959},
  {0x10980, 0x109B7},
  {0x109BC, 0x109CF},
  {0x109D2, 0x10A03},
  {0x10A05, 0x10A06},
  {0x10A0C, 0x10A13},
  {0x10A15, 0x10A17},
  {0x10A19, 0x10A35},
  {0x10A38, 0x10A3A},
  {0x10A3F, 0x10A48},
  {0x10A60, 0x10A7E},
  {0x10A80, 0x10A9F},
  {0x10AC0, 0x10AC7},
  {0x10AC9, 0x10AE6},
  {0x10AEB, 0x10AEF},
  {0x10B00, 0x10B35},
  {0x10B40, 0x10B55},
  {0x10B58, 0x10B72},
  {0x10B78, 0x10B91},
  {0x10BA9, 0x10BAF},
  {0x10C00, 0x10C48},
  {0x10C80, 0x10CB2},
  {0x10CC0, 0x10CF2},
  {0x10CFA, 0x10D27},
  {0x10D30, 0x10D39},
  {0x10D40, 0x10D65},
  {0x10D69, 0x10D6D},
  {0x10D6F, 0x10D85},
  {0x10E60, 0x10E7E},
  {0x10E80, 0x10EA9},
  {0x10EAB, 0x10EAC},
  {0x10EB0, 0x10EB1},
  {0x10EC2, 0x10EC7},
  {0x10EFA, 0x10F27},
  {0x10F30, 0x10F54},
  {0x10F70, 0x10F85},
  {0x10FB0, 0x10FCB},
  {0x10FE0, 0x10FF6},
  {0x11001, 0x11001},
  {0x11003, 0x11046},
  {0x11052, 0x11075},
  {0x1107F, 0x11081},
  {0x11083, 0x110AF},
  {0x110B3, 0x110B6},
  {0x110B9, 0x110BA},
  {0x110C2, 0x110C2},
  {0x110D0, 0x110E8},
  {0x110F0, 0x110F9},
  {0x11100, 0x1112B},
  {0x1112D, 0x11134},
  {0x11136, 0x1113F},
  {0x11144, 0x11144},
  {0x11147, 0x11147},
  {0x11150, 0x11173},
  {0x11176, 0x11176},
  {0x11180, 0x11181},
  {0x11183, 0x111B2},
  {0x111B6, 0x111BE},
  {0x111C1, 0x111C4},
  {0x111C9, 0x111CC},
  {0x111CF, 0x111DA},
  {0x111DC, 0x111DC},
  {0x111E1, 0x111F4},
  {0x11200, 0x11211},
  {0x11213, 0x1122B},
  {0x1122F, 0x11231},
  {0x11234, 0x11234},
  {0x11236, 0x11237},
  {0x1123E, 0x11241},
  {0x11280, 0x11286},
  {0x11288, 0x11288},
  {0x1128A, 0x1128D},
  {0x1128F, 0x1129D},
  {0x1129F, 0x112A8},
  {0x112B0, 0x112DF},
  {0x112E3, 0x112EA},
  {0x112F0, 0x112F9},
  {0x11300, 0x11301},
  {0x11305, 0x1130C},
  {0x1130F, 0x11310},
  {0x11313, 0x11328},
  {0x1132A, 0x11330},
  {0x11332, 0x11333},
  {0x11335, 0x11339},
  {0x1133B, 0x1133D},
  {0x11340, 0x11340},
  {0x11350, 0x11350},
  {0x1135D, 0x11361},
  {0x11366, 0x1136C},
  {0x11370, 0x11374},
  {0x11380, 0x11389},
  {0x1138B, 0x1138B},
  {0x1138E, 0x1138E},
  {0x11390, 0x113B5},
  {0x113B7, 0x113B7},
  {0x113BB, 0x113C0},
  {0x113CE, 0x113CE},
  {0x113D0, 0x113D3},
  {0x113E1, 0x113E2},
  {0x11400, 0x11434},
  {0x11438, 0x1143F},
  {0x11442, 0x11444},
  {0x11446, 0x1144A},
  {0x11450, 0x11459},
  {0x1145E, 0x11461},
  {0x11480, 0x114AF},
  {0x114B3, 0x114B8},
  {0x114BA, 0x114BA},
  {0x114BF, 0x114C0},
  {0x114C2, 0x114C5},
  {0x114C7, 0x114C7},
  {0x114D0, 0x114D9},
  {0x11580, 0x115AE},
  {0x115B2, 0x115B5},
  {0x115BC, 0x115BD},
  {0x115BF, 0x115C0},
  {0x115D8, 0x115DD},
  {0x11600, 0x1162F},
  {0x11633, 0x1163A},
  {0x1163D, 0x1163D},
  {0x1163F, 0x11640},
  {0x11644, 0x11644},
  {0x11650, 0x11659},
  {0x11680, 0x116AB},
  {0x116AD, 0x116AD},
  {0x116B0, 0x116B5},
  {0x116B7, 0x116B8},
  {0x116C0, 0x116C9},
  {0x116D0, 0x116E3},
  {0x11700, 0x1171A},
  {0x1171D, 0x1171D},
  {0x1171F, 0x1171F},
  {0x11722, 0x11725},
  {0x11727, 0x1172B},
  {0x11730, 0x1173B},
  {0x11740, 0x11746},
  {0x11800, 0x1182B},
  {0x1182F, 0x11837},
  {0x11839, 0x1183A},
  {0x118A0, 0x118F2},
  {0x118FF, 0x11906},
  {0x11909, 0x11909},
  {0x1190C, 0x11913},
  {0x11915, 0x11916},
  {0x11918, 0x1192F},
  {0x1193B, 0x1193C},
  {0x1193E, 0x1193F},
  {0x11941, 0x11941},
  {0x11943, 0x11943},
  {0x11950, 0x11959},
  {0x119A0, 0x119A7},
  {0x119AA, 0x119D0},
  {0x119D4, 0x119D7},
  {0x119DA, 0x119DB},
  {0x119E0, 0x119E1},
  {0x119E3, 0x119E3},
  {0x11A00, 0x11A38},
  {0x11A3A, 0x11A3E},
  {0x11A47, 0x11A47},
  {0x11A50, 0x11A56},
  {0x11A59, 0x11A96},
  {0x11A98, 0x11A99},
  {0x11A9D, 0x11A9D},
  {0x11AB0, 0x11AF8},
  {0x11B60, 0x11B60},
  {0x11B62, 0x11B64},
  {0x11B66, 0x11B66},
  {0x11BC0, 0x11BE0},
  {0x11BF0, 0x11BF9},
  {0x11C00, 0x11C08},
  {0x11C0A, 0x11C2E},
  {0x11C30, 0x11C36},
  {0x11C38, 0x11C3D},
  {0x11C3F, 0x11C40},
  {0x11C50, 0x11C6C},
  {0x11C72, 0x11C8F},
  {0x11C92, 0x11CA7},
  {0x11CAA, 0x11CB0},
  {0x11CB2, 0x11CB3},
  {0x11CB5, 0x11CB6},
  {0x11D00, 0x11D06},
  {0x11D08, 0x11D09},
  {0x11D0B, 0x11D36},
  {0x11D3A, 0x11D3A},
  {0x11D3C, 0x11D3D},
  {0x11D3F, 0x11D47},
  {0x11D50, 0x11D59},
  {0x11D60, 0x11D65},
  {0x11D67, 0x11D68},
  {0x11D6A, 0x11D89},
  {0x11D90, 0x11D91},
  {0x11D95, 0x11D95},
  {0x11D97, 0x11D98},
  {0x11DA0, 0x11DA9},
  {0x11DB0, 0x11DDB},
  {0x11DE0, 0x11DE9},
  {0x11EE0, 0x11EF4},
  {0x11F00, 0x11F02},
  {0x11F04, 0x11F10},
  {0x11F12, 0x11F33},
  {0x11F36, 0x11F3A},
  {0x11F40, 0x11F40},
  {0x11F42, 0x11F42},
  {0x11F50, 0x11F5A},
  {0x11FB0, 0x11FB0},
  {0x11FC0, 0x11FD4},
  {0x12000, 0x12399},
  {0x12400, 0x1246E},
  {0x12480, 0x12543},
  {0x12F90, 0x12FF0},
  {0x13000, 0x1342F},
  {0x13440, 0x13455},
  {0x13460, 0x143FA},
  {0x14400, 0x14646},
  {0x16100, 0x16129},
  {0x1612D, 0x16139},
  {0x16800, 0x16A38},
  {0x16A40, 0x16A5E},
  {0x16A60, 0x16A69},
  {0x16A70, 0x16ABE},
  {0x16AC0, 0x16AC9},
  {0x16AD0, 0x16AED},
  {0x16AF0, 0x16AF4},
  {0x16B00, 0x16B36},
  {0x16B40, 0x16B43},
  {0x16B50, 0x16B59},
  {0x16B5B, 0x16B61},
  {0x16B63, 0x16B77},
  {0x16B7D, 0x16B8F},
  {0x16D40, 0x16D6C},
  {0x16D70, 0x16D79},
  {0x16E40, 0x16E96},
  {0x16EA0, 0x16EB8},
  {0x16EBB, 0x16ED3},
  {0x16F00, 0x16F4A},
  {0x16F4F, 0x16F50},
  {0x16F8F, 0x16F9F},
  {0x16FE0, 0x16FE1},
  {0x16FE3, 0x16FE4},
  {0x16FF2, 0x16FF6},
  {0x17000, 0x18CD5},
  {0x18CFF, 0x18D1E},
  {0x18D80, 0x18DF2},
  {0x1AFF0, 0x1AFF3},
  {0x1AFF5, 0x1AFFB},
  {0x1AFFD, 0x1AFFE},
  {0x1B000, 0x1B122},
  {0x1B132, 0x1B132},
  {0x1B150, 0x1B152},
  {0x1B155, 0x1B155},
  {0x1B164, 0x1B167},
  {0x1B170, 0x1B2FB},
  {0x1BC00, 0x1BC6A},
  {0x1BC70, 0x1BC7C},
  {0x1BC80, 0x1BC88},
  {0x1BC90, 0x1BC99},
  {0x1BC9D, 0x1BC9E},
  {0x1CCF0, 0x1CCF9},
  {0x1CF00, 0x1CF2D},
  {0x1CF30, 0x1CF46},
  {0x1D167, 0x1D169},
  {0x1D17B, 0x1D182},
  {0x1D185, 0x1D18B},
  {0x1D1AA, 0x1D1AD},
  {0x1D242, 0x1D244},
  {0x1D2C0, 0x1D2D3},
  {0x1D2E0, 0x1D2F3},
  {0x1D360, 0x1D378},
  {0x1D400, 0x1D454},
  {0x1D456, 0x1D49C},
  {0x1D49E, 0x1D49F},
  {0x1D4A2, 0x1D4A2},
  {0x1D4A5, 0x1D4A6},
  {0x1D4A9, 0x1D4AC},
  {0x1D4AE, 0x1D4B9},
  {0x1D4BB, 0x1D4BB},
  {0x1D4BD, 0x1D4C3},
  {0x1D4C5, 0x1D505},
  {0x1D507, 0x1D50A},
  {0x1D50D, 0x1D514},
  {0x1D516, 0x1D51C},
  {0x1D51E, 0x1D539},
  {0x1D53B, 0x1D53E},
  {0x1D540, 0x1D544},
  {0x1D546, 0x1D546},
  {0x1D54A, 0x1D550},
  {0x1D552, 0x1D6A5},
  {0x1D6A8, 0x1D6C0},
  {0x1D6C2, 0x1D6DA},
  {0x1D6DC, 0x1D6FA},
  {0x1D6FC, 0x1D714},
  {0x1D716, 0x1D734},
  {0x1D736, 0x1D74E},
  {0x1D750, 0x1D76E},
  {0x1D770, 0x1D788},
  {0x1D78A, 0x1D7A8},
  {0x1D7AA, 0x1D7C2},
  {0x1D7C4, 0x1D7CB},
  {0x1D7CE, 0x1D7FF},
  {0x1DA00, 0x1DA36},
  {0x1DA3B, 0x1DA6C},
  {0x1DA75, 0x1DA75},
  {0x1DA84, 0x1DA84},
  {0x1DA9B, 0x1DA9F},
  {0x1DAA1, 0x1DAAF},
  {0x1DF00, 0x1DF1E},
  {0x1DF25, 0x1DF2A},
  {0x1E000, 0x1E006},
  {0x1E008, 0x1E018},
  {0x1E01B, 0x1E021},
  {0x1E023, 0x1E024},
  {0x1E026, 0x1E02A},
  {0x1E030, 0x1E06D},
  {0x1E08F, 0x1E08F},
  {0x1E100, 0x1E12C},
  {0x1E130, 0x1E13D},
  {0x1E140, 0x1E149},
  {0x1E14E, 0x1E14E},
  {0x1E290, 0x1E2AE},
  {0x1E2C0, 0x1E2F9},
  {0x1E4D0, 0x1E4F9},
  {0x1E5D0, 0x1E5FA},
  {0x1E6C0, 0x1E6DE},
  {0x1E6E0, 0x1E6F5},
  {0x1E6FE, 0x1E6FF},
  {0x1E7E0, 0x1E7E6},
  {0x1E7E8, 0x1E7EB},
  {0x1E7ED, 0x1E7EE},
  {0x1E7F0, 0x1E7FE},
  {0x1E800, 0x1E8C4},
  {0x1E8C7, 0x1E8D6},
  {0x1E900, 0x1E94B},
  {0x1E950, 0x1E959},
  {0x1EC71, 0x1ECAB},
  {0x1ECAD, 0x1ECAF},
  {0x1ECB1, 0x1ECB4},
  {0x1ED01, 0x1ED2D},
  {0x1ED2F, 0x1ED3D},
  {0x1EE00, 0x1EE03},
  {0x1EE05, 0x1EE1F},
  {0x1EE21, 0x1EE22},
  {0x1EE24, 0x1EE24},
  {0x1EE27, 0x1EE27},
  {0x1EE29, 0x1EE32},
  {0x1EE34, 0x1EE37},
  {0x1EE39, 0x1EE39},
  {0x1EE3B, 0x1EE3B},
  {0x1EE42, 0x1EE42},
  {0x1EE47, 0x1EE47},
  {0x1EE49, 0x1EE49},
  {0x1EE4B, 0x1EE4B},
  {0x1EE4D, 0x1EE4F},
  {0x1EE51, 0x1EE52},
  {0x1EE54, 0x1EE54},
  {0x1EE57, 0x1EE57},
  {0x1EE59, 0x1EE59},
  {0x1EE5B, 0x1EE5B},
  {0x1EE5D, 0x1EE5D},
  {0x1EE5F, 0x1EE5F},
  {0x1EE61, 0x1EE62},
  {0x1EE64, 0x1EE64},
  {0x1EE67, 0x1EE6A},
  {0x1EE6C, 0x1EE72},
  {0x1EE74, 0x1EE77},
  {0x1EE79, 0x1EE7C},
  {0x1EE7E, 0x1EE7E},
  {0x1EE80, 0x1EE89},
  {0x1EE8B, 0x1EE9B},
  {0x1EEA1, 0x1EEA3},
  {0x1EEA5, 0x1EEA9},
  {0x1EEAB, 0x1EEBB},
  {0x1F100, 0x1F10C},
  {0x1FBF0, 0x1FBF9},
  {0x20000, 0x2A6DF},
  {0x2A700, 0x2B81D},
  {0x2B820, 0x2CEAD},
  {0x2CEB0, 0x2EBE0},
  {0x2EBF0, 0x2EE5D},
  {0x2F800, 0x2FA1D},
  {0x30000, 0x3134A},
  {0x31350, 0x33479},
  {0xE0100, 0xE01EF},
  {0x0608, 0x0608},
  {0x060B, 0x060B},
  {0x060D, 0x060D},
  {0x061B, 0x064A},
  {0x066D, 0x066F},
  {0x0671, 0x06D5},
  {0x06E5, 0x06E6},
  {0x06EE, 0x06EF},
  {0x06FA, 0x0710},
  {0x0712, 0x072F},
  {0x074B, 0x07A5},
  {0x07B1, 0x07BF},
  {0x0860, 0x088F},
  {0x0892, 0x0896},
  {0x08A0, 0x08C9},
  {0xFB50, 0xFBC2},
  {0xFBD3, 0xFD3D},
  {0xFD50, 0xFD8F},
  {0xFD92, 0xFDC7},
  {0xFDF0, 0xFDFC},
  {0xFE70, 0xFEFE},
  {0x10D00, 0x10D23},
  {0x10D28, 0x10D2F},
  {0x10D3A, 0x10D3F},
  {0x10EC0, 0x10ECF},
  {0x10ED9, 0x10EF9},
  {0x10F30, 0x10F45},
  {0x10F51, 0x10F6F},
  {0x1EC70, 0x1ECBF},
  {0x1ED00, 0x1ED4F},
  {0x1EE00, 0x1EEEF},
  {0x1EEF2, 0x1EEFF},
  {0x0600, 0x0605},
  {0x0660, 0x0669},
  {0x066B, 0x066C},
  {0x06DD, 0x06DD},
  {0x0890, 0x0891},
  {0x08E2, 0x08E2},
  {0x10D30, 0x10D39},
  {0x10D40, 0x10D49},
  {0x10E60, 0x10E7E},
  {0x000A, 0x000A},
  {0x000D, 0x000D},
  {0x001C, 0x001E},
  {0x0085, 0x0085},
  {0x2029, 0x2029},
  {0x0000, 0x0008},
  {0x000E, 0x001B},
  {0x007F, 0x0084},
  {0x0086, 0x009F},
  {0x00AD, 0x00AD},
  {0x180E, 0x180E},
  {0x200B, 0x200D},
  {0x2060, 0x2065},
  {0x206A, 0x206F},
  {0xFDD0, 0xFDEF},
  {0xFEFF, 0xFEFF},
  {0xFFF0, 0xFFF8},
  {0xFFFE, 0xFFFF},
  {0x1BCA0, 0x1BCA3},
  {0x1D173, 0x1D17A},
  {0x1FFFE, 0x1FFFF},
  {0x2FFFE, 0x2FFFF},
  {0x3FFFE, 0x3FFFF},
  {0x4FFFE, 0x4FFFF},
  {0x5FFFE, 0x5FFFF},
  {0x6FFFE, 0x6FFFF},
  {0x7FFFE, 0x7FFFF},
  {0x8FFFE, 0x8FFFF},
  {0x9FFFE, 0x9FFFF},
  {0xAFFFE, 0xAFFFF},
  {0xBFFFE, 0xBFFFF},
  {0xCFFFE, 0xCFFFF},
  {0xDFFFE, 0xE00FF},
  {0xE01F0, 0xE0FFF},
  {0xEFFFE, 0xEFFFF},
  {0xFFFFE, 0xFFFFF},
  {0x10FFFE, 0x10FFFF},
  {0x002C, 0x002C},
  {0x002E, 0x002F},
  {0x003A, 0x003A},
  {0x00A0, 0x00A0},
  {0x060C, 0x060C},
  {0x202F, 0x202F},
  {0x2044, 0x2044},
  {0xFE50, 0xFE50},
  {0xFE52, 0xFE52},
  {0xFE55, 0xFE55},
  {0xFF0C, 0xFF0C},
  {0xFF0E, 0xFF0F},
  {0xFF1A, 0xFF1A},
  {0x0030, 0x0039},
  {0x00B2, 0x00B3},
  {0x00B9, 0x00B9},
  {0x06F0, 0x06F9},
  {0x2070, 0x2070},
  {0x2074, 0x2079},
  {0x2080, 0x2089},
  {0x2488, 0x249B},
  {0xFF10, 0xFF19},
  {0x102E1, 0x102FB},
  {0x1CCF0, 0x1CCF9},
  {0x1D7CE, 0x1D7FF},
  {0x1F100, 0x1F10A},
  {0x1FBF0, 0x1FBF9},
  {0x002B, 0x002B},
  {0x002D, 0x002D},
  {0x207A, 0x207B},
  {0x208A, 0x208B},
  {0x2212, 0x2212},
  {0xFB29, 0xFB29},
  {0xFE62, 0xFE63},
  {0xFF0B, 0xFF0B},
  {0xFF0D, 0xFF0D},
  {0x0023, 0x0025},
  {0x00A2, 0x00A5},
  {0x00B0, 0x00B1},
  {0x058F, 0x058F},
  {0x0609, 0x060A},
  {0x066A, 0x066A},
  {0x09F2, 0x09F3},
  {0x09FB, 0x09FB},
  {0x0AF1, 0x0AF1},
  {0x0BF9, 0x0BF9},
  {0x0E3F, 0x0E3F},
  {0x17DB, 0x17DB},
  {0x2030, 0x2034},
  {0x20A0, 0x20CF},
  {0x212E, 0x212E},
  {0x2213, 0x2213},
  {0xA838, 0xA839},
  {0xFE5F, 0xFE5F},
  {0xFE69, 0xFE6A},
  {0xFF03, 0xFF05},
  {0xFFE0, 0xFFE1},
  {0xFFE5, 0xFFE6},
  {0x11FDD, 0x11FE0},
  {0x1E2FF, 0x1E2FF},
  {0x2068, 0x2068},
  {0x0041, 0x005A},
  {0x0061, 0x007A},
  {0x00AA, 0x00AA},
  {0x00B5, 0x00B5},
  {0x00BA, 0x00BA},
  {0x00C0, 0x00D6},
  {0x00D8, 0x00F6},
  {0x00F8, 0x02B8},
  {0x02BB, 0x02C1},
  {0x02D0, 0x02D1},
  {0x02E0, 0x02E4},
  {0x02EE, 0x02EE},
  {0x0370, 0x0373},
  {0x0376, 0x037D},
  {0x037F, 0x0383},
  {0x0386, 0x0386},
  {0x0388, 0x03F5},
  {0x03F7, 0x0482},
  {0x048A, 0x0589},
  {0x058B, 0x058C},
  {0x0903, 0x0939},
  {0x093B, 0x093B},
  {0x093D, 0x0940},
  {0x0949, 0x094C},
  {0x094E, 0x0950},
  {0x0958, 0x0961},
  {0x0964, 0x0980},
  {0x0982, 0x09BB},
  {0x09BD, 0x09C0},
  {0x09C5, 0x09CC},
  {0x09CE, 0x09E1},
  {0x09E4, 0x09F1},
  {0x09F4, 0x09FA},
  {0x09FC, 0x09FD},
  {0x09FF, 0x0A00},
  {0x0A03, 0x0A3B},
  {0x0A3D, 0x0A40},
  {0x0A43, 0x0A46},
  {0x0A49, 0x0A4A},
  {0x0A4E, 0x0A50},
  {0x0A52, 0x0A6F},
  {0x0A72, 0x0A74},
  {0x0A76, 0x0A80},
  {0x0A83, 0x0ABB},
  {0x0ABD, 0x0AC0},
  {0x0AC6, 0x0AC6},
  {0x0AC9, 0x0ACC},
  {0x0ACE, 0x0AE1},
  {0x0AE4, 0x0AF0},
  {0x0AF2, 0x0AF9},
  {0x0B00, 0x0B00},
  {0x0B02, 0x0B3B},
  {0x0B3D, 0x0B3E},
  {0x0B40, 0x0B40},
  {0x0B45, 0x0B4C},
  {0x0B4E, 0x0B54},
  {0x0B57, 0x0B61},
  {0x0B64, 0x0B81},
  {0x0B83, 0x0BBF},
  {0x0BC1, 0x0BCC},
  {0x0BCE, 0x0BF2},
  {0x0BFB, 0x0BFF},
  {0x0C01, 0x0C03},
  {0x0C05, 0x0C3B},
  {0x0C3D, 0x0C3D},
  {0x0C41, 0x0C45},
  {0x0C49, 0x0C49},
  {0x0C4E, 0x0C54},
  {0x0C57, 0x0C61},
  {0x0C64, 0x0C77},
  {0x0C7F, 0x0C80},
  {0x0C82, 0x0CBB},
  {0x0CBD, 0x0CCB},
  {0x0CCE, 0x0CE1},
  {0x0CE4, 0x0CFF},
  {0x0D02, 0x0D3A},
  {0x0D3D, 0x0D40},
  {0x0D45, 0x0D4C},
  {0x0D4E, 0x0D61},
  {0x0D64, 0x0D80},
  {0x0D82, 0x0DC9},
  {0x0DCB, 0x0DD1},
  {0x0DD5, 0x0DD5},
  {0x0DD7, 0x0E30},
  {0x0E32, 0x0E33},
  {0x0E3B, 0x0E3E},
  {0x0E40, 0x0E46},
  {0x0E4F, 0x0EB0},
  {0x0EB2, 0x0EB3},
  {0x0EBD, 0x0EC7},
  {0x0ECF, 0x0F17},
  {0x0F1A, 0x0F34},
  {0x0F36, 0x0F36},
  {0x0F38, 0x0F38},
  {0x0F3E, 0x0F70},
  {0x0F7F, 0x0F7F},
  {0x0F85, 0x0F85},
  {0x0F88, 0x0F8C},
  {0x0F98, 0x0F98},
  {0x0FBD, 0x0FC5},
  {0x0FC7, 0x102C},
  {0x1031, 0x1031},
  {0x1038, 0x1038},
  {0x103B, 0x103C},
  {0x103F, 0x1057},
  {0x105A, 0x105D},
  {0x1061, 0x1070},
  {0x1075, 0x1081},
  {0x1083, 0x1084},
  {0x1087, 0x108C},
  {0x108E, 0x109C},
  {0x109E, 0x135C},
  {0x1360, 0x138F},
  {0x139A, 0x13FF},
  {0x1401, 0x167F},
  {0x1681, 0x169A},
  {0x169D, 0x1711},
  {0x1715, 0x1731},
  {0x1734, 0x1751},
  {0x1754, 0x1771},
  {0x1774, 0x17B3},
  {0x17B6, 0x17B6},
  {0x17BE, 0x17C5},
  {0x17C7, 0x17C8},
  {0x17D4, 0x17DA},
  {0x17DC, 0x17DC},
  {0x17DE, 0x17EF},
  {0x17FA, 0x17FF},
  {0x1810, 0x1884},
  {0x1887, 0x18A8},
  {0x18AA, 0x191F},
  {0x1923, 0x1926},
  {0x1929, 0x1931},
  {0x1933, 0x1938},
  {0x193C, 0x193F},
  {0x1941, 0x1943},
  {0x1946, 0x19DD},
  {0x1A00, 0x1A16},
  {0x1A19, 0x1A1A},
  {0x1A1C, 0x1A55},
  {0x1A57, 0x1A57},
  {0x1A5F, 0x1A5F},
  {0x1A61, 0x1A61},
  {0x1A63, 0x1A64},
  {0x1A6D, 0x1A72},
  {0x1A7D, 0x1A7E},
  {0x1A80, 0x1AAF},
  {0x1ADE, 0x1ADF},
  {0x1AEC, 0x1AFF},
  {0x1B04, 0x1B33},
  {0x1B35, 0x1B35},
  {0x1B3B, 0x1B3B},
  {0x1B3D, 0x1B41},
  {0x1B43, 0x1B6A},
  {0x1B74, 0x1B7F},
  {0x1B82, 0x1BA1},
  {0x1BA6, 0x1BA7},
  {0x1BAA, 0x1BAA},
  {0x1BAE, 0x1BE5},
  {0x1BE7, 0x1BE7},
  {0x1BEA, 0x1BEC},
  {0x1BEE, 0x1BEE},
  {0x1BF2, 0x1C2B},
  {0x1C34, 0x1C35},
  {0x1C38, 0x1CCF},
  {0x1CD3, 0x1CD3},
  {0x1CE1, 0x1CE1},
  {0x1CE9, 0x1CEC},
  {0x1CEE, 0x1CF3},
  {0x1CF5, 0x1CF7},
  {0x1CFA, 0x1DBF},
  {0x1E00, 0x1FBC},
  {0x1FBE, 0x1FBE},
  {0x1FC2, 0x1FCC},
  {0x1FD0, 0x1FDC},
  {0x1FE0, 0x1FEC},
  {0x1FF0, 0x1FFC},
  {0x1FFF, 0x1FFF},
  {0x200E, 0x200E},
  {0x2071, 0x2073},
  {0x207F, 0x207F},
  {0x208F, 0x209F},
  {0x20F1, 0x20FF},
  {0x2102, 0x2102},
  {0x2107, 0x2107},
  {0x210A, 0x2113},
  {0x2115, 0x2115},
  {0x2119, 0x211D},
  {0x2124, 0x2124},
  {0x2126, 0x2126},
  {0x2128, 0x2128},
  {0x212A, 0x212D},
  {0x212F, 0x2139},
  {0x213C, 0x213F},
  {0x2145, 0x2149},
  {0x214E, 0x214F},
  {0x2160, 0x2188},
  {0x218C, 0x218F},
  {0x2336, 0x237A},
  {0x2395, 0x2395},
  {0x242A, 0x243F},
  {0x244B, 0x245F},
  {0x249C, 0x24E9},
  {0x26AC, 0x26AC},
  {0x2800, 0x28FF},
  {0x2B74, 0x2B75},
  {0x2C00, 0x2CE4},
  {0x2CEB, 0x2CEE},
  {0x2CF2, 0x2CF8},
  {0x2D00, 0x2D7E},
  {0x2D80, 0x2DDF},
  {0x2E5E, 0x2E7F},
  {0x2E9A, 0x2E9A},
  {0x2EF4, 0x2EFF},
  {0x2FD6, 0x2FEF},
  {0x3005, 0x3007},
  {0x3021, 0x3029},
  {0x302E, 0x302F},
  {0x3031, 0x3035},
  {0x3038, 0x303C},
  {0x3040, 0x3098},
  {0x309D, 0x309F},
  {0x30A1, 0x30FA},
  {0x30FC, 0x31BF},
  {0x31E6, 0x31EE},
  {0x31F0, 0x321C},
  {0x321F, 0x324F},
  {0x3260, 0x327B},
  {0x327F, 0x32B0},
  {0x32C0, 0x32CB},
  {0x32D0, 0x3376},
  {0x337B, 0x33DD},
  {0x33E0, 0x33FE},
  {0x3400, 0x4DBF},
  {0x4E00, 0xA48F},
  {0xA4C7, 0xA60C},
  {0xA610, 0xA66E},
  {0xA680, 0xA69D},
  {0xA6A0, 0xA6EF},
  {0xA6F2, 0xA6FF},
  {0xA722, 0xA787},
  {0xA789, 0xA801},
  {0xA803, 0xA805},
  {0xA807, 0xA80A},
  {0xA80C, 0xA824},
  {0xA827, 0xA827},
  {0xA82D, 0xA837},
  {0xA83A, 0xA873},
  {0xA878, 0xA8C3},
  {0xA8C6, 0xA8DF},
  {0xA8F2, 0xA8FE},
  {0xA900, 0xA925},
  {0xA92E, 0xA946},
  {0xA952, 0xA97F},
  {0xA983, 0xA9B2},
  {0xA9B4, 0xA9B5},
  {0xA9BA, 0xA9BB},
  {0xA9BE, 0xA9E4},
  {0xA9E6, 0xAA28},
  {0xAA2F, 0xAA30},
  {0xAA33, 0xAA34},
  {0xAA37, 0xAA42},
  {0xAA44, 0xAA4B},
  {0xAA4D, 0xAA7B},
  {0xAA7D, 0xAAAF},
  {0xAAB1, 0xAAB1},
  {0xAAB5, 0xAAB6},
  {0xAAB9, 0xAABD},
  {0xAAC0, 0xAAC0},
  {0xAAC2, 0xAAEB},
  {0xAAEE, 0xAAF5},
  {0xAAF7, 0xAB69},
  {0xAB6C, 0xABE4},
  {0xABE6, 0xABE7},
  {0xABE9, 0xABEC},
  {0xABEE, 0xFB1C},
  {0xFE1A, 0xFE1F},
  {0xFE53, 0xFE53},
  {0xFE67, 0xFE67},
  {0xFE6C, 0xFE6F},
  {0xFF00, 0xFF00},
  {0xFF21, 0xFF3A},
  {0xFF41, 0xFF5A},
  {0xFF66, 0xFFDF},
  {0xFFE7, 0xFFE7},
  {0xFFEF, 0xFFEF},
  {0x10000, 0x10100},
  {0x10102, 0x1013F},
  {0x1018D, 0x1018F},
  {0x1019D, 0x1019F},
  {0x101A1, 0x101FC},
  {0x101FE, 0x102DF},
  {0x102FC, 0x10375},
  {0x1037B, 0x107FF},
  {0x11000, 0x11000},
  {0x11002, 0x11037},
  {0x11047, 0x11051},
  {0x11066, 0x1106F},
  {0x11071, 0x11072},
  {0x11075, 0x1107E},
  {0x11082, 0x110B2},
  {0x110B7, 0x110B8},
  {0x110BB, 0x110C1},
  {0x110C3, 0x110FF},
  {0x11103, 0x11126},
  {0x1112C, 0x1112C},
  {0x11135, 0x11172},
  {0x11174, 0x1117F},
  {0x11182, 0x111B5},
  {0x111BF, 0x111C8},
  {0x111CD, 0x111CE},
  {0x111D0, 0x1122E},
  {0x11232, 0x11233},
  {0x11235, 0x11235},
  {0x11238, 0x1123D},
  {0x1123F, 0x11240},
  {0x11242, 0x112DE},
  {0x112E0, 0x112E2},
  {0x112EB, 0x112FF},
  {0x11302, 0x1133A},
  {0x1133D, 0x1133F},
  {0x11341, 0x11365},
  {0x1136D, 0x1136F},
  {0x11375, 0x113BA},
  {0x113C1, 0x113CD},
  {0x113CF, 0x113CF},
  {0x113D1, 0x113D1},
  {0x113D3, 0x113E0},
  {0x113E3, 0x11437},
  {0x11440, 0x11441},
  {0x11445, 0x11445},
  {0x11447, 0x1145D},
  {0x1145F, 0x114B2},
  {0x114B9, 0x114B9},
  {0x114BB, 0x114BE},
  {0x114C1, 0x114C1},
  {0x114C4, 0x115B1},
  {0x115B6, 0x115BB},
  {0x115BE, 0x115BE},
  {0x115C1, 0x115DB},
  {0x115DE, 0x11632},
  {0x1163B, 0x1163C},
  {0x1163E, 0x1163E},
  {0x11641, 0x1165F},
  {0x1166D, 0x116AA},
  {0x116AC, 0x116AC},
  {0x116AE, 0x116AF},
  {0x116B6, 0x116B6},
  {0x116B8, 0x1171C},
  {0x1171E, 0x1171E},
  {0x11720, 0x11721},
  {0x11726, 0x11726},
  {0x1172C, 0x1182E},
  {0x11838, 0x11838},
  {0x1183B, 0x1193A},
  {0x1193D, 0x1193D},
  {0x1193F, 0x11942},
  {0x11944, 0x119D3},
  {0x119D8, 0x119D9},
  {0x119DC, 0x119DF},
  {0x119E1, 0x11A00},
  {0x11A07, 0x11A08},
  {0x11A0B, 0x11A32},
  {0x11A39, 0x11A3A},
  {0x11A3F, 0x11A46},
  {0x11A48, 0x11A50},
  {0x11A57, 0x11A58},
  {0x11A5C, 0x11A89},
  {0x11A97, 0x11A97},
  {0x11A9A, 0x11B5F},
  {0x11B61, 0x11B61},
  {0x11B65, 0x11B65},
  {0x11B67, 0x11C2F},
  {0x11C37, 0x11C37},
  {0x11C3E, 0x11C91},
  {0x11CA8, 0x11CA9},
  {0x11CB1, 0x11CB1},
  {0x11CB4, 0x11CB4},
  {0x11CB7, 0x11D30},
  {0x11D37, 0x11D39},
  {0x11D3B, 0x11D3B},
  {0x11D3E, 0x11D3E},
  {0x11D46, 0x11D46},
  {0x11D48, 0x11D8F},
  {0x11D92, 0x11D94},
  {0x11D96, 0x11D96},
  {0x11D98, 0x11EF2},
  {0x11EF5, 0x11EFF},
  {0x11F02, 0x11F35},
  {0x11F3B, 0x11F3F},
  {0x11F41, 0x11F41},
  {0x11F43, 0x11F59},
  {0x11F5B, 0x11FD4},
  {0x11FF2, 0x1343F},
  {0x13441, 0x13446},
  {0x13456, 0x1611D},
  {0x1612A, 0x1612C},
  {0x16130, 0x16AEF},
  {0x16AF5, 0x16B2F},
  {0x16B37, 0x16F4E},
  {0x16F50, 0x16F8E},
  {0x16F93, 0x16FE1},
  {0x16FE3, 0x16FE3},
  {0x16FE5, 0x1BC9C},
  {0x1BC9F, 0x1BC9F},
  {0x1BCA4, 0x1CBFF},
  {0x1CCD6, 0x1CCEF},
  {0x1CCFD, 0x1CCFF},
  {0x1CEB4, 0x1CEB9},
  {0x1CED1, 0x1CEDF},
  {0x1CEF1, 0x1CEFF},
  {0x1CF2E, 0x1CF2F},
  {0x1CF47, 0x1D166},
  {0x1D16A, 0x1D172},
  {0x1D183, 0x1D184},
  {0x1D18C, 0x1D1A9},
  {0x1D1AE, 0x1D1E8},
  {0x1D1EB, 0x1D1FF},
  {0x1D246, 0x1D2FF},
  {0x1D357, 0x1D6C0},
  {0x1D6C2, 0x1D6DA},
  {0x1D6DC, 0x1D6FA},
  {0x1D6FC, 0x1D714},
  {0x1D716, 0x1D734},
  {0x1D736, 0x1D74E},
  {0x1D750, 0x1D76E},
  {0x1D770, 0x1D788},
  {0x1D78A, 0x1D7A8},
  {0x1D7AA, 0x1D7C2},
  {0x1D7C4, 0x1D7CD},
  {0x1D800, 0x1D9FF},
  {0x1DA37, 0x1DA3A},
  {0x1DA6D, 0x1DA74},
  {0x1DA76, 0x1DA83},
  {0x1DA85, 0x1DA9A},
  {0x1DAA0, 0x1DAA0},
  {0x1DAB0, 0x1DFFF},
  {0x1E007, 0x1E007},
  {0x1E019, 0x1E01A},
  {0x1E022, 0x1E022},
  {0x1E025, 0x1E025},
  {0x1E02B, 0x1E08E},
  {0x1E090, 0x1E12F},
  {0x1E137, 0x1E2AD},
  {0x1E2AF, 0x1E2EB},
  {0x1E2F0, 0x1E2FE},
  {0x1E300, 0x1E4EB},
  {0x1E4F0, 0x1E5ED},
  {0x1E5F0, 0x1E6E2},
  {0x1E6E4, 0x1E6E5},
  {0x1E6E7, 0x1E6ED},
  {0x1E6F0, 0x1E6F4},
  {0x1E6F6, 0x1E7FF},
  {0x1F02C, 0x1F02F},
  {0x1F094, 0x1F09F},
  {0x1F0AF, 0x1F0B0},
  {0x1F0C0, 0x1F0C0},
  {0x1F0D0, 0x1F0D0},
  {0x1F0F6, 0x1F0FF},
  {0x1F110, 0x1F12E},
  {0x1F130, 0x1F169},
  {0x1F170, 0x1F1AC},
  {0x1F1AE, 0x1F25F},
  {0x1F266, 0x1F2FF},
  {0x1F6D9, 0x1F6DB},
  {0x1F6ED, 0x1F6EF},
  {0x1F6FD, 0x1F6FF},
  {0x1F7DA, 0x1F7DF},
  {0x1F7EC, 0x1F7EF},
  {0x1F7F1, 0x1F7FF},
  {0x1F80C, 0x1F80F},
  {0x1F848, 0x1F84F},
  {0x1F85A, 0x1F85F},
  {0x1F888, 0x1F88F},
  {0x1F8AE, 0x1F8AF},
  {0x1F8BC, 0x1F8BF},
  {0x1F8C2, 0x1F8CF},
  {0x1F8D9, 0x1F8FF},
  {0x1FA58, 0x1FA5F},
  {0x1FA6E, 0x1FA6F},
  {0x1FA7D, 0x1FA7F},
  {0x1FA8B, 0x1FA8D},
  {0x1FAC7, 0x1FAC7},
  {0x1FAC9, 0x1FACC},
  {0x1FADD, 0x1FADE},
  {0x1FAEB, 0x1FAEE},
  {0x1FAF9, 0x1FAFF},
  {0x1FB93, 0x1FB93},
  {0x1FBFB, 0x1FFFD},
  {0x20000, 0x2FFFD},
  {0x30000, 0x3FFFD},
  {0x40000, 0x4FFFD},
  {0x50000, 0x5FFFD},
  {0x60000, 0x6FFFD},
  {0x70000, 0x7FFFD},
  {0x80000, 0x8FFFD},
  {0x90000, 0x9FFFD},
  {0xA0000, 0xAFFFD},
  {0xB0000, 0xBFFFD},
  {0xC0000, 0xCFFFD},
  {0xD0000, 0xDFFFD},
  {0xE1000, 0xEFFFD},
  {0xF0000, 0xFFFFD},
  {0x100000, 0x10FFFD},
  {0x202A, 0x202A},
  {0x2066, 0x2066},
  {0x202D, 0x202D},
  {0x0300, 0x036F},
  {0x0483, 0x0489},
  {0x0591, 0x05BD},
  {0x05BF, 0x05BF},
  {0x05C1, 0x05C2},
  {0x05C4, 0x05C5},
  {0x05C7, 0x05C7},
  {0x0610, 0x061A},
  {0x064B, 0x065F},
  {0x0670, 0x0670},
  {0x06D6, 0x06DC},
  {0x06DF, 0x06E4},
  {0x06E7, 0x06E8},
  {0x06EA, 0x06ED},
  {0x0711, 0x0711},
  {0x0730, 0x074A},
  {0x07A6, 0x07B0},
  {0x07EB, 0x07F3},
  {0x07FD, 0x07FD},
  {0x0816, 0x0819},
  {0x081B, 0x0823},
  {0x0825, 0x0827},
  {0x0829, 0x082D},
  {0x0859, 0x085B},
  {0x0897, 0x089F},
  {0x08CA, 0x08E1},
  {0x08E3, 0x0902},
  {0x093A, 0x093A},
  {0x093C, 0x093C},
  {0x0941, 0x0948},
  {0x094D, 0x094D},
  {0x0951, 0x0957},
  {0x0962, 0x0963},
  {0x0981, 0x0981},
  {0x09BC, 0x09BC},
  {0x09C1, 0x09C4},
  {0x09CD, 0x09CD},
  {0x09E2, 0x09E3},
  {0x09FE, 0x09FE},
  {0x0A01, 0x0A02},
  {0x0A3C, 0x0A3C},
  {0x0A41, 0x0A42},
  {0x0A47, 0x0A48},
  {0x0A4B, 0x0A4D},
  {0x0A51, 0x0A51},
  {0x0A70, 0x0A71},
  {0x0A75, 0x0A75},
  {0x0A81, 0x0A82},
  {0x0ABC, 0x0ABC},
  {0x0AC1, 0x0AC5},
  {0x0AC7, 0x0AC8},
  {0x0ACD, 0x0ACD},
  {0x0AE2, 0x0AE3},
  {0x0AFA, 0x0AFF},
  {0x0B01, 0x0B01},
  {0x0B3C, 0x0B3C},
  {0x0B3F, 0x0B3F},
  {0x0B41, 0x0B44},
  {0x0B4D, 0x0B4D},
  {0x0B55, 0x0B56},
  {0x0B62, 0x0B63},
  {0x0B82, 0x0B82},
  {0x0BC0, 0x0BC0},
  {0x0BCD, 0x0BCD},
  {0x0C00, 0x0C00},
  {0x0C04, 0x0C04},
  {0x0C3C, 0x0C3C},
  {0x0C3E, 0x0C40},
  {0x0C46, 0x0C48},
  {0x0C4A, 0x0C4D},
  {0x0C55, 0x0C56},
  {0x0C62, 0x0C63},
  {0x0C81, 0x0C81},
  {0x0CBC, 0x0CBC},
  {0x0CCC, 0x0CCD},
  {0x0CE2, 0x0CE3},
  {0x0D00, 0x0D01},
  {0x0D3B, 0x0D3C},
  {0x0D41, 0x0D44},
  {0x0D4D, 0x0D4D},
  {0x0D62, 0x0D63},
  {0x0D81, 0x0D81},
  {0x0DCA, 0x0DCA},
  {0x0DD2, 0x0DD4},
  {0x0DD6, 0x0DD6},
  {0x0E31, 0x0E31},
  {0x0E34, 0x0E3A},
  {0x0E47, 0x0E4E},
  {0x0EB1, 0x0EB1},
  {0x0EB4, 0x0EBC},
  {0x0EC8, 0x0ECE},
  {0x0F18, 0x0F19},
  {0x0F35, 0x0F35},
  {0x0F37, 0x0F37},
  {0x0F39, 0x0F39},
  {0x0F71, 0x0F7E},
  {0x0F80, 0x0F84},
  {0x0F86, 0x0F87},
  {0x0F8D, 0x0F97},
  {0x0F99, 0x0FBC},
  {0x0FC6, 0x0FC6},
  {0x102D, 0x1030},
  {0x1032, 0x1037},
  {0x1039, 0x103A},
  {0x103D, 0x103E},
  {0x1058, 0x1059},
  {0x105E, 0x1060},
  {0x1071, 0x1074},
  {0x1082, 0x1082},
  {0x1085, 0x1086},
  {0x108D, 0x108D},
  {0x109D, 0x109D},
  {0x135D, 0x135F},
  {0x1712, 0x1714},
  {0x1732, 0x1733},
  {0x1752, 0x1753},
  {0x1772, 0x1773},
  {0x17B4, 0x17B5},
  {0x17B7, 0x17BD},
  {0x17C6, 0x17C6},
  {0x17C9, 0x17D3},
  {0x17DD, 0x17DD},
  {0x180B, 0x180D},
  {0x180F, 0x180F},
  {0x1885, 0x1886},
  {0x18A9, 0x18A9},
  {0x1920, 0x1922},
  {0x1927, 0x1928},
  {0x1932, 0x1932},
  {0x1939, 0x193B},
  {0x1A17, 0x1A18},
  {0x1A1B, 0x1A1B},
  {0x1A56, 0x1A56},
  {0x1A58, 0x1A5E},
  {0x1A60, 0x1A60},
  {0x1A62, 0x1A62},
  {0x1A65, 0x1A6C},
  {0x1A73, 0x1A7C},
  {0x1A7F, 0x1A7F},
  {0x1AB0, 0x1ADD},
  {0x1AE0, 0x1AEB},
  {0x1B00, 0x1B03},
  {0x1B34, 0x1B34},
  {0x1B36, 0x1B3A},
  {0x1B3C, 0x1B3C},
  {0x1B42, 0x1B42},
  {0x1B6B, 0x1B73},
  {0x1B80, 0x1B81},
  {0x1BA2, 0x1BA5},
  {0x1BA8, 0x1BA9},
  {0x1BAB, 0x1BAD},
  {0x1BE6, 0x1BE6},
  {0x1BE8, 0x1BE9},
  {0x1BED, 0x1BED},
  {0x1BEF, 0x1BF1},
  {0x1C2C, 0x1C33},
  {0x1C36, 0x1C37},
  {0x1CD0, 0x1CD2},
  {0x1CD4, 0x1CE0},
  {0x1CE2, 0x1CE8},
  {0x1CED, 0x1CED},
  {0x1CF4, 0x1CF4},
  {0x1CF8, 0x1CF9},
  {0x1DC0, 0x1DFF},
  {0x20D0, 0x20F0},
  {0x2CEF, 0x2CF1},
  {0x2D7F, 0x2D7F},
  {0x2DE0, 0x2DFF},
  {0x302A, 0x302D},
  {0x3099, 0x309A},
  {0xA66F, 0xA672},
  {0xA674, 0xA67D},
  {0xA69E, 0xA69F},
  {0xA6F0, 0xA6F1},
  {0xA802, 0xA802},
  {0xA806, 0xA806},
  {0xA80B, 0xA80B},
  {0xA825, 0xA826},
  {0xA82C, 0xA82C},
  {0xA8C4, 0xA8C5},
  {0xA8E0, 0xA8F1},
  {0xA8FF, 0xA8FF},
  {0xA926, 0xA92D},
  {0xA947, 0xA951},
  {0xA980, 0xA982},
  {0xA9B3, 0xA9B3},
  {0xA9B6, 0xA9B9},
  {0xA9BC, 0xA9BD},
  {0xA9E5, 0xA9E5},
  {0xAA29, 0xAA2E},
  {0xAA31, 0xAA32},
  {0xAA35, 0xAA36},
  {0xAA43, 0xAA43},
  {0xAA4C, 0xAA4C},
  {0xAA7C, 0xAA7C},
  {0xAAB0, 0xAAB0},
  {0xAAB2, 0xAAB4},
  {0xAAB7, 0xAAB8},
  {0xAABE, 0xAABF},
  {0xAAC1, 0xAAC1},
  {0xAAEC, 0xAAED},
  {0xAAF6, 0xAAF6},
  {0xABE5, 0xABE5},
  {0xABE8, 0xABE8},
  {0xABED, 0xABED},
  {0xFB1E, 0xFB1E},
  {0xFE00, 0xFE0F},
  {0xFE20, 0xFE2F},
  {0x101FD, 0x101FD},
  {0x102E0, 0x102E0},
  {0x10376, 0x1037A},
  {0x10A01, 0x10A03},
  {0x10A05, 0x10A06},
  {0x10A0C, 0x10A0F},
  {0x10A38, 0x10A3A},
  {0x10A3F, 0x10A3F},
  {0x10AE5, 0x10AE6},
  {0x10D24, 0x10D27},
  {0x10D69, 0x10D6D},
  {0x10EAB, 0x10EAC},
  {0x10EFA, 0x10EFF},
  {0x10F46, 0x10F50},
  {0x10F82, 0x10F85},
  {0x11001, 0x11001},
  {0x11038, 0x11046},
  {0x11070, 0x11070},
  {0x11073, 0x11074},
  {0x1107F, 0x11081},
  {0x110B3, 0x110B6},
  {0x110B9, 0x110BA},
  {0x110C2, 0x110C2},
  {0x11100, 0x11102},
  {0x11127, 0x1112B},
  {0x1112D, 0x11134},
  {0x11173, 0x11173},
  {0x11180, 0x11181},
  {0x111B6, 0x111BE},
  {0x111C9, 0x111CC},
  {0x111CF, 0x111CF},
  {0x1122F, 0x11231},
  {0x11234, 0x11234},
  {0x11236, 0x11237},
  {0x1123E, 0x1123E},
  {0x11241, 0x11241},
  {0x112DF, 0x112DF},
  {0x112E3, 0x112EA},
  {0x11300, 0x11301},
  {0x1133B, 0x1133C},
  {0x11340, 0x11340},
  {0x11366, 0x1136C},
  {0x11370, 0x11374},
  {0x113BB, 0x113C0},
  {0x113CE, 0x113CE},
  {0x113D0, 0x113D0},
  {0x113D2, 0x113D2},
  {0x113E1, 0x113E2},
  {0x11438, 0x1143F},
  {0x11442, 0x11444},
  {0x11446, 0x11446},
  {0x1145E, 0x1145E},
  {0x114B3, 0x114B8},
  {0x114BA, 0x114BA},
  {0x114BF, 0x114C0},
  {0x114C2, 0x114C3},
  {0x115B2, 0x115B5},
  {0x115BC, 0x115BD},
  {0x115BF, 0x115C0},
  {0x115DC, 0x115DD},
  {0x11633, 0x1163A},
  {0x1163D, 0x1163D},
  {0x1163F, 0x11640},
  {0x116AB, 0x116AB},
  {0x116AD, 0x116AD},
  {0x116B0, 0x116B5},
  {0x116B7, 0x116B7},
  {0x1171D, 0x1171D},
  {0x1171F, 0x1171F},
  {0x11722, 0x11725},
  {0x11727, 0x1172B},
  {0x1182F, 0x11837},
  {0x11839, 0x1183A},
  {0x1193B, 0x1193C},
  {0x1193E, 0x1193E},
  {0x11943, 0x11943},
  {0x119D4, 0x119D7},
  {0x119DA, 0x119DB},
  {0x119E0, 0x119E0},
  {0x11A01, 0x11A06},
  {0x11A09, 0x11A0A},
  {0x11A33, 0x11A38},
  {0x11A3B, 0x11A3E},
  {0x11A47, 0x11A47},
  {0x11A51, 0x11A56},
  {0x11A59, 0x11A5B},
  {0x11A8A, 0x11A96},
  {0x11A98, 0x11A99},
  {0x11B60, 0x11B60},
  {0x11B62, 0x11B64},
  {0x11B66, 0x11B66},
  {0x11C30, 0x11C36},
  {0x11C38, 0x11C3D},
  {0x11C92, 0x11CA7},
  {0x11CAA, 0x11CB0},
  {0x11CB2, 0x11CB3},
  {0x11CB5, 0x11CB6},
  {0x11D31, 0x11D36},
  {0x11D3A, 0x11D3A},
  {0x11D3C, 0x11D3D},
  {0x11D3F, 0x11D45},
  {0x11D47, 0x11D47},
  {0x11D90, 0x11D91},
  {0x11D95, 0x11D95},
  {0x11D97, 0x11D97},
  {0x11EF3, 0x11EF4},
  {0x11F00, 0x11F01},
  {0x11F36, 0x11F3A},
  {0x11F40, 0x11F40},
  {0x11F42, 0x11F42},
  {0x11F5A, 0x11F5A},
  {0x13440, 0x13440},
  {0x13447, 0x13455},
  {0x1611E, 0x16129},
  {0x1612D, 0x1612F},
  {0x16AF0, 0x16AF4},
  {0x16B30, 0x16B36},
  {0x16F4F, 0x16F4F},
  {0x16F8F, 0x16F92},
  {0x16FE4, 0x16FE4},
  {0x1BC9D, 0x1BC9E},
  {0x1CF00, 0x1CF2D},
  {0x1CF30, 0x1CF46},
  {0x1D167, 0x1D169},
  {0x1D17B, 0x1D182},
  {0x1D185, 0x1D18B},
  {0x1D1AA, 0x1D1AD},
  {0x1D242, 0x1D244},
  {0x1DA00, 0x1DA36},
  {0x1DA3B, 0x1DA6C},
  {0x1DA75, 0x1DA75},
  {0x1DA84, 0x1DA84},
  {0x1DA9B, 0x1DA9F},
  {0x1DAA1, 0x1DAAF},
  {0x1E000, 0x1E006},
  {0x1E008, 0x1E018},
  {0x1E01B, 0x1E021},
  {0x1E023, 0x1E024},
  {0x1E026, 0x1E02A},
  {0x1E08F, 0x1E08F},
  {0x1E130, 0x1E136},
  {0x1E2AE, 0x1E2AE},
  {0x1E2EC, 0x1E2EF},
  {0x1E4EC, 0x1E4EF},
  {0x1E5EE, 0x1E5EF},
  {0x1E6E3, 0x1E6E3},
  {0x1E6E6, 0x1E6E6},
  {0x1E6EE, 0x1E6EF},
  {0x1E6F5, 0x1E6F5},
  {0x1E8D0, 0x1E8D6},
  {0x1E944, 0x1E94A},
  {0xE0100, 0xE01EF},
  {0x0021, 0x0022},
  {0x0026, 0x002A},
  {0x003B, 0x0040},
  {0x005B, 0x0060},
  {0x007B, 0x007E},
  {0x00A1, 0x00A1},
  {0x00A6, 0x00A9},
  {0x00AB, 0x00AC},
  {0x00AE, 0x00AF},
  {0x00B4, 0x00B4},
  {0x00B6, 0x00B8},
  {0x00BB, 0x00BF},
  {0x00D7, 0x00D7},
  {0x00F7, 0x00F7},
  {0x02B9, 0x02BA},
  {0x02C2, 0x02CF},
  {0x02D2, 0x02DF},
  {0x02E5, 0x02ED},
  {0x02EF, 0x02FF},
  {0x0374, 0x0375},
  {0x037E, 0x037E},
  {0x0384, 0x0385},
  {0x0387, 0x0387},
  {0x03F6, 0x03F6},
  {0x058A, 0x058A},
  {0x058D, 0x058E},
  {0x0606, 0x0607},
  {0x060E, 0x060F},
  {0x06DE, 0x06DE},
  {0x06E9, 0x06E9},
  {0x07F6, 0x07F9},
  {0x0BF3, 0x0BF8},
  {0x0BFA, 0x0BFA},
  {0x0C78, 0x0C7E},
  {0x0F3A, 0x0F3D},
  {0x1390, 0x1399},
  {0x1400, 0x1400},
  {0x169B, 0x169C},
  {0x17F0, 0x17F9},
  {0x1800, 0x180A},
  {0x1940, 0x1940},
  {0x1944, 0x1945},
  {0x19DE, 0x19FF},
  {0x1FBD, 0x1FBD},
  {0x1FBF, 0x1FC1},
  {0x1FCD, 0x1FCF},
  {0x1FDD, 0x1FDF},
  {0x1FED, 0x1FEF},
  {0x1FFD, 0x1FFE},
  {0x2010, 0x2027},
  {0x2035, 0x2043},
  {0x2045, 0x205E},
  {0x207C, 0x207E},
  {0x208C, 0x208E},
  {0x2100, 0x2101},
  {0x2103, 0x2106},
  {0x2108, 0x2109},
  {0x2114, 0x2114},
  {0x2116, 0x2118},
  {0x211E, 0x2123},
  {0x2125, 0x2125},
  {0x2127, 0x2127},
  {0x2129, 0x2129},
  {0x213A, 0x213B},
  {0x2140, 0x2144},
  {0x214A, 0x214D},
  {0x2150, 0x215F},
  {0x2189, 0x218B},
  {0x2190, 0x2211},
  {0x2214, 0x2335},
  {0x237B, 0x2394},
  {0x2396, 0x2429},
  {0x2440, 0x244A},
  {0x2460, 0x2487},
  {0x24EA, 0x26AB},
  {0x26AD, 0x27FF},
  {0x2900, 0x2B73},
  {0x2B76, 0x2BFF},
  {0x2CE5, 0x2CEA},
  {0x2CF9, 0x2CFF},
  {0x2E00, 0x2E5D},
  {0x2E80, 0x2E99},
  {0x2E9B, 0x2EF3},
  {0x2F00, 0x2FD5},
  {0x2FF0, 0x2FFF},
  {0x3001, 0x3004},
  {0x3008, 0x3020},
  {0x3030, 0x3030},
  {0x3036, 0x3037},
  {0x303D, 0x303F},
  {0x309B, 0x309C},
  {0x30A0, 0x30A0},
  {0x30FB, 0x30FB},
  {0x31C0, 0x31E5},
  {0x31EF, 0x31EF},
  {0x321D, 0x321E},
  {0x3250, 0x325F},
  {0x327C, 0x327E},
  {0x32B1, 0x32BF},
  {0x32CC, 0x32CF},
  {0x3377, 0x337A},
  {0x33DE, 0x33DF},
  {0x33FF, 0x33FF},
  {0x4DC0, 0x4DFF},
  {0xA490, 0xA4C6},
  {0xA60D, 0xA60F},
  {0xA673, 0xA673},
  {0xA67E, 0xA67F},
  {0xA700, 0xA721},
  {0xA788, 0xA788},
  {0xA828, 0xA82B},
  {0xA874, 0xA877},
  {0xAB6A, 0xAB6B},
  {0xFBC3, 0xFBD2},
  {0xFD3E, 0xFD4F},
  {0xFD90, 0xFD91},
  {0xFDC8, 0xFDCF},
  {0xFDFD, 0xFDFF},
  {0xFE10, 0xFE19},
  {0xFE30, 0xFE4F},
  {0xFE51, 0xFE51},
  {0xFE54, 0xFE54},
  {0xFE56, 0xFE5E},
  {0xFE60, 0xFE61},
  {0xFE64, 0xFE66},
  {0xFE68, 0xFE68},
  {0xFE6B, 0xFE6B},
  {0xFF01, 0xFF02},
  {0xFF06, 0xFF0A},
  {0xFF1B, 0xFF20},
  {0xFF3B, 0xFF40},
  {0xFF5B, 0xFF65},
  {0xFFE2, 0xFFE4},
  {0xFFE8, 0xFFEE},
  {0xFFF9, 0xFFFD},
  {0x10101, 0x10101},
  {0x10140, 0x1018C},
  {0x10190, 0x1019C},
  {0x101A0, 0x101A0},
  {0x1091F, 0x1091F},
  {0x10B39, 0x10B3F},
  {0x10D6E, 0x10D6E},
  {0x10ED0, 0x10ED8},
  {0x11052, 0x11065},
  {0x11660, 0x1166C},
  {0x11FD5, 0x11FDC},
  {0x11FE1, 0x11FF1},
  {0x16FE2, 0x16FE2},
  {0x1CC00, 0x1CCD5},
  {0x1CCFA, 0x1CCFC},
  {0x1CD00, 0x1CEB3},
  {0x1CEBA, 0x1CED0},
  {0x1CEE0, 0x1CEF0},
  {0x1D1E9, 0x1D1EA},
  {0x1D200, 0x1D241},
  {0x1D245, 0x1D245},
  {0x1D300, 0x1D356},
  {0x1D6C1, 0x1D6C1},
  {0x1D6DB, 0x1D6DB},
  {0x1D6FB, 0x1D6FB},
  {0x1D715, 0x1D715},
  {0x1D735, 0x1D735},
  {0x1D74F, 0x1D74F},
  {0x1D76F, 0x1D76F},
  {0x1D789, 0x1D789},
  {0x1D7A9, 0x1D7A9},
  {0x1D7C3, 0x1D7C3},
  {0x1EEF0, 0x1EEF1},
  {0x1F000, 0x1F02B},
  {0x1F030, 0x1F093},
  {0x1F0A0, 0x1F0AE},
  {0x1F0B1, 0x1F0BF},
  {0x1F0C1, 0x1F0CF},
  {0x1F0D1, 0x1F0F5},
  {0x1F10B, 0x1F10F},
  {0x1F12F, 0x1F12F},
  {0x1F16A, 0x1F16F},
  {0x1F1AD, 0x1F1AD},
  {0x1F260, 0x1F265},
  {0x1F300, 0x1F6D8},
  {0x1F6DC, 0x1F6EC},
  {0x1F6F0, 0x1F6FC},
  {0x1F700, 0x1F7D9},
  {0x1F7E0, 0x1F7EB},
  {0x1F7F0, 0x1F7F0},
  {0x1F800, 0x1F80B},
  {0x1F810, 0x1F847},
  {0x1F850, 0x1F859},
  {0x1F860, 0x1F887},
  {0x1F890, 0x1F8AD},
  {0x1F8B0, 0x1F8BB},
  {0x1F8C0, 0x1F8C1},
  {0x1F8D0, 0x1F8D8},
  {0x1F900, 0x1FA57},
  {0x1FA60, 0x1FA6D},
  {0x1FA70, 0x1FA7C},
  {0x1FA80, 0x1FA8A},
  {0x1FA8E, 0x1FAC6},
  {0x1FAC8, 0x1FAC8},
  {0x1FACD, 0x1FADC},
  {0x1FADF, 0x1FAEA},
  {0x1FAEF, 0x1FAF8},
  {0x1FB00, 0x1FB92},
  {0x1FB94, 0x1FBEF},
  {0x1FBFA, 0x1FBFA},
  {0x202C, 0x202C},
  {0x2069, 0x2069},
  {0x0590, 0x0590},
  {0x05BE, 0x05BE},
  {0x05C0, 0x05C0},
  {0x05C3, 0x05C3},
  {0x05C6, 0x05C6},
  {0x05C8, 0x05FF},
  {0x07C0, 0x07EA},
  {0x07F4, 0x07F5},
  {0x07FA, 0x07FC},
  {0x07FE, 0x0815},
  {0x081A, 0x081A},
  {0x0824, 0x0824},
  {0x0828, 0x0828},
  {0x082E, 0x0858},
  {0x085C, 0x085F},
  {0x200F, 0x200F},
  {0xFB1D, 0xFB1D},
  {0xFB1F, 0xFB28},
  {0xFB2A, 0xFB4F},
  {0x10800, 0x1091E},
  {0x10920, 0x10A00},
  {0x10A04, 0x10A04},
  {0x10A07, 0x10A0B},
  {0x10A10, 0x10A37},
  {0x10A3B, 0x10A3E},
  {0x10A40, 0x10AE4},
  {0x10AE7, 0x10B38},
  {0x10B40, 0x10CFF},
  {0x10D4A, 0x10D68},
  {0x10D6F, 0x10E5F},
  {0x10E7F, 0x10EAA},
  {0x10EAD, 0x10EBF},
  {0x10F00, 0x10F2F},
  {0x10F70, 0x10F81},
  {0x10F86, 0x10FFF},
  {0x1E800, 0x1E8CF},
  {0x1E8D7, 0x1E943},
  {0x1E94B, 0x1EC6F},
  {0x1ECC0, 0x1ECFF},
  {0x1ED50, 0x1EDFF},
  {0x1EF00, 0x1EFFF},
  {0x202B, 0x202B},
  {0x2067, 0x2067},
  {0x202E, 0x202E},
  {0x0009, 0x0009},
  {0x000B, 0x000B},
  {0x001F, 0x001F},
  {0x000C, 0x000C},
  {0x0020, 0x0020},
  {0x1680, 0x1680},
  {0x2000, 0x200A},
  {0x2028, 0x2028},
  {0x205F, 0x205F},
  {0x3000, 0x3000},
  {0x0000, 0x001F},
  {0x007F, 0x009F},
  {0x00AD, 0x00AD},
  {0x0378, 0x0379},
  {0x0380, 0x0383},
  {0x038B, 0x038B},
  {0x038D, 0x038D},
  {0x03A2, 0x03A2},
  {0x0530, 0x0530},
  {0x0557, 0x0558},
  {0x058B, 0x058C},
  {0x0590, 0x0590},
  {0x05C8, 0x05CF},
  {0x05EB, 0x05EE},
  {0x05F5, 0x0605},
  {0x061C, 0x061C},
  {0x06DD, 0x06DD},
  {0x070E, 0x070F},
  {0x074B, 0x074C},
  {0x07B2, 0x07BF},
  {0x07FB, 0x07FC},
  {0x082E, 0x082F},
  {0x083F, 0x083F},
  {0x085C, 0x085D},
  {0x085F, 0x085F},
  {0x086B, 0x086F},
  {0x0890, 0x0896},
  {0x08E2, 0x08E2},
  {0x0984, 0x0984},
  {0x098D, 0x098E},
  {0x0991, 0x0992},
  {0x09A9, 0x09A9},
  {0x09B1, 0x09B1},
  {0x09B3, 0x09B5},
  {0x09BA, 0x09BB},
  {0x09C5, 0x09C6},
  {0x09C9, 0x09CA},
  {0x09CF, 0x09D6},
  {0x09D8, 0x09DB},
  {0x09DE, 0x09DE},
  {0x09E4, 0x09E5},
  {0x09FF, 0x0A00},
  {0x0A04, 0x0A04},
  {0x0A0B, 0x0A0E},
  {0x0A11, 0x0A12},
  {0x0A29, 0x0A29},
  {0x0A31, 0x0A31},
  {0x0A34, 0x0A34},
  {0x0A37, 0x0A37},
  {0x0A3A, 0x0A3B},
  {0x0A3D, 0x0A3D},
  {0x0A43, 0x0A46},
  {0x0A49, 0x0A4A},
  {0x0A4E, 0x0A50},
  {0x0A52, 0x0A58},
  {0x0A5D, 0x0A5D},
  {0x0A5F, 0x0A65},
  {0x0A77, 0x0A80},
  {0x0A84, 0x0A84},
  {0x0A8E, 0x0A8E},
  {0x0A92, 0x0A92},
  {0x0AA9, 0x0AA9},
  {0x0AB1, 0x0AB1},
  {0x0AB4, 0x0AB4},
  {0x0ABA, 0x0ABB},
  {0x0AC6, 0x0AC6},
  {0x0ACA, 0x0ACA},
  {0x0ACE, 0x0ACF},
  {0x0AD1, 0x0ADF},
  {0x0AE4, 0x0AE5},
  {0x0AF2, 0x0AF8},
  {0x0B00, 0x0B00},
  {0x0B04, 0x0B04},
  {0x0B0D, 0x0B0E},
  {0x0B11, 0x0B12},
  {0x0B29, 0x0B29},
  {0x0B31, 0x0B31},
  {0x0B34, 0x0B34},
  {0x0B3A, 0x0B3B},
  {0x0B45, 0x0B46},
  {0x0B49, 0x0B4A},
  {0x0B4E, 0x0B54},
  {0x0B58, 0x0B5B},
  {0x0B5E, 0x0B5E},
  {0x0B64, 0x0B65},
  {0x0B78, 0x0B81},
  {0x0B84, 0x0B84},
  {0x0B8B, 0x0B8D},
  {0x0B91, 0x0B91},
  {0x0B96, 0x0B98},
  {0x0B9B, 0x0B9B},
  {0x0B9D, 0x0B9D},
  {0x0BA0, 0x0BA2},
  {0x0BA5, 0x0BA7},
  {0x0BAB, 0x0BAD},
  {0x0BBA, 0x0BBD},
  {0x0BC3, 0x0BC5},
  {0x0BC9, 0x0BC9},
  {0x0BCE, 0x0BCF},
  {0x0BD1, 0x0BD6},
  {0x0BD8, 0x0BE5},
  {0x0BFB, 0x0BFF},
  {0x0C0D, 0x0C0D},
  {0x0C11, 0x0C11},
  {0x0C29, 0x0C29},
  {0x0C3A, 0x0C3B},
  {0x0C45, 0x0C45},
  {0x0C49, 0x0C49},
  {0x0C4E, 0x0C54},
  {0x0C57, 0x0C57},
  {0x0C5B, 0x0C5B},
  {0x0C5E, 0x0C5F},
  {0x0C64, 0x0C65},
  {0x0C70, 0x0C76},
  {0x0C8D, 0x0C8D},
  {0x0C91, 0x0C91},
  {0x0CA9, 0x0CA9},
  {0x0CB4, 0x0CB4},
  {0x0CBA, 0x0CBB},
  {0x0CC5, 0x0CC5},
  {0x0CC9, 0x0CC9},
  {0x0CCE, 0x0CD4},
  {0x0CD7, 0x0CDB},
  {0x0CDF, 0x0CDF},
  {0x0CE4, 0x0CE5},
  {0x0CF0, 0x0CF0},
  {0x0CF4, 0x0CFF},
  {0x0D0D, 0x0D0D},
  {0x0D11, 0x0D11},
  {0x0D45, 0x0D45},
  {0x0D49, 0x0D49},
  {0x0D50, 0x0D53},
  {0x0D64, 0x0D65},
  {0x0D80, 0x0D80},
  {0x0D84, 0x0D84},
  {0x0D97, 0x0D99},
  {0x0DB2, 0x0DB2},
  {0x0DBC, 0x0DBC},
  {0x0DBE, 0x0DBF},
  {0x0DC7, 0x0DC9},
  {0x0DCB, 0x0DCE},
  {0x0DD5, 0x0DD5},
  {0x0DD7, 0x0DD7},
  {0x0DE0, 0x0DE5},
  {0x0DF0, 0x0DF1},
  {0x0DF5, 0x0E00},
  {0x0E3B, 0x0E3E},
  {0x0E5C, 0x0E80},
  {0x0E83, 0x0E83},
  {0x0E85, 0x0E85},
  {0x0E8B, 0x0E8B},
  {0x0EA4, 0x0EA4},
  {0x0EA6, 0x0EA6},
  {0x0EBE, 0x0EBF},
  {0x0EC5, 0x0EC5},
  {0x0EC7, 0x0EC7},
  {0x0ECF, 0x0ECF},
  {0x0EDA, 0x0EDB},
  {0x0EE0, 0x0EFF},
  {0x0F48, 0x0F48},
  {0x0F6D, 0x0F70},
  {0x0F98, 0x0F98},
  {0x0FBD, 0x0FBD},
  {0x0FCD, 0x0FCD},
  {0x0FDB, 0x0FFF},
  {0x10C6, 0x10C6},
  {0x10C8, 0x10CC},
  {0x10CE, 0x10CF},
  {0x1249, 0x1249},
  {0x124E, 0x124F},
  {0x1257, 0x1257},
  {0x1259, 0x1259},
  {0x125E, 0x125F},
  {0x1289, 0x1289},
  {0x128E, 0x128F},
  {0x12B1, 0x12B1},
  {0x12B6, 0x12B7},
  {0x12BF, 0x12BF},
  {0x12C1, 0x12C1},
  {0x12C6, 0x12C7},
  {0x12D7, 0x12D7},
  {0x1311, 0x1311},
  {0x1316, 0x1317},
  {0x135B, 0x135C},
  {0x137D, 0x137F},
  {0x139A, 0x139F},
  {0x13F6, 0x13F7},
  {0x13FE, 0x13FF},
  {0x169D, 0x169F},
  {0x16F9, 0x16FF},
  {0x1716, 0x171E},
  {0x1737, 0x173F},
  {0x1754, 0x175F},
  {0x176D, 0x176D},
  {0x1771, 0x1771},
  {0x1774, 0x177F},
  {0x17DE, 0x17DF},
  {0x17EA, 0x17EF},
  {0x17FA, 0x17FF},
  {0x180E, 0x180E},
  {0x181A, 0x181F},
  {0x1879, 0x187F},
  {0x18AB, 0x18AF},
  {0x18F6, 0x18FF},
  {0x191F, 0x191F},
  {0x192C, 0x192F},
  {0x193C, 0x193F},
  {0x1941, 0x1943},
  {0x196E, 0x196F},
  {0x1975, 0x197F},
  {0x19AC, 0x19AF},
  {0x19CA, 0x19CF},
  {0x19DB, 0x19DD},
  {0x1A1C, 0x1A1D},
  {0x1A5F, 0x1A5F},
  {0x1A7D, 0x1A7E},
  {0x1A8A, 0x1A8F},
  {0x1A9A, 0x1A9F},
  {0x1AAE, 0x1AAF},
  {0x1ADE, 0x1ADF},
  {0x1AEC, 0x1AFF},
  {0x1B4D, 0x1B4D},
  {0x1BF4, 0x1BFB},
  {0x1C38, 0x1C3A},
  {0x1C4A, 0x1C4C},
  {0x1C8B, 0x1C8F},
  {0x1CBB, 0x1CBC},
  {0x1CC8, 0x1CCF},
  {0x1CFB, 0x1CFF},
  {0x1F16, 0x1F17},
  {0x1F1E, 0x1F1F},
  {0x1F46, 0x1F47},
  {0x1F4E, 0x1F4F},
  {0x1F58, 0x1F58},
  {0x1F5A, 0x1F5A},
  {0x1F5C, 0x1F5C},
  {0x1F5E, 0x1F5E},
  {0x1F7E, 0x1F7F},
  {0x1FB5, 0x1FB5},
  {0x1FC5, 0x1FC5},
  {0x1FD4, 0x1FD5},
  {0x1FDC, 0x1FDC},
  {0x1FF0, 0x1FF1},
  {0x1FF5, 0x1FF5},
  {0x1FFF, 0x1FFF},
  {0x200B, 0x200F},
  {0x202A, 0x202E},
  {0x2060, 0x206F},
  {0x2072, 0x2073},
  {0x208F, 0x208F},
  {0x209D, 0x209F},
  {0x20C2, 0x20CF},
  {0x20F1, 0x20FF},
  {0x218C, 0x218F},
  {0x242A, 0x243F},
  {0x244B, 0x245F},
  {0x2B74, 0x2B75},
  {0x2CF4, 0x2CF8},
  {0x2D26, 0x2D26},
  {0x2D28, 0x2D2C},
  {0x2D2E, 0x2D2F},
  {0x2D68, 0x2D6E},
  {0x2D71, 0x2D7E},
  {0x2D97, 0x2D9F},
  {0x2DA7, 0x2DA7},
  {0x2DAF, 0x2DAF},
  {0x2DB7, 0x2DB7},
  {0x2DBF, 0x2DBF},
  {0x2DC7, 0x2DC7},
  {0x2DCF, 0x2DCF},
  {0x2DD7, 0x2DD7},
  {0x2DDF, 0x2DDF},
  {0x2E5E, 0x2E7F},
  {0x2E9A, 0x2E9A},
  {0x2EF4, 0x2EFF},
  {0x2FD6, 0x2FEF},
  {0x3040, 0x3040},
  {0x3097, 0x3098},
  {0x3100, 0x3104},
  {0x3130, 0x3130},
  {0x318F, 0x318F},
  {0x31E6, 0x31EE},
  {0x321F, 0x321F},
  {0xA48D, 0xA48F},
  {0xA4C7, 0xA4CF},
  {0xA62C, 0xA63F},
  {0xA6F8, 0xA6FF},
  {0xA7DD, 0xA7F0},
  {0xA82D, 0xA82F},
  {0xA83A, 0xA83F},
  {0xA878, 0xA87F},
  {0xA8C6, 0xA8CD},
  {0xA8DA, 0xA8DF},
  {0xA954, 0xA95E},
  {0xA97D, 0xA97F},
  {0xA9CE, 0xA9CE},
  {0xA9DA, 0xA9DD},
  {0xA9FF, 0xA9FF},
  {0xAA37, 0xAA3F},
  {0xAA4E, 0xAA4F},
  {0xAA5A, 0xAA5B},
  {0xAAC3, 0xAADA},
  {0xAAF7, 0xAB00},
  {0xAB07, 0xAB08},
  {0xAB0F, 0xAB10},
  {0xAB17, 0xAB1F},
  {0xAB27, 0xAB27},
  {0xAB2F, 0xAB2F},
  {0xAB6C, 0xAB6F},
  {0xABEE, 0xABEF},
  {0xABFA, 0xABFF},
  {0xD7A4, 0xD7AF},
  {0xD7C7, 0xD7CA},
  {0xD7FC, 0xF8FF},
  {0xFA6E, 0xFA6F},
  {0xFADA, 0xFAFF},
  {0xFB07, 0xFB12},
  {0xFB18, 0xFB1C},
  {0xFB37, 0xFB37},
  {0xFB3D, 0xFB3D},
  {0xFB3F, 0xFB3F},
  {0xFB42, 0xFB42},
  {0xFB45, 0xFB45},
  {0xFDD0, 0xFDEF},
  {0xFE1A, 0xFE1F},
  {0xFE53, 0xFE53},
  {0xFE67, 0xFE67},
  {0xFE6C, 0xFE6F},
  {0xFE75, 0xFE75},
  {0xFEFD, 0xFF00},
  {0xFFBF, 0xFFC1},
  {0xFFC8, 0xFFC9},
  {0xFFD0, 0xFFD1},
  {0xFFD8, 0xFFD9},
  {0xFFDD, 0xFFDF},
  {0xFFE7, 0xFFE7},
  {0xFFEF, 0xFFFB},
  {0xFFFE, 0xFFFF},
  {0x1000C, 0x1000C},
  {0x10027, 0x10027},
  {0x1003B, 0x1003B},
  {0x1003E, 0x1003E},
  {0x1004E, 0x1004F},
  {0x1005E, 0x1007F},
  {0x100FB, 0x100FF},
  {0x10103, 0x10106},
  {0x10134, 0x10136},
  {0x1018F, 0x1018F},
  {0x1019D, 0x1019F},
  {0x101A1, 0x101CF},
  {0x101FE, 0x1027F},
  {0x1029D, 0x1029F},
  {0x102D1, 0x102DF},
  {0x102FC, 0x102FF},
  {0x10324, 0x1032C},
  {0x1034B, 0x1034F},
  {0x1037B, 0x1037F},
  {0x1039E, 0x1039E},
  {0x103C4, 0x103C7},
  {0x103D6, 0x103FF},
  {0x1049E, 0x1049F},
  {0x104AA, 0x104AF},
  {0x104D4, 0x104D7},
  {0x104FC, 0x104FF},
  {0x10528, 0x1052F},
  {0x10564, 0x1056E},
  {0x1057B, 0x1057B},
  {0x1058B, 0x1058B},
  {0x10593, 0x10593},
  {0x10596, 0x10596},
  {0x105A2, 0x105A2},
  {0x105B2, 0x105B2},
  {0x105BA, 0x105BA},
  {0x105BD, 0x105BF},
  {0x105F4, 0x105FF},
  {0x10737, 0x1073F},
  {0x10756, 0x1075F},
  {0x10768, 0x1077F},
  {0x10786, 0x10786},
  {0x107B1, 0x107B1},
  {0x107BB, 0x107FF},
  {0x10806, 0x10807},
  {0x10809, 0x10809},
  {0x10836, 0x10836},
  {0x10839, 0x1083B},
  {0x1083D, 0x1083E},
  {0x10856, 0x10856},
  {0x1089F, 0x108A6},
  {0x108B0, 0x108DF},
  {0x108F3, 0x108F3},
  {0x108F6, 0x108FA},
  {0x1091C, 0x1091E},
  {0x1093A, 0x1093E},
  {0x1095A, 0x1097F},
  {0x109B8, 0x109BB},
  {0x109D0, 0x109D1},
  {0x10A04, 0x10A04},
  {0x10A07, 0x10A0B},
  {0x10A14, 0x10A14},
  {0x10A18, 0x10A18},
  {0x10A36, 0x10A37},
  {0x10A3B, 0x10A3E},
  {0x10A49, 0x10A4F},
  {0x10A59, 0x10A5F},
  {0x10AA0, 0x10ABF},
  {0x10AE7, 0x10AEA},
  {0x10AF7, 0x10AFF},
  {0x10B36, 0x10B38},
  {0x10B56, 0x10B57},
  {0x10B73, 0x10B77},
  {0x10B92, 0x10B98},
  {0x10B9D, 0x10BA8},
  {0x10BB0, 0x10BFF},
  {0x10C49, 0x10C7F},
  {0x10CB3, 0x10CBF},
  {0x10CF3, 0x10CF9},
  {0x10D28, 0x10D2F},
  {0x10D3A, 0x10D3F},
  {0x10D66, 0x10D68},
  {0x10D86, 0x10D8D},
  {0x10D90, 0x10E5F},
  {0x10E7F, 0x10E7F},
  {0x10EAA, 0x10EAA},
  {0x10EAE, 0x10EAF},
  {0x10EB2, 0x10EC1},
  {0x10EC8, 0x10ECF},
  {0x10ED9, 0x10EF9},
  {0x10F28, 0x10F2F},
  {0x10F5A, 0x10F6F},
  {0x10F8A, 0x10FAF},
  {0x10FCC, 0x10FDF},
  {0x10FF7, 0x10FFF},
  {0x1104E, 0x11051},
  {0x11076, 0x1107E},
  {0x110BD, 0x110BD},
  {0x110C3, 0x110CF},
  {0x110E9, 0x110EF},
  {0x110FA, 0x110FF},
  {0x11135, 0x11135},
  {0x11148, 0x1114F},
  {0x11177, 0x1117F},
  {0x111E0, 0x111E0},
  {0x111F5, 0x111FF},
  {0x11212, 0x11212},
  {0x11242, 0x1127F},
  {0x11287, 0x11287},
  {0x11289, 0x11289},
  {0x1128E, 0x1128E},
  {0x1129E, 0x1129E},
  {0x112AA, 0x112AF},
  {0x112EB, 0x112EF},
  {0x112FA, 0x112FF},
  {0x11304, 0x11304},
  {0x1130D, 0x1130E},
  {0x11311, 0x11312},
  {0x11329, 0x11329},
  {0x11331, 0x11331},
  {0x11334, 0x11334},
  {0x1133A, 0x1133A},
  {0x11345, 0x11346},
  {0x11349, 0x1134A},
  {0x1134E, 0x1134F},
  {0x11351, 0x11356},
  {0x11358, 0x1135C},
  {0x11364, 0x11365},
  {0x1136D, 0x1136F},
  {0x11375, 0x1137F},
  {0x1138A, 0x1138A},
  {0x1138C, 0x1138D},
  {0x1138F, 0x1138F},
  {0x113B6, 0x113B6},
  {0x113C1, 0x113C1},
  {0x113C3, 0x113C4},
  {0x113C6, 0x113C6},
  {0x113CB, 0x113CB},
  {0x113D6, 0x113D6},
  {0x113D9, 0x113E0},
  {0x113E3, 0x113FF},
  {0x1145C, 0x1145C},
  {0x11462, 0x1147F},
  {0x114C8, 0x114CF},
  {0x114DA, 0x1157F},
  {0x115B6, 0x115B7},
  {0x115DE, 0x115FF},
  {0x11645, 0x1164F},
  {0x1165A, 0x1165F},
  {0x1166D, 0x1167F},
  {0x116BA, 0x116BF},
  {0x116CA, 0x116CF},
  {0x116E4, 0x116FF},
  {0x1171B, 0x1171C},
  {0x1172C, 0x1172F},
  {0x11747, 0x117FF},
  {0x1183C, 0x1189F},
  {0x118F3, 0x118FE},
  {0x11907, 0x11908},
  {0x1190A, 0x1190B},
  {0x11914, 0x11914},
  {0x11917, 0x11917},
  {0x11936, 0x11936},
  {0x11939, 0x1193A},
  {0x11947, 0x1194F},
  {0x1195A, 0x1199F},
  {0x119A8, 0x119A9},
  {0x119D8, 0x119D9},
  {0x119E5, 0x119FF},
  {0x11A48, 0x11A4F},
  {0x11AA3, 0x11AAF},
  {0x11AF9, 0x11AFF},
  {0x11B0A, 0x11B5F},
  {0x11B68, 0x11BBF},
  {0x11BE2, 0x11BEF},
  {0x11BFA, 0x11BFF},
  {0x11C09, 0x11C09},
  {0x11C37, 0x11C37},
  {0x11C46, 0x11C4F},
  {0x11C6D, 0x11C6F},
  {0x11C90, 0x11C91},
  {0x11CA8, 0x11CA8},
  {0x11CB7, 0x11CFF},
  {0x11D07, 0x11D07},
  {0x11D0A, 0x11D0A},
  {0x11D37, 0x11D39},
  {0x11D3B, 0x11D3B},
  {0x11D3E, 0x11D3E},
  {0x11D48, 0x11D4F},
  {0x11D5A, 0x11D5F},
  {0x11D66, 0x11D66},
  {0x11D69, 0x11D69},
  {0x11D8F, 0x11D8F},
  {0x11D92, 0x11D92},
  {0x11D99, 0x11D9F},
  {0x11DAA, 0x11DAF},
  {0x11DDC, 0x11DDF},
  {0x11DEA, 0x11EDF},
  {0x11EF9, 0x11EFF},
  {0x11F11, 0x11F11},
  {0x11F3B, 0x11F3D},
  {0x11F5B, 0x11FAF},
  {0x11FB1, 0x11FBF},
  {0x11FF2, 0x11FFE},
  {0x1239A, 0x123FF},
  {0x1246F, 0x1246F},
  {0x12475, 0x1247F},
  {0x12544, 0x12F8F},
  {0x12FF3, 0x12FFF},
  {0x13430, 0x1343F},
  {0x13456, 0x1345F},
  {0x143FB, 0x143FF},
  {0x14647, 0x160FF},
  {0x1613A, 0x167FF},
  {0x16A39, 0x16A3F},
  {0x16A5F, 0x16A5F},
  {0x16A6A, 0x16A6D},
  {0x16ABF, 0x16ABF},
  {0x16ACA, 0x16ACF},
  {0x16AEE, 0x16AEF},
  {0x16AF6, 0x16AFF},
  {0x16B46, 0x16B4F},
  {0x16B5A, 0x16B5A},
  {0x16B62, 0x16B62},
  {0x16B78, 0x16B7C},
  {0x16B90, 0x16D3F},
  {0x16D7A, 0x16E3F},
  {0x16E9B, 0x16E9F},
  {0x16EB9, 0x16EBA},
  {0x16ED4, 0x16EFF},
  {0x16F4B, 0x16F4E},
  {0x16F88, 0x16F8E},
  {0x16FA0, 0x16FDF},
  {0x16FE5, 0x16FEF},
  {0x16FF7, 0x16FFF},
  {0x18CD6, 0x18CFE},
  {0x18D1F, 0x18D7F},
  {0x18DF3, 0x1AFEF},
  {0x1AFF4, 0x1AFF4},
  {0x1AFFC, 0x1AFFC},
  {0x1AFFF, 0x1AFFF},
  {0x1B123, 0x1B131},
  {0x1B133, 0x1B14F},
  {0x1B153, 0x1B154},
  {0x1B156, 0x1B163},
  {0x1B168, 0x1B16F},
  {0x1B2FC, 0x1BBFF},
  {0x1BC6B, 0x1BC6F},
  {0x1BC7D, 0x1BC7F},
  {0x1BC89, 0x1BC8F},
  {0x1BC9A, 0x1BC9B},
  {0x1BCA0, 0x1CBFF},
  {0x1CCFD, 0x1CCFF},
  {0x1CEB4, 0x1CEB9},
  {0x1CED1, 0x1CEDF},
  {0x1CEF1, 0x1CEFF},
  {0x1CF2E, 0x1CF2F},
  {0x1CF47, 0x1CF4F},
  {0x1CFC4, 0x1CFFF},
  {0x1D0F6, 0x1D0FF},
  {0x1D127, 0x1D128},
  {0x1D173, 0x1D17A},
  {0x1D1EB, 0x1D1FF},
  {0x1D246, 0x1D2BF},
  {0x1D2D4, 0x1D2DF},
  {0x1D2F4, 0x1D2FF},
  {0x1D357, 0x1D35F},
  {0x1D379, 0x1D3FF},
  {0x1D455, 0x1D455},
  {0x1D49D, 0x1D49D},
  {0x1D4A0, 0x1D4A1},
  {0x1D4A3, 0x1D4A4},
  {0x1D4A7, 0x1D4A8},
  {0x1D4AD, 0x1D4AD},
  {0x1D4BA, 0x1D4BA},
  {0x1D4BC, 0x1D4BC},
  {0x1D4C4, 0x1D4C4},
  {0x1D506, 0x1D506},
  {0x1D50B, 0x1D50C},
  {0x1D515, 0x1D515},
  {0x1D51D, 0x1D51D},
  {0x1D53A, 0x1D53A},
  {0x1D53F, 0x1D53F},
  {0x1D545, 0x1D545},
  {0x1D547, 0x1D549},
  {0x1D551, 0x1D551},
  {0x1D6A6, 0x1D6A7},
  {0x1D7CC, 0x1D7CD},
  {0x1DA8C, 0x1DA9A},
  {0x1DAA0, 0x1DAA0},
  {0x1DAB0, 0x1DEFF},
  {0x1DF1F, 0x1DF24},
  {0x1DF2B, 0x1DFFF},
  {0x1E007, 0x1E007},
  {0x1E019, 0x1E01A},
  {0x1E022, 0x1E022},
  {0x1E025, 0x1E025},
  {0x1E02B, 0x1E02F},
  {0x1E06E, 0x1E08E},
  {0x1E090, 0x1E0FF},
  {0x1E12D, 0x1E12F},
  {0x1E13E, 0x1E13F},
  {0x1E14A, 0x1E14D},
  {0x1E150, 0x1E28F},
  {0x1E2AF, 0x1E2BF},
  {0x1E2FA, 0x1E2FE},
  {0x1E300, 0x1E4CF},
  {0x1E4FA, 0x1E5CF},
  {0x1E5FB, 0x1E5FE},
  {0x1E600, 0x1E6BF},
  {0x1E6DF, 0x1E6DF},
  {0x1E6F6, 0x1E6FD},
  {0x1E700, 0x1E7DF},
  {0x1E7E7, 0x1E7E7},
  {0x1E7EC, 0x1E7EC},
  {0x1E7EF, 0x1E7EF},
  {0x1E7FF, 0x1E7FF},
  {0x1E8C5, 0x1E8C6},
  {0x1E8D7, 0x1E8FF},
  {0x1E94C, 0x1E94F},
  {0x1E95A, 0x1E95D},
  {0x1E960, 0x1EC70},
  {0x1ECB5, 0x1ED00},
  {0x1ED3E, 0x1EDFF},
  {0x1EE04, 0x1EE04},
  {0x1EE20, 0x1EE20},
  {0x1EE23, 0x1EE23},
  {0x1EE25, 0x1EE26},
  {0x1EE28, 0x1EE28},
  {0x1EE33, 0x1EE33},
  {0x1EE38, 0x1EE38},
  {0x1EE3A, 0x1EE3A},
  {0x1EE3C, 0x1EE41},
  {0x1EE43, 0x1EE46},
  {0x1EE48, 0x1EE48},
  {0x1EE4A, 0x1EE4A},
  {0x1EE4C, 0x1EE4C},
  {0x1EE50, 0x1EE50},
  {0x1EE53, 0x1EE53},
  {0x1EE55, 0x1EE56},
  {0x1EE58, 0x1EE58},
  {0x1EE5A, 0x1EE5A},
  {0x1EE5C, 0x1EE5C},
  {0x1EE5E, 0x1EE5E},
  {0x1EE60, 0x1EE60},
  {0x1EE63, 0x1EE63},
  {0x1EE65, 0x1EE66},
  {0x1EE6B, 0x1EE6B},
  {0x1EE73, 0x1EE73},
  {0x1EE78, 0x1EE78},
  {0x1EE7D, 0x1EE7D},
  {0x1EE7F, 0x1EE7F},
  {0x1EE8A, 0x1EE8A},
  {0x1EE9C, 0x1EEA0},
  {0x1EEA4, 0x1EEA4},
  {0x1EEAA, 0x1EEAA},
  {0x1EEBC, 0x1EEEF},
  {0x1EEF2, 0x1EFFF},
  {0x1F02C, 0x1F02F},
  {0x1F094, 0x1F09F},
  {0x1F0AF, 0x1F0B0},
  {0x1F0C0, 0x1F0C0},
  {0x1F0D0, 0x1F0D0},
  {0x1F0F6, 0x1F0FF},
  {0x1F1AE, 0x1F1E5},
  {0x1F203, 0x1F20F},
  {0x1F23C, 0x1F23F},
  {0x1F249, 0x1F24F},
  {0x1F252, 0x1F25F},
  {0x1F266, 0x1F2FF},
  {0x1F6D9, 0x1F6DB},
  {0x1F6ED, 0x1F6EF},
  {0x1F6FD, 0x1F6FF},
  {0x1F7DA, 0x1F7DF},
  {0x1F7EC, 0x1F7EF},
  {0x1F7F1, 0x1F7FF},
  {0x1F80C, 0x1F80F},
  {0x1F848, 0x1F84F},
  {0x1F85A, 0x1F85F},
  {0x1F888, 0x1F88F},
  {0x1F8AE, 0x1F8AF},
  {0x1F8BC, 0x1F8BF},
  {0x1F8C2, 0x1F8CF},
  {0x1F8D9, 0x1F8FF},
  {0x1FA58, 0x1FA5F},
  {0x1FA6E, 0x1FA6F},
  {0x1FA7D, 0x1FA7F},
  {0x1FA8B, 0x1FA8D},
  {0x1FAC7, 0x1FAC7},
  {0x1FAC9, 0x1FACC},
  {0x1FADD, 0x1FADE},
  {0x1FAEB, 0x1FAEE},
  {0x1FAF9, 0x1FAFF},
  {0x1FB93, 0x1FB93},
  {0x1FBFB, 0x1FFFF},
  {0x2A6E0, 0x2A6FF},
  {0x2B81E, 0x2B81F},
  {0x2CEAE, 0x2CEAF},
  {0x2EBE1, 0x2EBEF},
  {0x2EE5E, 0x2F7FF},
  {0x2FA1E, 0x2FFFF},
  {0x3134B, 0x3134F},
  {0x3347A, 0xE00FF},
  {0xE01F0, 0x10FFFF},
  {0x0000, 0x001F},
  {0x007F, 0x009F},
  {0x00AD, 0x00AD},
  {0x0600, 0x0605},
  {0x061C, 0x061C},
  {0x06DD, 0x06DD},
  {0x070F, 0x070F},
  {0x0890, 0x0891},
  {0x08E2, 0x08E2},
  {0x180E, 0x180E},
  {0x200B, 0x200F},
  {0x202A, 0x202E},
  {0x2060, 0x2064},
  {0x2066, 0x206F},
  {0xFEFF, 0xFEFF},
  {0xFFF9, 0xFFFB},
  {0x110BD, 0x110BD},
  {0x110CD, 0x110CD},
  {0x13430, 0x1343F},
  {0x1BCA0, 0x1BCA3},
  {0x1D173, 0x1D17A},
  {0xE0001, 0xE0001},
  {0xE0020, 0xE007F},
  {0x0378, 0x0379},
  {0x0380, 0x0383},
  {0x038B, 0x038B},
  {0x038D, 0x038D},
  {0x03A2, 0x03A2},
  {0x0530, 0x0530},
  {0x0557, 0x0558},
  {0x058B, 0x058C},
  {0x0590, 0x0590},
  {0x05C8, 0x05CF},
  {0x05EB, 0x05EE},
  {0x05F5, 0x05FF},
  {0x070E, 0x070E},
  {0x074B, 0x074C},
  {0x07B2, 0x07BF},
  {0x07FB, 0x07FC},
  {0x082E, 0x082F},
  {0x083F, 0x083F},
  {0x085C, 0x085D},
  {0x085F, 0x085F},
  {0x086B, 0x086F},
  {0x0892, 0x0896},
  {0x0984, 0x0984},
  {0x098D, 0x098E},
  {0x0991, 0x0992},
  {0x09A9, 0x09A9},
  {0x09B1, 0x09B1},
  {0x09B3, 0x09B5},
  {0x09BA, 0x09BB},
  {0x09C5, 0x09C6},
  {0x09C9, 0x09CA},
  {0x09CF, 0x09D6},
  {0x09D8, 0x09DB},
  {0x09DE, 0x09DE},
  {0x09E4, 0x09E5},
  {0x09FF, 0x0A00},
  {0x0A04, 0x0A04},
  {0x0A0B, 0x0A0E},
  {0x0A11, 0x0A12},
  {0x0A29, 0x0A29},
  {0x0A31, 0x0A31},
  {0x0A34, 0x0A34},
  {0x0A37, 0x0A37},
  {0x0A3A, 0x0A3B},
  {0x0A3D, 0x0A3D},
  {0x0A43, 0x0A46},
  {0x0A49, 0x0A4A},
  {0x0A4E, 0x0A50},
  {0x0A52, 0x0A58},
  {0x0A5D, 0x0A5D},
  {0x0A5F, 0x0A65},
  {0x0A77, 0x0A80},
  {0x0A84, 0x0A84},
  {0x0A8E, 0x0A8E},
  {0x0A92, 0x0A92},
  {0x0AA9, 0x0AA9},
  {0x0AB1, 0x0AB1},
  {0x0AB4, 0x0AB4},
  {0x0ABA, 0x0ABB},
  {0x0AC6, 0x0AC6},
  {0x0ACA, 0x0ACA},
  {0x0ACE, 0x0ACF},
  {0x0AD1, 0x0ADF},
  {0x0AE4, 0x0AE5},
  {0x0AF2, 0x0AF8},
  {0x0B00, 0x0B00},
  {0x0B04, 0x0B04},
  {0x0B0D, 0x0B0E},
  {0x0B11, 0x0B12},
  {0x0B29, 0x0B29},
  {0x0B31, 0x0B31},
  {0x0B34, 0x0B34},
  {0x0B3A, 0x0B3B},
  {0x0B45, 0x0B46},
  {0x0B49, 0x0B4A},
  {0x0B4E, 0x0B54},
  {0x0B58, 0x0B5B},
  {0x0B5E, 0x0B5E},
  {0x0B64, 0x0B65},
  {0x0B78, 0x0B81},
  {0x0B84, 0x0B84},
  {0x0B8B, 0x0B8D},
  {0x0B91, 0x0B91},
  {0x0B96, 0x0B98},
  {0x0B9B, 0x0B9B},
  {0x0B9D, 0x0B9D},
  {0x0BA0, 0x0BA2},
  {0x0BA5, 0x0BA7},
  {0x0BAB, 0x0BAD},
  {0x0BBA, 0x0BBD},
  {0x0BC3, 0x0BC5},
  {0x0BC9, 0x0BC9},
  {0x0BCE, 0x0BCF},
  {0x0BD1, 0x0BD6},
  {0x0BD8, 0x0BE5},
  {0x0BFB, 0x0BFF},
  {0x0C0D, 0x0C0D},
  {0x0C11, 0x0C11},
  {0x0C29, 0x0C29},
  {0x0C3A, 0x0C3B},
  {0x0C45, 0x0C45},
  {0x0C49, 0x0C49},
  {0x0C4E, 0x0C54},
  {0x0C57, 0x0C57},
  {0x0C5B, 0x0C5B},
  {0x0C5E, 0x0C5F},
  {0x0C64, 0x0C65},
  {0x0C70, 0x0C76},
  {0x0C8D, 0x0C8D},
  {0x0C91, 0x0C91},
  {0x0CA9, 0x0CA9},
  {0x0CB4, 0x0CB4},
  {0x0CBA, 0x0CBB},
  {0x0CC5, 0x0CC5},
  {0x0CC9, 0x0CC9},
  {0x0CCE, 0x0CD4},
  {0x0CD7, 0x0CDB},
  {0x0CDF, 0x0CDF},
  {0x0CE4, 0x0CE5},
  {0x0CF0, 0x0CF0},
  {0x0CF4, 0x0CFF},
  {0x0D0D, 0x0D0D},
  {0x0D11, 0x0D11},
  {0x0D45, 0x0D45},
  {0x0D49, 0x0D49},
  {0x0D50, 0x0D53},
  {0x0D64, 0x0D65},
  {0x0D80, 0x0D80},
  {0x0D84, 0x0D84},
  {0x0D97, 0x0D99},
  {0x0DB2, 0x0DB2},
  {0x0DBC, 0x0DBC},
  {0x0DBE, 0x0DBF},
  {0x0DC7, 0x0DC9},
  {0x0DCB, 0x0DCE},
  {0x0DD5, 0x0DD5},
  {0x0DD7, 0x0DD7},
  {0x0DE0, 0x0DE5},
  {0x0DF0, 0x0DF1},
  {0x0DF5, 0x0E00},
  {0x0E3B, 0x0E3E},
  {0x0E5C, 0x0E80},
  {0x0E83, 0x0E83},
  {0x0E85, 0x0E85},
  {0x0E8B, 0x0E8B},
  {0x0EA4, 0x0EA4},
  {0x0EA6, 0x0EA6},
  {0x0EBE, 0x0EBF},
  {0x0EC5, 0x0EC5},
  {0x0EC7, 0x0EC7},
  {0x0ECF, 0x0ECF},
  {0x0EDA, 0x0EDB},
  {0x0EE0, 0x0EFF},
  {0x0F48, 0x0F48},
  {0x0F6D, 0x0F70},
  {0x0F98, 0x0F98},
  {0x0FBD, 0x0FBD},
  {0x0FCD, 0x0FCD},
  {0x0FDB, 0x0FFF},
  {0x10C6, 0x10C6},
  {0x10C8, 0x10CC},
  {0x10CE, 0x10CF},
  {0x1249, 0x1249},
  {0x124E, 0x124F},
  {0x1257, 0x1257},
  {0x1259, 0x1259},
  {0x125E, 0x125F},
  {0x1289, 0x1289},
  {0x128E, 0x128F},
  {0x12B1, 0x12B1},
  {0x12B6, 0x12B7},
  {0x12BF, 0x12BF},
  {0x12C1, 0x12C1},
  {0x12C6, 0x12C7},
  {0x12D7, 0x12D7},
  {0x1311, 0x1311},
  {0x1316, 0x1317},
  {0x135B, 0x135C},
  {0x137D, 0x137F},
  {0x139A, 0x139F},
  {0x13F6, 0x13F7},
  {0x13FE, 0x13FF},
  {0x169D, 0x169F},
  {0x16F9, 0x16FF},
  {0x1716, 0x171E},
  {0x1737, 0x173F},
  {0x1754, 0x175F},
  {0x176D, 0x176D},
  {0x1771, 0x1771},
  {0x1774, 0x177F},
  {0x17DE, 0x17DF},
  {0x17EA, 0x17EF},
  {0x17FA, 0x17FF},
  {0x181A, 0x181F},
  {0x1879, 0x187F},
  {0x18AB, 0x18AF},
  {0x18F6, 0x18FF},
  {0x191F, 0x191F},
  {0x192C, 0x192F},
  {0x193C, 0x193F},
  {0x1941, 0x1943},
  {0x196E, 0x196F},
  {0x1975, 0x197F},
  {0x19AC, 0x19AF},
  {0x19CA, 0x19CF},
  {0x19DB, 0x19DD},
  {0x1A1C, 0x1A1D},
  {0x1A5F, 0x1A5F},
  {0x1A7D, 0x1A7E},
  {0x1A8A, 0x1A8F},
  {0x1A9A, 0x1A9F},
  {0x1AAE, 0x1AAF},
  {0x1ADE, 0x1ADF},
  {0x1AEC, 0x1AFF},
  {0x1B4D, 0x1B4D},
  {0x1BF4, 0x1BFB},
  {0x1C38, 0x1C3A},
  {0x1C4A, 0x1C4C},
  {0x1C8B, 0x1C8F},
  {0x1CBB, 0x1CBC},
  {0x1CC8, 0x1CCF},
  {0x1CFB, 0x1CFF},
  {0x1F16, 0x1F17},
  {0x1F1E, 0x1F1F},
  {0x1F46, 0x1F47},
  {0x1F4E, 0x1F4F},
  {0x1F58, 0x1F58},
  {0x1F5A, 0x1F5A},
  {0x1F5C, 0x1F5C},
  {0x1F5E, 0x1F5E},
  {0x1F7E, 0x1F7F},
  {0x1FB5, 0x1FB5},
  {0x1FC5, 0x1FC5},
  {0x1FD4, 0x1FD5},
  {0x1FDC, 0x1FDC},
  {0x1FF0, 0x1FF1},
  {0x1FF5, 0x1FF5},
  {0x1FFF, 0x1FFF},
  {0x2065, 0x2065},
  {0x2072, 0x2073},
  {0x208F, 0x208F},
  {0x209D, 0x209F},
  {0x20C2, 0x20CF},
  {0x20F1, 0x20FF},
  {0x218C, 0x218F},
  {0x242A, 0x243F},
  {0x244B, 0x245F},
  {0x2B74, 0x2B75},
  {0x2CF4, 0x2CF8},
  {0x2D26, 0x2D26},
  {0x2D28, 0x2D2C},
  {0x2D2E, 0x2D2F},
  {0x2D68, 0x2D6E},
  {0x2D71, 0x2D7E},
  {0x2D97, 0x2D9F},
  {0x2DA7, 0x2DA7},
  {0x2DAF, 0x2DAF},
  {0x2DB7, 0x2DB7},
  {0x2DBF, 0x2DBF},
  {0x2DC7, 0x2DC7},
  {0x2DCF, 0x2DCF},
  {0x2DD7, 0x2DD7},
  {0x2DDF, 0x2DDF},
  {0x2E5E, 0x2E7F},
  {0x2E9A, 0x2E9A},
  {0x2EF4, 0x2EFF},
  {0x2FD6, 0x2FEF},
  {0x3040, 0x3040},
  {0x3097, 0x3098},
  {0x3100, 0x3104},
  {0x3130, 0x3130},
  {0x318F, 0x318F},
  {0x31E6, 0x31EE},
  {0x321F, 0x321F},
  {0xA48D, 0xA48F},
  {0xA4C7, 0xA4CF},
  {0xA62C, 0xA63F},
  {0xA6F8, 0xA6FF},
  {0xA7DD, 0xA7F0},
  {0xA82D, 0xA82F},
  {0xA83A, 0xA83F},
  {0xA878, 0xA87F},
  {0xA8C6, 0xA8CD},
  {0xA8DA, 0xA8DF},
  {0xA954, 0xA95E},
  {0xA97D, 0xA97F},
  {0xA9CE, 0xA9CE},
  {0xA9DA, 0xA9DD},
  {0xA9FF, 0xA9FF},
  {0xAA37, 0xAA3F},
  {0xAA4E, 0xAA4F},
  {0xAA5A, 0xAA5B},
  {0xAAC3, 0xAADA},
  {0xAAF7, 0xAB00},
  {0xAB07, 0xAB08},
  {0xAB0F, 0xAB10},
  {0xAB17, 0xAB1F},
  {0xAB27, 0xAB27},
  {0xAB2F, 0xAB2F},
  {0xAB6C, 0xAB6F},
  {0xABEE, 0xABEF},
  {0xABFA, 0xABFF},
  {0xD7A4, 0xD7AF},
  {0xD7C7, 0xD7CA},
  {0xD7FC, 0xD7FF},
  {0xFA6E, 0xFA6F},
  {0xFADA, 0xFAFF},
  {0xFB07, 0xFB12},
  {0xFB18, 0xFB1C},
  {0xFB37, 0xFB37},
  {0xFB3D, 0xFB3D},
  {0xFB3F, 0xFB3F},
  {0xFB42, 0xFB42},
  {0xFB45, 0xFB45},
  {0xFDD0, 0xFDEF},
  {0xFE1A, 0xFE1F},
  {0xFE53, 0xFE53},
  {0xFE67, 0xFE67},
  {0xFE6C, 0xFE6F},
  {0xFE75, 0xFE75},
  {0xFEFD, 0xFEFE},
  {0xFF00, 0xFF00},
  {0xFFBF, 0xFFC1},
  {0xFFC8, 0xFFC9},
  {0xFFD0, 0xFFD1},
  {0xFFD8, 0xFFD9},
  {0xFFDD, 0xFFDF},
  {0xFFE7, 0xFFE7},
  {0xFFEF, 0xFFF8},
  {0xFFFE, 0xFFFF},
  {0x1000C, 0x1000C},
  {0x10027, 0x10027},
  {0x1003B, 0x1003B},
  {0x1003E, 0x1003E},
  {0x1004E, 0x1004F},
  {0x1005E, 0x1007F},
  {0x100FB, 0x100FF},
  {0x10103, 0x10106},
  {0x10134, 0x10136},
  {0x1018F, 0x1018F},
  {0x1019D, 0x1019F},
  {0x101A1, 0x101CF},
  {0x101FE, 0x1027F},
  {0x1029D, 0x1029F},
  {0x102D1, 0x102DF},
  {0x102FC, 0x102FF},
  {0x10324, 0x1032C},
  {0x1034B, 0x1034F},
  {0x1037B, 0x1037F},
  {0x1039E, 0x1039E},
  {0x103C4, 0x103C7},
  {0x103D6, 0x103FF},
  {0x1049E, 0x1049F},
  {0x104AA, 0x104AF},
  {0x104D4, 0x104D7},
  {0x104FC, 0x104FF},
  {0x10528, 0x1052F},
  {0x10564, 0x1056E},
  {0x1057B, 0x1057B},
  {0x1058B, 0x1058B},
  {0x10593, 0x10593},
  {0x10596, 0x10596},
  {0x105A2, 0x105A2},
  {0x105B2, 0x105B2},
  {0x105BA, 0x105BA},
  {0x105BD, 0x105BF},
  {0x105F4, 0x105FF},
  {0x10737, 0x1073F},
  {0x10756, 0x1075F},
  {0x10768, 0x1077F},
  {0x10786, 0x10786},
  {0x107B1, 0x107B1},
  {0x107BB, 0x107FF},
  {0x10806, 0x10807},
  {0x10809, 0x10809},
  {0x10836, 0x10836},
  {0x10839, 0x1083B},
  {0x1083D, 0x1083E},
  {0x10856, 0x10856},
  {0x1089F, 0x108A6},
  {0x108B0, 0x108DF},
  {0x108F3, 0x108F3},
  {0x108F6, 0x108FA},
  {0x1091C, 0x1091E},
  {0x1093A, 0x1093E},
  {0x1095A, 0x1097F},
  {0x109B8, 0x109BB},
  {0x109D0, 0x109D1},
  {0x10A04, 0x10A04},
  {0x10A07, 0x10A0B},
  {0x10A14, 0x10A14},
  {0x10A18, 0x10A18},
  {0x10A36, 0x10A37},
  {0x10A3B, 0x10A3E},
  {0x10A49, 0x10A4F},
  {0x10A59, 0x10A5F},
  {0x10AA0, 0x10ABF},
  {0x10AE7, 0x10AEA},
  {0x10AF7, 0x10AFF},
  {0x10B36, 0x10B38},
  {0x10B56, 0x10B57},
  {0x10B73, 0x10B77},
  {0x10B92, 0x10B98},
  {0x10B9D, 0x10BA8},
  {0x10BB0, 0x10BFF},
  {0x10C49, 0x10C7F},
  {0x10CB3, 0x10CBF},
  {0x10CF3, 0x10CF9},
  {0x10D28, 0x10D2F},
  {0x10D3A, 0x10D3F},
  {0x10D66, 0x10D68},
  {0x10D86, 0x10D8D},
  {0x10D90, 0x10E5F},
  {0x10E7F, 0x10E7F},
  {0x10EAA, 0x10EAA},
  {0x10EAE, 0x10EAF},
  {0x10EB2, 0x10EC1},
  {0x10EC8, 0x10ECF},
  {0x10ED9, 0x10EF9},
  {0x10F28, 0x10F2F},
  {0x10F5A, 0x10F6F},
  {0x10F8A, 0x10FAF},
  {0x10FCC, 0x10FDF},
  {0x10FF7, 0x10FFF},
  {0x1104E, 0x11051},
  {0x11076, 0x1107E},
  {0x110C3, 0x110CC},
  {0x110CE, 0x110CF},
  {0x110E9, 0x110EF},
  {0x110FA, 0x110FF},
  {0x11135, 0x11135},
  {0x11148, 0x1114F},
  {0x11177, 0x1117F},
  {0x111E0, 0x111E0},
  {0x111F5, 0x111FF},
  {0x11212, 0x11212},
  {0x11242, 0x1127F},
  {0x11287, 0x11287},
  {0x11289, 0x11289},
  {0x1128E, 0x1128E},
  {0x1129E, 0x1129E},
  {0x112AA, 0x112AF},
  {0x112EB, 0x112EF},
  {0x112FA, 0x112FF},
  {0x11304, 0x11304},
  {0x1130D, 0x1130E},
  {0x11311, 0x11312},
  {0x11329, 0x11329},
  {0x11331, 0x11331},
  {0x11334, 0x11334},
  {0x1133A, 0x1133A},
  {0x11345, 0x11346},
  {0x11349, 0x1134A},
  {0x1134E, 0x1134F},
  {0x11351, 0x11356},
  {0x11358, 0x1135C},
  {0x11364, 0x11365},
  {0x1136D, 0x1136F},
  {0x11375, 0x1137F},
  {0x1138A, 0x1138A},
  {0x1138C, 0x1138D},
  {0x1138F, 0x1138F},
  {0x113B6, 0x113B6},
  {0x113C1, 0x113C1},
  {0x113C3, 0x113C4},
  {0x113C6, 0x113C6},
  {0x113CB, 0x113CB},
  {0x113D6, 0x113D6},
  {0x113D9, 0x113E0},
  {0x113E3, 0x113FF},
  {0x1145C, 0x1145C},
  {0x11462, 0x1147F},
  {0x114C8, 0x114CF},
  {0x114DA, 0x1157F},
  {0x115B6, 0x115B7},
  {0x115DE, 0x115FF},
  {0x11645, 0x1164F},
  {0x1165A, 0x1165F},
  {0x1166D, 0x1167F},
  {0x116BA, 0x116BF},
  {0x116CA, 0x116CF},
  {0x116E4, 0x116FF},
  {0x1171B, 0x1171C},
  {0x1172C, 0x1172F},
  {0x11747, 0x117FF},
  {0x1183C, 0x1189F},
  {0x118F3, 0x118FE},
  {0x11907, 0x11908},
  {0x1190A, 0x1190B},
  {0x11914, 0x11914},
  {0x11917, 0x11917},
  {0x11936, 0x11936},
  {0x11939, 0x1193A},
  {0x11947, 0x1194F},
  {0x1195A, 0x1199F},
  {0x119A8, 0x119A9},
  {0x119D8, 0x119D9},
  {0x119E5, 0x119FF},
  {0x11A48, 0x11A4F},
  {0x11AA3, 0x11AAF},
  {0x11AF9, 0x11AFF},
  {0x11B0A, 0x11B5F},
  {0x11B68, 0x11BBF},
  {0x11BE2, 0x11BEF},
  {0x11BFA, 0x11BFF},
  {0x11C09, 0x11C09},
  {0x11C37, 0x11C37},
  {0x11C46, 0x11C4F},
  {0x11C6D, 0x11C6F},
  {0x11C90, 0x11C91},
  {0x11CA8, 0x11CA8},
  {0x11CB7, 0x11CFF},
  {0x11D07, 0x11D07},
  {0x11D0A, 0x11D0A},
  {0x11D37, 0x11D39},
  {0x11D3B, 0x11D3B},
  {0x11D3E, 0x11D3E},
  {0x11D48, 0x11D4F},
  {0x11D5A, 0x11D5F},
  {0x11D66, 0x11D66},
  {0x11D69, 0x11D69},
  {0x11D8F, 0x11D8F},
  {0x11D92, 0x11D92},
  {0x11D99, 0x11D9F},
  {0x11DAA, 0x11DAF},
  {0x11DDC, 0x11DDF},
  {0x11DEA, 0x11EDF},
  {0x11EF9, 0x11EFF},
  {0x11F11, 0x11F11},
  {0x11F3B, 0x11F3D},
  {0x11F5B, 0x11FAF},
  {0x11FB1, 0x11FBF},
  {0x11FF2, 0x11FFE},
  {0x1239A, 0x123FF},
  {0x1246F, 0x1246F},
  {0x12475, 0x1247F},
  {0x12544, 0x12F8F},
  {0x12FF3, 0x12FFF},
  {0x13456, 0x1345F},
  {0x143FB, 0x143FF},
  {0x14647, 0x160FF},
  {0x1613A, 0x167FF},
  {0x16A39, 0x16A3F},
  {0x16A5F, 0x16A5F},
  {0x16A6A, 0x16A6D},
  {0x16ABF, 0x16ABF},
  {0x16ACA, 0x16ACF},
  {0x16AEE, 0x16AEF},
  {0x16AF6, 0x16AFF},
  {0x16B46, 0x16B4F},
  {0x16B5A, 0x16B5A},
  {0x16B62, 0x16B62},
  {0x16B78, 0x16B7C},
  {0x16B90, 0x16D3F},
  {0x16D7A, 0x16E3F},
  {0x16E9B, 0x16E9F},
  {0x16EB9, 0x16EBA},
  {0x16ED4, 0x16EFF},
  {0x16F4B, 0x16F4E},
  {0x16F88, 0x16F8E},
  {0x16FA0, 0x16FDF},
  {0x16FE5, 0x16FEF},
  {0x16FF7, 0x16FFF},
  {0x18CD6, 0x18CFE},
  {0x18D1F, 0x18D7F},
  {0x18DF3, 0x1AFEF},
  {0x1AFF4, 0x1AFF4},
  {0x1AFFC, 0x1AFFC},
  {0x1AFFF, 0x1AFFF},
  {0x1B123, 0x1B131},
  {0x1B133, 0x1B14F},
  {0x1B153, 0x1B154},
  {0x1B156, 0x1B163},
  {0x1B168, 0x1B16F},
  {0x1B2FC, 0x1BBFF},
  {0x1BC6B, 0x1BC6F},
  {0x1BC7D, 0x1BC7F},
  {0x1BC89, 0x1BC8F},
  {0x1BC9A, 0x1BC9B},
  {0x1BCA4, 0x1CBFF},
  {0x1CCFD, 0x1CCFF},
  {0x1CEB4, 0x1CEB9},
  {0x1CED1, 0x1CEDF},
  {0x1CEF1, 0x1CEFF},
  {0x1CF2E, 0x1CF2F},
  {0x1CF47, 0x1CF4F},
  {0x1CFC4, 0x1CFFF},
  {0x1D0F6, 0x1D0FF},
  {0x1D127, 0x1D128},
  {0x1D1EB, 0x1D1FF},
  {0x1D246, 0x1D2BF},
  {0x1D2D4, 0x1D2DF},
  {0x1D2F4, 0x1D2FF},
  {0x1D357, 0x1D35F},
  {0x1D379, 0x1D3FF},
  {0x1D455, 0x1D455},
  {0x1D49D, 0x1D49D},
  {0x1D4A0, 0x1D4A1},
  {0x1D4A3, 0x1D4A4},
  {0x1D4A7, 0x1D4A8},
  {0x1D4AD, 0x1D4AD},
  {0x1D4BA, 0x1D4BA},
  {0x1D4BC, 0x1D4BC},
  {0x1D4C4, 0x1D4C4},
  {0x1D506, 0x1D506},
  {0x1D50B, 0x1D50C},
  {0x1D515, 0x1D515},
  {0x1D51D, 0x1D51D},
  {0x1D53A, 0x1D53A},
  {0x1D53F, 0x1D53F},
  {0x1D545, 0x1D545},
  {0x1D547, 0x1D549},
  {0x1D551, 0x1D551},
  {0x1D6A6, 0x1D6A7},
  {0x1D7CC, 0x1D7CD},
  {0x1DA8C, 0x1DA9A},
  {0x1DAA0, 0x1DAA0},
  {0x1DAB0, 0x1DEFF},
  {0x1DF1F, 0x1DF24},
  {0x1DF2B, 0x1DFFF},
  {0x1E007, 0x1E007},
  {0x1E019, 0x1E01A},
  {0x1E022, 0x1E022},
  {0x1E025, 0x1E025},
  {0x1E02B, 0x1E02F},
  {0x1E06E, 0x1E08E},
  {0x1E090, 0x1E0FF},
  {0x1E12D, 0x1E12F},
  {0x1E13E, 0x1E13F},
  {0x1E14A, 0x1E14D},
  {0x1E150, 0x1E28F},
  {0x1E2AF, 0x1E2BF},
  {0x1E2FA, 0x1E2FE},
  {0x1E300, 0x1E4CF},
  {0x1E4FA, 0x1E5CF},
  {0x1E5FB, 0x1E5FE},
  {0x1E600, 0x1E6BF},
  {0x1E6DF, 0x1E6DF},
  {0x1E6F6, 0x1E6FD},
  {0x1E700, 0x1E7DF},
  {0x1E7E7, 0x1E7E7},
  {0x1E7EC, 0x1E7EC},
  {0x1E7EF, 0x1E7EF},
  {0x1E7FF, 0x1E7FF},
  {0x1E8C5, 0x1E8C6},
  {0x1E8D7, 0x1E8FF},
  {0x1E94C, 0x1E94F},
  {0x1E95A, 0x1E95D},
  {0x1E960, 0x1EC70},
  {0x1ECB5, 0x1ED00},
  {0x1ED3E, 0x1EDFF},
  {0x1EE04, 0x1EE04},
  {0x1EE20, 0x1EE20},
  {0x1EE23, 0x1EE23},
  {0x1EE25, 0x1EE26},
  {0x1EE28, 0x1EE28},
  {0x1EE33, 0x1EE33},
  {0x1EE38, 0x1EE38},
  {0x1EE3A, 0x1EE3A},
  {0x1EE3C, 0x1EE41},
  {0x1EE43, 0x1EE46},
  {0x1EE48, 0x1EE48},
  {0x1EE4A, 0x1EE4A},
  {0x1EE4C, 0x1EE4C},
  {0x1EE50, 0x1EE50},
  {0x1EE53, 0x1EE53},
  {0x1EE55, 0x1EE56},
  {0x1EE58, 0x1EE58},
  {0x1EE5A, 0x1EE5A},
  {0x1EE5C, 0x1EE5C},
  {0x1EE5E, 0x1EE5E},
  {0x1EE60, 0x1EE60},
  {0x1EE63, 0x1EE63},
  {0x1EE65, 0x1EE66},
  {0x1EE6B, 0x1EE6B},
  {0x1EE73, 0x1EE73},
  {0x1EE78, 0x1EE78},
  {0x1EE7D, 0x1EE7D},
  {0x1EE7F, 0x1EE7F},
  {0x1EE8A, 0x1EE8A},
  {0x1EE9C, 0x1EEA0},
  {0x1EEA4, 0x1EEA4},
  {0x1EEAA, 0x1EEAA},
  {0x1EEBC, 0x1EEEF},
  {0x1EEF2, 0x1EFFF},
  {0x1F02C, 0x1F02F},
  {0x1F094, 0x1F09F},
  {0x1F0AF, 0x1F0B0},
  {0x1F0C0, 0x1F0C0},
  {0x1F0D0, 0x1F0D0},
  {0x1F0F6, 0x1F0FF},
  {0x1F1AE, 0x1F1E5},
  {0x1F203, 0x1F20F},
  {0x1F23C, 0x1F23F},
  {0x1F249, 0x1F24F},
  {0x1F252, 0x1F25F},
  {0x1F266, 0x1F2FF},
  {0x1F6D9, 0x1F6DB},
  {0x1F6ED, 0x1F6EF},
  {0x1F6FD, 0x1F6FF},
  {0x1F7DA, 0x1F7DF},
  {0x1F7EC, 0x1F7EF},
  {0x1F7F1, 0x1F7FF},
  {0x1F80C, 0x1F80F},
  {0x1F848, 0x1F84F},
  {0x1F85A, 0x1F85F},
  {0x1F888, 0x1F88F},
  {0x1F8AE, 0x1F8AF},
  {0x1F8BC, 0x1F8BF},
  {0x1F8C2, 0x1F8CF},
  {0x1F8D9, 0x1F8FF},
  {0x1FA58, 0x1FA5F},
  {0x1FA6E, 0x1FA6F},
  {0x1FA7D, 0x1FA7F},
  {0x1FA8B, 0x1FA8D},
  {0x1FAC7, 0x1FAC7},
  {0x1FAC9, 0x1FACC},
  {0x1FADD, 0x1FADE},
  {0x1FAEB, 0x1FAEE},
  {0x1FAF9, 0x1FAFF},
  {0x1FB93, 0x1FB93},
  {0x1FBFB, 0x1FFFF},
  {0x2A6E0, 0x2A6FF},
  {0x2B81E, 0x2B81F},
  {0x2CEAE, 0x2CEAF},
  {0x2EBE1, 0x2EBEF},
  {0x2EE5E, 0x2F7FF},
  {0x2FA1E, 0x2FFFF},
  {0x3134B, 0x3134F},
  {0x3347A, 0xE0000},
  {0xE0002, 0xE001F},
  {0xE0080, 0xE00FF},
  {0xE01F0, 0xEFFFF},
  {0xFFFFE, 0xFFFFF},
  {0x10FFFE, 0x10FFFF},
  {0xE000, 0xF8FF},
  {0xF0000, 0xFFFFD},
  {0x100000, 0x10FFFD},
  {0xD800, 0xDFFF},
  {0x0041, 0x005A},
  {0x0061, 0x007A},
  {0x00AA, 0x00AA},
  {0x00B5, 0x00B5},
  {0x00BA, 0x00BA},
  {0x00C0, 0x00D6},
  {0x00D8, 0x00F6},
  {0x00F8, 0x02C1},
  {0x02C6, 0x02D1},
  {0x02E0, 0x02E4},
  {0x02EC, 0x02EC},
  {0x02EE, 0x02EE},
  {0x0370, 0x0374},
  {0x0376, 0x0377},
  {0x037A, 0x037D},
  {0x037F, 0x037F},
  {0x0386, 0x0386},
  {0x0388, 0x038A},
  {0x038C, 0x038C},
  {0x038E, 0x03A1},
  {0x03A3, 0x03F5},
  {0x03F7, 0x0481},
  {0x048A, 0x052F},
  {0x0531, 0x0556},
  {0x0559, 0x0559},
  {0x0560, 0x0588},
  {0x05D0, 0x05EA},
  {0x05EF, 0x05F2},
  {0x0620, 0x064A},
  {0x066E, 0x066F},
  {0x0671, 0x06D3},
  {0x06D5, 0x06D5},
  {0x06E5, 0x06E6},
  {0x06EE, 0x06EF},
  {0x06FA, 0x06FC},
  {0x06FF, 0x06FF},
  {0x0710, 0x0710},
  {0x0712, 0x072F},
  {0x074D, 0x07A5},
  {0x07B1, 0x07B1},
  {0x07CA, 0x07EA},
  {0x07F4, 0x07F5},
  {0x07FA, 0x07FA},
  {0x0800, 0x0815},
  {0x081A, 0x081A},
  {0x0824, 0x0824},
  {0x0828, 0x0828},
  {0x0840, 0x0858},
  {0x0860, 0x086A},
  {0x0870, 0x0887},
  {0x0889, 0x088F},
  {0x08A0, 0x08C9},
  {0x0904, 0x0939},
  {0x093D, 0x093D},
  {0x0950, 0x0950},
  {0x0958, 0x0961},
  {0x0971, 0x0980},
  {0x0985, 0x098C},
  {0x098F, 0x0990},
  {0x0993, 0x09A8},
  {0x09AA, 0x09B0},
  {0x09B2, 0x09B2},
  {0x09B6, 0x09B9},
  {0x09BD, 0x09BD},
  {0x09CE, 0x09CE},
  {0x09DC, 0x09DD},
  {0x09DF, 0x09E1},
  {0x09F0, 0x09F1},
  {0x09FC, 0x09FC},
  {0x0A05, 0x0A0A},
  {0x0A0F, 0x0A10},
  {0x0A13, 0x0A28},
  {0x0A2A, 0x0A30},
  {0x0A32, 0x0A33},
  {0x0A35, 0x0A36},
  {0x0A38, 0x0A39},
  {0x0A59, 0x0A5C},
  {0x0A5E, 0x0A5E},
  {0x0A72, 0x0A74},
  {0x0A85, 0x0A8D},
  {0x0A8F, 0x0A91},
  {0x0A93, 0x0AA8},
  {0x0AAA, 0x0AB0},
  {0x0AB2, 0x0AB3},
  {0x0AB5, 0x0AB9},
  {0x0ABD, 0x0ABD},
  {0x0AD0, 0x0AD0},
  {0x0AE0, 0x0AE1},
  {0x0AF9, 0x0AF9},
  {0x0B05, 0x0B0C},
  {0x0B0F, 0x0B10},
  {0x0B13, 0x0B28},
  {0x0B2A, 0x0B30},
  {0x0B32, 0x0B33},
  {0x0B35, 0x0B39},
  {0x0B3D, 0x0B3D},
  {0x0B5C, 0x0B5D},
  {0x0B5F, 0x0B61},
  {0x0B71, 0x0B71},
  {0x0B83, 0x0B83},
  {0x0B85, 0x0B8A},
  {0x0B8E, 0x0B90},
  {0x0B92, 0x0B95},
  {0x0B99, 0x0B9A},
  {0x0B9C, 0x0B9C},
  {0x0B9E, 0x0B9F},
  {0x0BA3, 0x0BA4},
  {0x0BA8, 0x0BAA},
  {0x0BAE, 0x0BB9},
  {0x0BD0, 0x0BD0},
  {0x0C05, 0x0C0C},
  {0x0C0E, 0x0C10},
  {0x0C12, 0x0C28},
  {0x0C2A, 0x0C39},
  {0x0C3D, 0x0C3D},
  {0x0C58, 0x0C5A},
  {0x0C5C, 0x0C5D},
  {0x0C60, 0x0C61},
  {0x0C80, 0x0C80},
  {0x0C85, 0x0C8C},
  {0x0C8E, 0x0C90},
  {0x0C92, 0x0CA8},
  {0x0CAA, 0x0CB3},
  {0x0CB5, 0x0CB9},
  {0x0CBD, 0x0CBD},
  {0x0CDC, 0x0CDE},
  {0x0CE0, 0x0CE1},
  {0x0CF1, 0x0CF2},
  {0x0D04, 0x0D0C},
  {0x0D0E, 0x0D10},
  {0x0D12, 0x0D3A},
  {0x0D3D, 0x0D3D},
  {0x0D4E, 0x0D4E},
  {0x0D54, 0x0D56},
  {0x0D5F, 0x0D61},
  {0x0D7A, 0x0D7F},
  {0x0D85, 0x0D96},
  {0x0D9A, 0x0DB1},
  {0x0DB3, 0x0DBB},
  {0x0DBD, 0x0DBD},
  {0x0DC0, 0x0DC6},
  {0x0E01, 0x0E30},
  {0x0E32, 0x0E33},
  {0x0E40, 0x0E46},
  {0x0E81, 0x0E82},
  {0x0E84, 0x0E84},
  {0x0E86, 0x0E8A},
  {0x0E8C, 0x0EA3},
  {0x0EA5, 0x0EA5},
  {0x0EA7, 0x0EB0},
  {0x0EB2, 0x0EB3},
  {0x0EBD, 0x0EBD},
  {0x0EC0, 0x0EC4},
  {0x0EC6, 0x0EC6},
  {0x0EDC, 0x0EDF},
  {0x0F00, 0x0F00},
  {0x0F40, 0x0F47},
  {0x0F49, 0x0F6C},
  {0x0F88, 0x0F8C},
  {0x1000, 0x102A},
  {0x103F, 0x103F},
  {0x1050, 0x1055},
  {0x105A, 0x105D},
  {0x1061, 0x1061},
  {0x1065, 0x1066},
  {0x106E, 0x1070},
  {0x1075, 0x1081},
  {0x108E, 0x108E},
  {0x10A0, 0x10C5},
  {0x10C7, 0x10C7},
  {0x10CD, 0x10CD},
  {0x10D0, 0x10FA},
  {0x10FC, 0x1248},
  {0x124A, 0x124D},
  {0x1250, 0x1256},
  {0x1258, 0x1258},
  {0x125A, 0x125D},
  {0x1260, 0x1288},
  {0x128A, 0x128D},
  {0x1290, 0x12B0},
  {0x12B2, 0x12B5},
  {0x12B8, 0x12BE},
  {0x12C0, 0x12C0},
  {0x12C2, 0x12C5},
  {0x12C8, 0x12D6},
  {0x12D8, 0x1310},
  {0x1312, 0x1315},
  {0x1318, 0x135A},
  {0x1380, 0x138F},
  {0x13A0, 0x13F5},
  {0x13F8, 0x13FD},
  {0x1401, 0x166C},
  {0x166F, 0x167F},
  {0x1681, 0x169A},
  {0x16A0, 0x16EA},
  {0x16F1, 0x16F8},
  {0x1700, 0x1711},
  {0x171F, 0x1731},
  {0x1740, 0x1751},
  {0x1760, 0x176C},
  {0x176E, 0x1770},
  {0x1780, 0x17B3},
  {0x17D7, 0x17D7},
  {0x17DC, 0x17DC},
  {0x1820, 0x1878},
  {0x1880, 0x1884},
  {0x1887, 0x18A8},
  {0x18AA, 0x18AA},
  {0x18B0, 0x18F5},
  {0x1900, 0x191E},
  {0x1950, 0x196D},
  {0x1970, 0x1974},
  {0x1980, 0x19AB},
  {0x19B0, 0x19C9},
  {0x1A00, 0x1A16},
  {0x1A20, 0x1A54},
  {0x1AA7, 0x1AA7},
  {0x1B05, 0x1B33},
  {0x1B45, 0x1B4C},
  {0x1B83, 0x1BA0},
  {0x1BAE, 0x1BAF},
  {0x1BBA, 0x1BE5},
  {0x1C00, 0x1C23},
  {0x1C4D, 0x1C4F},
  {0x1C5A, 0x1C7D},
  {0x1C80, 0x1C8A},
  {0x1C90, 0x1CBA},
  {0x1CBD, 0x1CBF},
  {0x1CE9, 0x1CEC},
  {0x1CEE, 0x1CF3},
  {0x1CF5, 0x1CF6},
  {0x1CFA, 0x1CFA},
  {0x1D00, 0x1DBF},
  {0x1E00, 0x1F15},
  {0x1F18, 0x1F1D},
  {0x1F20, 0x1F45},
  {0x1F48, 0x1F4D},
  {0x1F50, 0x1F57},
  {0x1F59, 0x1F59},
  {0x1F5B, 0x1F5B},
  {0x1F5D, 0x1F5D},
  {0x1F5F, 0x1F7D},
  {0x1F80, 0x1FB4},
  {0x1FB6, 0x1FBC},
  {0x1FBE, 0x1FBE},
  {0x1FC2, 0x1FC4},
  {0x1FC6, 0x1FCC},
  {0x1FD0, 0x1FD3},
  {0x1FD6, 0x1FDB},
  {0x1FE0, 0x1FEC},
  {0x1FF2, 0x1FF4},
  {0x1FF6, 0x1FFC},
  {0x2071, 0x2071},
  {0x207F, 0x207F},
  {0x2090, 0x209C},
  {0x2102, 0x2102},
  {0x2107, 0x2107},
  {0x210A, 0x2113},
  {0x2115, 0x2115},
  {0x2119, 0x211D},
  {0x2124, 0x2124},
  {0x2126, 0x2126},
  {0x2128, 0x2128},
  {0x212A, 0x212D},
  {0x212F, 0x2139},
  {0x213C, 0x213F},
  {0x2145, 0x2149},
  {0x214E, 0x214E},
  {0x2183, 0x2184},
  {0x2C00, 0x2CE4},
  {0x2CEB, 0x2CEE},
  {0x2CF2, 0x2CF3},
  {0x2D00, 0x2D25},
  {0x2D27, 0x2D27},
  {0x2D2D, 0x2D2D},
  {0x2D30, 0x2D67},
  {0x2D6F, 0x2D6F},
  {0x2D80, 0x2D96},
  {0x2DA0, 0x2DA6},
  {0x2DA8, 0x2DAE},
  {0x2DB0, 0x2DB6},
  {0x2DB8, 0x2DBE},
  {0x2DC0, 0x2DC6},
  {0x2DC8, 0x2DCE},
  {0x2DD0, 0x2DD6},
  {0x2DD8, 0x2DDE},
  {0x2E2F, 0x2E2F},
  {0x3005, 0x3006},
  {0x3031, 0x3035},
  {0x303B, 0x303C},
  {0x3041, 0x3096},
  {0x309D, 0x309F},
  {0x30A1, 0x30FA},
  {0x30FC, 0x30FF},
  {0x3105, 0x312F},
  {0x3131, 0x318E},
  {0x31A0, 0x31BF},
  {0x31F0, 0x31FF},
  {0x3400, 0x4DBF},
  {0x4E00, 0xA48C},
  {0xA4D0, 0xA4FD},
  {0xA500, 0xA60C},
  {0xA610, 0xA61F},
  {0xA62A, 0xA62B},
  {0xA640, 0xA66E},
  {0xA67F, 0xA69D},
  {0xA6A0, 0xA6E5},
  {0xA717, 0xA71F},
  {0xA722, 0xA788},
  {0xA78B, 0xA7DC},
  {0xA7F1, 0xA801},
  {0xA803, 0xA805},
  {0xA807, 0xA80A},
  {0xA80C, 0xA822},
  {0xA840, 0xA873},
  {0xA882, 0xA8B3},
  {0xA8F2, 0xA8F7},
  {0xA8FB, 0xA8FB},
  {0xA8FD, 0xA8FE},
  {0xA90A, 0xA925},
  {0xA930, 0xA946},
  {0xA960, 0xA97C},
  {0xA984, 0xA9B2},
  {0xA9CF, 0xA9CF},
  {0xA9E0, 0xA9E4},
  {0xA9E6, 0xA9EF},
  {0xA9FA, 0xA9FE},
  {0xAA00, 0xAA28},
  {0xAA40, 0xAA42},
  {0xAA44, 0xAA4B},
  {0xAA60, 0xAA76},
  {0xAA7A, 0xAA7A},
  {0xAA7E, 0xAAAF},
  {0xAAB1, 0xAAB1},
  {0xAAB5, 0xAAB6},
  {0xAAB9, 0xAABD},
  {0xAAC0, 0xAAC0},
  {0xAAC2, 0xAAC2},
  {0xAADB, 0xAADD},
  {0xAAE0, 0xAAEA},
  {0xAAF2, 0xAAF4},
  {0xAB01, 0xAB06},
  {0xAB09, 0xAB0E},
  {0xAB11, 0xAB16},
  {0xAB20, 0xAB26},
  {0xAB28, 0xAB2E},
  {0xAB30, 0xAB5A},
  {0xAB5C, 0xAB69},
  {0xAB70, 0xABE2},
  {0xAC00, 0xD7A3},
  {0xD7B0, 0xD7C6},
  {0xD7CB, 0xD7FB},
  {0xF900, 0xFA6D},
  {0xFA70, 0xFAD9},
  {0xFB00, 0xFB06},
  {0xFB13, 0xFB17},
  {0xFB1D, 0xFB1D},
  {0xFB1F, 0xFB28},
  {0xFB2A, 0xFB36},
  {0xFB38, 0xFB3C},
  {0xFB3E, 0xFB3E},
  {0xFB40, 0xFB41},
  {0xFB43, 0xFB44},
  {0xFB46, 0xFBB1},
  {0xFBD3, 0xFD3D},
  {0xFD50, 0xFD8F},
  {0xFD92, 0xFDC7},
  {0xFDF0, 0xFDFB},
  {0xFE70, 0xFE74},
  {0xFE76, 0xFEFC},
  {0xFF21, 0xFF3A},
  {0xFF41, 0xFF5A},
  {0xFF66, 0xFFBE},
  {0xFFC2, 0xFFC7},
  {0xFFCA, 0xFFCF},
  {0xFFD2, 0xFFD7},
  {0xFFDA, 0xFFDC},
  {0x10000, 0x1000B},
  {0x1000D, 0x10026},
  {0x10028, 0x1003A},
  {0x1003C, 0x1003D},
  {0x1003F, 0x1004D},
  {0x10050, 0x1005D},
  {0x10080, 0x100FA},
  {0x10280, 0x1029C},
  {0x102A0, 0x102D0},
  {0x10300, 0x1031F},
  {0x1032D, 0x10340},
  {0x10342, 0x10349},
  {0x10350, 0x10375},
  {0x10380, 0x1039D},
  {0x103A0, 0x103C3},
  {0x103C8, 0x103CF},
  {0x10400, 0x1049D},
  {0x104B0, 0x104D3},
  {0x104D8, 0x104FB},
  {0x10500, 0x10527},
  {0x10530, 0x10563},
  {0x10570, 0x1057A},
  {0x1057C, 0x1058A},
  {0x1058C, 0x10592},
  {0x10594, 0x10595},
  {0x10597, 0x105A1},
  {0x105A3, 0x105B1},
  {0x105B3, 0x105B9},
  {0x105BB, 0x105BC},
  {0x105C0, 0x105F3},
  {0x10600, 0x10736},
  {0x10740, 0x10755},
  {0x10760, 0x10767},
  {0x10780, 0x10785},
  {0x10787, 0x107B0},
  {0x107B2, 0x107BA},
  {0x10800, 0x10805},
  {0x10808, 0x10808},
  {0x1080A, 0x10835},
  {0x10837, 0x10838},
  {0x1083C, 0x1083C},
  {0x1083F, 0x10855},
  {0x10860, 0x10876},
  {0x10880, 0x1089E},
  {0x108E0, 0x108F2},
  {0x108F4, 0x108F5},
  {0x10900, 0x10915},
  {0x10920, 0x10939},
  {0x10940, 0x10959},
  {0x10980, 0x109B7},
  {0x109BE, 0x109BF},
  {0x10A00, 0x10A00},
  {0x10A10, 0x10A13},
  {0x10A15, 0x10A17},
  {0x10A19, 0x10A35},
  {0x10A60, 0x10A7C},
  {0x10A80, 0x10A9C},
  {0x10AC0, 0x10AC7},
  {0x10AC9, 0x10AE4},
  {0x10B00, 0x10B35},
  {0x10B40, 0x10B55},
  {0x10B60, 0x10B72},
  {0x10B80, 0x10B91},
  {0x10C00, 0x10C48},
  {0x10C80, 0x10CB2},
  {0x10CC0, 0x10CF2},
  {0x10D00, 0x10D23},
  {0x10D4A, 0x10D65},
  {0x10D6F, 0x10D85},
  {0x10E80, 0x10EA9},
  {0x10EB0, 0x10EB1},
  {0x10EC2, 0x10EC7},
  {0x10F00, 0x10F1C},
  {0x10F27, 0x10F27},
  {0x10F30, 0x10F45},
  {0x10F70, 0x10F81},
  {0x10FB0, 0x10FC4},
  {0x10FE0, 0x10FF6},
  {0x11003, 0x11037},
  {0x11071, 0x11072},
  {0x11075, 0x11075},
  {0x11083, 0x110AF},
  {0x110D0, 0x110E8},
  {0x11103, 0x11126},
  {0x11144, 0x11144},
  {0x11147, 0x11147},
  {0x11150, 0x11172},
  {0x11176, 0x11176},
  {0x11183, 0x111B2},
  {0x111C1, 0x111C4},
  {0x111DA, 0x111DA},
  {0x111DC, 0x111DC},
  {0x11200, 0x11211},
  {0x11213, 0x1122B},
  {0x1123F, 0x11240},
  {0x11280, 0x11286},
  {0x11288, 0x11288},
  {0x1128A, 0x1128D},
  {0x1128F, 0x1129D},
  {0x1129F, 0x112A8},
  {0x112B0, 0x112DE},
  {0x11305, 0x1130C},
  {0x1130F, 0x11310},
  {0x11313, 0x11328},
  {0x1132A, 0x11330},
  {0x11332, 0x11333},
  {0x11335, 0x11339},
  {0x1133D, 0x1133D},
  {0x11350, 0x11350},
  {0x1135D, 0x11361},
  {0x11380, 0x11389},
  {0x1138B, 0x1138B},
  {0x1138E, 0x1138E},
  {0x11390, 0x113B5},
  {0x113B7, 0x113B7},
  {0x113D1, 0x113D1},
  {0x113D3, 0x113D3},
  {0x11400, 0x11434},
  {0x11447, 0x1144A},
  {0x1145F, 0x11461},
  {0x11480, 0x114AF},
  {0x114C4, 0x114C5},
  {0x114C7, 0x114C7},
  {0x11580, 0x115AE},
  {0x115D8, 0x115DB},
  {0x11600, 0x1162F},
  {0x11644, 0x11644},
  {0x11680, 0x116AA},
  {0x116B8, 0x116B8},
  {0x11700, 0x1171A},
  {0x11740, 0x11746},
  {0x11800, 0x1182B},
  {0x118A0, 0x118DF},
  {0x118FF, 0x11906},
  {0x11909, 0x11909},
  {0x1190C, 0x11913},
  {0x11915, 0x11916},
  {0x11918, 0x1192F},
  {0x1193F, 0x1193F},
  {0x11941, 0x11941},
  {0x119A0, 0x119A7},
  {0x119AA, 0x119D0},
  {0x119E1, 0x119E1},
  {0x119E3, 0x119E3},
  {0x11A00, 0x11A00},
  {0x11A0B, 0x11A32},
  {0x11A3A, 0x11A3A},
  {0x11A50, 0x11A50},
  {0x11A5C, 0x11A89},
  {0x11A9D, 0x11A9D},
  {0x11AB0, 0x11AF8},
  {0x11BC0, 0x11BE0},
  {0x11C00, 0x11C08},
  {0x11C0A, 0x11C2E},
  {0x11C40, 0x11C40},
  {0x11C72, 0x11C8F},
  {0x11D00, 0x11D06},
  {0x11D08, 0x11D09},
  {0x11D0B, 0x11D30},
  {0x11D46, 0x11D46},
  {0x11D60, 0x11D65},
  {0x11D67, 0x11D68},
  {0x11D6A, 0x11D89},
  {0x11D98, 0x11D98},
  {0x11DB0, 0x11DDB},
  {0x11EE0, 0x11EF2},
  {0x11F02, 0x11F02},
  {0x11F04, 0x11F10},
  {0x11F12, 0x11F33},
  {0x11FB0, 0x11FB0},
  {0x12000, 0x12399},
  {0x12480, 0x12543},
  {0x12F90, 0x12FF0},
  {0x13000, 0x1342F},
  {0x13441, 0x13446},
  {0x13460, 0x143FA},
  {0x14400, 0x14646},
  {0x16100, 0x1611D},
  {0x16800, 0x16A38},
  {0x16A40, 0x16A5E},
  {0x16A70, 0x16ABE},
  {0x16AD0, 0x16AED},
  {0x16B00, 0x16B2F},
  {0x16B40, 0x16B43},
  {0x16B63, 0x16B77},
  {0x16B7D, 0x16B8F},
  {0x16D40, 0x16D6C},
  {0x16E40, 0x16E7F},
  {0x16EA0, 0x16EB8},
  {0x16EBB, 0x16ED3},
  {0x16F00, 0x16F4A},
  {0x16F50, 0x16F50},
  {0x16F93, 0x16F9F},
  {0x16FE0, 0x16FE1},
  {0x16FE3, 0x16FE3},
  {0x16FF2, 0x16FF3},
  {0x17000, 0x18CD5},
  {0x18CFF, 0x18D1E},
  {0x18D80, 0x18DF2},
  {0x1AFF0, 0x1AFF3},
  {0x1AFF5, 0x1AFFB},
  {0x1AFFD, 0x1AFFE},
  {0x1B000, 0x1B122},
  {0x1B132, 0x1B132},
  {0x1B150, 0x1B152},
  {0x1B155, 0x1B155},
  {0x1B164, 0x1B167},
  {0x1B170, 0x1B2FB},
  {0x1BC00, 0x1BC6A},
  {0x1BC70, 0x1BC7C},
  {0x1BC80, 0x1BC88},
  {0x1BC90, 0x1BC99},
  {0x1D400, 0x1D454},
  {0x1D456, 0x1D49C},
  {0x1D49E, 0x1D49F},
  {0x1D4A2, 0x1D4A2},
  {0x1D4A5, 0x1D4A6},
  {0x1D4A9, 0x1D4AC},
  {0x1D4AE, 0x1D4B9},
  {0x1D4BB, 0x1D4BB},
  {0x1D4BD, 0x1D4C3},
  {0x1D4C5, 0x1D505},
  {0x1D507, 0x1D50A},
  {0x1D50D, 0x1D514},
  {0x1D516, 0x1D51C},
  {0x1D51E, 0x1D539},
  {0x1D53B, 0x1D53E},
  {0x1D540, 0x1D544},
  {0x1D546, 0x1D546},
  {0x1D54A, 0x1D550},
  {0x1D552, 0x1D6A5},
  {0x1D6A8, 0x1D6C0},
  {0x1D6C2, 0x1D6DA},
  {0x1D6DC, 0x1D6FA},
  {0x1D6FC, 0x1D714},
  {0x1D716, 0x1D734},
  {0x1D736, 0x1D74E},
  {0x1D750, 0x1D76E},
  {0x1D770, 0x1D788},
  {0x1D78A, 0x1D7A8},
  {0x1D7AA, 0x1D7C2},
  {0x1D7C4, 0x1D7CB},
  {0x1DF00, 0x1DF1E},
  {0x1DF25, 0x1DF2A},
  {0x1E030, 0x1E06D},
  {0x1E100, 0x1E12C},
  {0x1E137, 0x1E13D},
  {0x1E14E, 0x1E14E},
  {0x1E290, 0x1E2AD},
  {0x1E2C0, 0x1E2EB},
  {0x1E4D0, 0x1E4EB},
  {0x1E5D0, 0x1E5ED},
  {0x1E5F0, 0x1E5F0},
  {0x1E6C0, 0x1E6DE},
  {0x1E6E0, 0x1E6E2},
  {0x1E6E4, 0x1E6E5},
  {0x1E6E7, 0x1E6ED},
  {0x1E6F0, 0x1E6F4},
  {0x1E6FE, 0x1E6FF},
  {0x1E7E0, 0x1E7E6},
  {0x1E7E8, 0x1E7EB},
  {0x1E7ED, 0x1E7EE},
  {0x1E7F0, 0x1E7FE},
  {0x1E800, 0x1E8C4},
  {0x1E900, 0x1E943},
  {0x1E94B, 0x1E94B},
  {0x1EE00, 0x1EE03},
  {0x1EE05, 0x1EE1F},
  {0x1EE21, 0x1EE22},
  {0x1EE24, 0x1EE24},
  {0x1EE27, 0x1EE27},
  {0x1EE29, 0x1EE32},
  {0x1EE34, 0x1EE37},
  {0x1EE39, 0x1EE39},
  {0x1EE3B, 0x1EE3B},
  {0x1EE42, 0x1EE42},
  {0x1EE47, 0x1EE47},
  {0x1EE49, 0x1EE49},
  {0x1EE4B, 0x1EE4B},
  {0x1EE4D, 0x1EE4F},
  {0x1EE51, 0x1EE52},
  {0x1EE54, 0x1EE54},
  {0x1EE57, 0x1EE57},
  {0x1EE59, 0x1EE59},
  {0x1EE5B, 0x1EE5B},
  {0x1EE5D, 0x1EE5D},
  {0x1EE5F, 0x1EE5F},
  {0x1EE61, 0x1EE62},
  {0x1EE64, 0x1EE64},
  {0x1EE67, 0x1EE6A},
  {0x1EE6C, 0x1EE72},
  {0x1EE74, 0x1EE77},
  {0x1EE79, 0x1EE7C},
  {0x1EE7E, 0x1EE7E},
  {0x1EE80, 0x1EE89},
  {0x1EE8B, 0x1EE9B},
  {0x1EEA1, 0x1EEA3},
  {0x1EEA5, 0x1EEA9},
  {0x1EEAB, 0x1EEBB},
  {0x20000, 0x2A6DF},
  {0x2A700, 0x2B81D},
  {0x2B820, 0x2CEAD},
  {0x2CEB0, 0x2EBE0},
  {0x2EBF0, 0x2EE5D},
  {0x2F800, 0x2FA1D},
  {0x30000, 0x3134A},
  {0x31350, 0x33479},
  {0x0041, 0x005A},
  {0x0061, 0x007A},
  {0x00B5, 0x00B5},
  {0x00C0, 0x00D6},
  {0x00D8, 0x00F6},
  {0x00F8, 0x01BA},
  {0x01BC, 0x01BF},
  {0x01C4, 0x0293},
  {0x0296, 0x02AF},
  {0x0370, 0x0373},
  {0x0376, 0x0377},
  {0x037B, 0x037D},
  {0x037F, 0x037F},
  {0x0386, 0x0386},
  {0x0388, 0x038A},
  {0x038C, 0x038C},
  {0x038E, 0x03A1},
  {0x03A3, 0x03F5},
  {0x03F7, 0x0481},
  {0x048A, 0x052F},
  {0x0531, 0x0556},
  {0x0560, 0x0588},
  {0x10A0, 0x10C5},
  {0x10C7, 0x10C7},
  {0x10CD, 0x10CD},
  {0x10D0, 0x10FA},
  {0x10FD, 0x10FF},
  {0x13A0, 0x13F5},
  {0x13F8, 0x13FD},
  {0x1C80, 0x1C8A},
  {0x1C90, 0x1CBA},
  {0x1CBD, 0x1CBF},
  {0x1D00, 0x1D2B},
  {0x1D6B, 0x1D77},
  {0x1D79, 0x1D9A},
  {0x1E00, 0x1F15},
  {0x1F18, 0x1F1D},
  {0x1F20, 0x1F45},
  {0x1F48, 0x1F4D},
  {0x1F50, 0x1F57},
  {0x1F59, 0x1F59},
  {0x1F5B, 0x1F5B},
  {0x1F5D, 0x1F5D},
  {0x1F5F, 0x1F7D},
  {0x1F80, 0x1FB4},
  {0x1FB6, 0x1FBC},
  {0x1FBE, 0x1FBE},
  {0x1FC2, 0x1FC4},
  {0x1FC6, 0x1FCC},
  {0x1FD0, 0x1FD3},
  {0x1FD6, 0x1FDB},
  {0x1FE0, 0x1FEC},
  {0x1FF2, 0x1FF4},
  {0x1FF6, 0x1FFC},
  {0x2102, 0x2102},
  {0x2107, 0x2107},
  {0x210A, 0x2113},
  {0x2115, 0x2115},
  {0x2119, 0x211D},
  {0x2124, 0x2124},
  {0x2126, 0x2126},
  {0x2128, 0x2128},
  {0x212A, 0x212D},
  {0x212F, 0x2134},
  {0x2139, 0x2139},
  {0x213C, 0x213F},
  {0x2145, 0x2149},
  {0x214E, 0x214E},
  {0x2183, 0x2184},
  {0x2C00, 0x2C7B},
  {0x2C7E, 0x2CE4},
  {0x2CEB, 0x2CEE},
  {0x2CF2, 0x2CF3},
  {0x2D00, 0x2D25},
  {0x2D27, 0x2D27},
  {0x2D2D, 0x2D2D},
  {0xA640, 0xA66D},
  {0xA680, 0xA69B},
  {0xA722, 0xA76F},
  {0xA771, 0xA787},
  {0xA78B, 0xA78E},
  {0xA790, 0xA7DC},
  {0xA7F5, 0xA7F6},
  {0xA7FA, 0xA7FA},
  {0xAB30, 0xAB5A},
  {0xAB60, 0xAB68},
  {0xAB70, 0xABBF},
  {0xFB00, 0xFB06},
  {0xFB13, 0xFB17},
  {0xFF21, 0xFF3A},
  {0xFF41, 0xFF5A},
  {0x10400, 0x1044F},
  {0x104B0, 0x104D3},
  {0x104D8, 0x104FB},
  {0x10570, 0x1057A},
  {0x1057C, 0x1058A},
  {0x1058C, 0x10592},
  {0x10594, 0x10595},
  {0x10597, 0x105A1},
  {0x105A3, 0x105B1},
  {0x105B3, 0x105B9},
  {0x105BB, 0x105BC},
  {0x10C80, 0x10CB2},
  {0x10CC0, 0x10CF2},
  {0x10D50, 0x10D65},
  {0x10D70, 0x10D85},
  {0x118A0, 0x118DF},
  {0x16E40, 0x16E7F},
  {0x16EA0, 0x16EB8},
  {0x16EBB, 0x16ED3},
  {0x1D400, 0x1D454},
  {0x1D456, 0x1D49C},
  {0x1D49E, 0x1D49F},
  {0x1D4A2, 0x1D4A2},
  {0x1D4A5, 0x1D4A6},
  {0x1D4A9, 0x1D4AC},
  {0x1D4AE, 0x1D4B9},
  {0x1D4BB, 0x1D4BB},
  {0x1D4BD, 0x1D4C3},
  {0x1D4C5, 0x1D505},
  {0x1D507, 0x1D50A},
  {0x1D50D, 0x1D514},
  {0x1D516, 0x1D51C},
  {0x1D51E, 0x1D539},
  {0x1D53B, 0x1D53E},
  {0x1D540, 0x1D544},
  {0x1D546, 0x1D546},
  {0x1D54A, 0x1D550},
  {0x1D552, 0x1D6A5},
  {0x1D6A8, 0x1D6C0},
  {0x1D6C2, 0x1D6DA},
  {0x1D6DC, 0x1D6FA},
  {0x1D6FC, 0x1D714},
  {0x1D716, 0x1D734},
  {0x1D736, 0x1D74E},
  {0x1D750, 0x1D76E},
  {0x1D770, 0x1D788},
  {0x1D78A, 0x1D7A8},
  {0x1D7AA, 0x1D7C2},
  {0x1D7C4, 0x1D7CB},
  {0x1DF00, 0x1DF09},
  {0x1DF0B, 0x1DF1E},
  {0x1DF25, 0x1DF2A},
  {0x1E900, 0x1E943},
  {0x0061, 0x007A},
  {0x00B5, 0x00B5},
  {0x00DF, 0x00F6},
  {0x00F8, 0x00FF},
  {0x0101, 0x0101},
  {0x0103, 0x0103},
  {0x0105, 0x0105},
  {0x0107, 0x0107},
  {0x0109, 0x0109},
  {0x010B, 0x010B},
  {0x010D, 0x010D},
  {0x010F, 0x010F},
  {0x0111, 0x0111},
  {0x0113, 0x0113},
  {0x0115, 0x0115},
  {0x0117, 0x0117},
  {0x0119, 0x0119},
  {0x011B, 0x011B},
  {0x011D, 0x011D},
  {0x011F, 0x011F},
  {0x0121, 0x0121},
  {0x0123, 0x0123},
  {0x0125, 0x0125},
  {0x0127, 0x0127},
  {0x0129, 0x0129},
  {0x012B, 0x012B},
  {0x012D, 0x012D},
  {0x012F, 0x012F},
  {0x0131, 0x0131},
  {0x0133, 0x0133},
  {0x0135, 0x0135},
  {0x0137, 0x0138},
  {0x013A, 0x013A},
  {0x013C, 0x013C},
  {0x013E, 0x013E},
  {0x0140, 0x0140},
  {0x0142, 0x0142},
  {0x0144, 0x0144},
  {0x0146, 0x0146},
  {0x0148, 0x0149},
  {0x014B, 0x014B},
  {0x014D, 0x014D},
  {0x014F, 0x014F},
  {0x0151, 0x0151},
  {0x0153, 0x0153},
  {0x0155, 0x0155},
  {0x0157, 0x0157},
  {0x0159, 0x0159},
  {0x015B, 0x015B},
  {0x015D, 0x015D},
  {0x015F, 0x015F},
  {0x0161, 0x0161},
  {0x0163, 0x0163},
  {0x0165, 0x0165},
  {0x0167, 0x0167},
  {0x0169, 0x0169},
  {0x016B, 0x016B},
  {0x016D, 0x016D},
  {0x016F, 0x016F},
  {0x0171, 0x0171},
  {0x0173, 0x0173},
  {0x0175, 0x0175},
  {0x0177, 0x0177},
  {0x017A, 0x017A},
  {0x017C, 0x017C},
  {0x017E, 0x0180},
  {0x0183, 0x0183},
  {0x0185, 0x0185},
  {0x0188, 0x0188},
  {0x018C, 0x018D},
  {0x0192, 0x0192},
  {0x0195, 0x0195},
  {0x0199, 0x019B},
  {0x019E, 0x019E},
  {0x01A1, 0x01A1},
  {0x01A3, 0x01A3},
  {0x01A5, 0x01A5},
  {0x01A8, 0x01A8},
  {0x01AA, 0x01AB},
  {0x01AD, 0x01AD},
  {0x01B0, 0x01B0},
  {0x01B4, 0x01B4},
  {0x01B6, 0x01B6},
  {0x01B9, 0x01BA},
  {0x01BD, 0x01BF},
  {0x01C6, 0x01C6},
  {0x01C9, 0x01C9},
  {0x01CC, 0x01CC},
  {0x01CE, 0x01CE},
  {0x01D0, 0x01D0},
  {0x01D2, 0x01D2},
  {0x01D4, 0x01D4},
  {0x01D6, 0x01D6},
  {0x01D8, 0x01D8},
  {0x01DA, 0x01DA},
  {0x01DC, 0x01DD},
  {0x01DF, 0x01DF},
  {0x01E1, 0x01E1},
  {0x01E3, 0x01E3},
  {0x01E5, 0x01E5},
  {0x01E7, 0x01E7},
  {0x01E9, 0x01E9},
  {0x01EB, 0x01EB},
  {0x01ED, 0x01ED},
  {0x01EF, 0x01F0},
  {0x01F3, 0x01F3},
  {0x01F5, 0x01F5},
  {0x01F9, 0x01F9},
  {0x01FB, 0x01FB},
  {0x01FD, 0x01FD},
  {0x01FF, 0x01FF},
  {0x0201, 0x0201},
  {0x0203, 0x0203},
  {0x0205, 0x0205},
  {0x0207, 0x0207},
  {0x0209, 0x0209},
  {0x020B, 0x020B},
  {0x020D, 0x020D},
  {0x020F, 0x020F},
  {0x0211, 0x0211},
  {0x0213, 0x0213},
  {0x0215, 0x0215},
  {0x0217, 0x0217},
  {0x0219, 0x0219},
  {0x021B, 0x021B},
  {0x021D, 0x021D},
  {0x021F, 0x021F},
  {0x0221, 0x0221},
  {0x0223, 0x0223},
  {0x0225, 0x0225},
  {0x0227, 0x0227},
  {0x0229, 0x0229},
  {0x022B, 0x022B},
  {0x022D, 0x022D},
  {0x022F, 0x022F},
  {0x0231, 0x0231},
  {0x0233, 0x0239},
  {0x023C, 0x023C},
  {0x023F, 0x0240},
  {0x0242, 0x0242},
  {0x0247, 0x0247},
  {0x0249, 0x0249},
  {0x024B, 0x024B},
  {0x024D, 0x024D},
  {0x024F, 0x0293},
  {0x0296, 0x02AF},
  {0x0371, 0x0371},
  {0x0373, 0x0373},
  {0x0377, 0x0377},
  {0x037B, 0x037D},
  {0x0390, 0x0390},
  {0x03AC, 0x03CE},
  {0x03D0, 0x03D1},
  {0x03D5, 0x03D7},
  {0x03D9, 0x03D9},
  {0x03DB, 0x03DB},
  {0x03DD, 0x03DD},
  {0x03DF, 0x03DF},
  {0x03E1, 0x03E1},
  {0x03E3, 0x03E3},
  {0x03E5, 0x03E5},
  {0x03E7, 0x03E7},
  {0x03E9, 0x03E9},
  {0x03EB, 0x03EB},
  {0x03ED, 0x03ED},
  {0x03EF, 0x03F3},
  {0x03F5, 0x03F5},
  {0x03F8, 0x03F8},
  {0x03FB, 0x03FC},
  {0x0430, 0x045F},
  {0x0461, 0x0461},
  {0x0463, 0x0463},
  {0x0465, 0x0465},
  {0x0467, 0x0467},
  {0x0469, 0x0469},
  {0x046B, 0x046B},
  {0x046D, 0x046D},
  {0x046F, 0x046F},
  {0x0471, 0x0471},
  {0x0473, 0x0473},
  {0x0475, 0x0475},
  {0x0477, 0x0477},
  {0x0479, 0x0479},
  {0x047B, 0x047B},
  {0x047D, 0x047D},
  {0x047F, 0x047F},
  {0x0481, 0x0481},
  {0x048B, 0x048B},
  {0x048D, 0x048D},
  {0x048F, 0x048F},
  {0x0491, 0x0491},
  {0x0493, 0x0493},
  {0x0495, 0x0495},
  {0x0497, 0x0497},
  {0x0499, 0x0499},
  {0x049B, 0x049B},
  {0x049D, 0x049D},
  {0x049F, 0x049F},
  {0x04A1, 0x04A1},
  {0x04A3, 0x04A3},
  {0x04A5, 0x04A5},
  {0x04A7, 0x04A7},
  {0x04A9, 0x04A9},
  {0x04AB, 0x04AB},
  {0x04AD, 0x04AD},
  {0x04AF, 0x04AF},
  {0x04B1, 0x04B1},
  {0x04B3, 0x04B3},
  {0x04B5, 0x04B5},
  {0x04B7, 0x04B7},
  {0x04B9, 0x04B9},
  {0x04BB, 0x04BB},
  {0x04BD, 0x04BD},
  {0x04BF, 0x04BF},
  {0x04C2, 0x04C2},
  {0x04C4, 0x04C4},
  {0x04C6, 0x04C6},
  {0x04C8, 0x04C8},
  {0x04CA, 0x04CA},
  {0x04CC, 0x04CC},
  {0x04CE, 0x04CF},
  {0x04D1, 0x04D1},
  {0x04D3, 0x04D3},
  {0x04D5, 0x04D5},
  {0x04D7, 0x04D7},
  {0x04D9, 0x04D9},
  {0x04DB, 0x04DB},
  {0x04DD, 0x04DD},
  {0x04DF, 0x04DF},
  {0x04E1, 0x04E1},
  {0x04E3, 0x04E3},
  {0x04E5, 0x04E5},
  {0x04E7, 0x04E7},
  {0x04E9, 0x04E9},
  {0x04EB, 0x04EB},
  {0x04ED, 0x04ED},
  {0x04EF, 0x04EF},
  {0x04F1, 0x04F1},
  {0x04F3, 0x04F3},
  {0x04F5, 0x04F5},
  {0x04F7, 0x04F7},
  {0x04F9, 0x04F9},
  {0x04FB, 0x04FB},
  {0x04FD, 0x04FD},
  {0x04FF, 0x04FF},
  {0x0501, 0x0501},
  {0x0503, 0x0503},
  {0x0505, 0x0505},
  {0x0507, 0x0507},
  {0x0509, 0x0509},
  {0x050B, 0x050B},
  {0x050D, 0x050D},
  {0x050F, 0x050F},
  {0x0511, 0x0511},
  {0x0513, 0x0513},
  {0x0515, 0x0515},
  {0x0517, 0x0517},
  {0x0519, 0x0519},
  {0x051B, 0x051B},
  {0x051D, 0x051D},
  {0x051F, 0x051F},
  {0x0521, 0x0521},
  {0x0523, 0x0523},
  {0x0525, 0x0525},
  {0x0527, 0x0527},
  {0x0529, 0x0529},
  {0x052B, 0x052B},
  {0x052D, 0x052D},
  {0x052F, 0x052F},
  {0x0560, 0x0588},
  {0x10D0, 0x10FA},
  {0x10FD, 0x10FF},
  {0x13F8, 0x13FD},
  {0x1C80, 0x1C88},
  {0x1C8A, 0x1C8A},
  {0x1D00, 0x1D2B},
  {0x1D6B, 0x1D77},
  {0x1D79, 0x1D9A},
  {0x1E01, 0x1E01},
  {0x1E03, 0x1E03},
  {0x1E05, 0x1E05},
  {0x1E07, 0x1E07},
  {0x1E09, 0x1E09},
  {0x1E0B, 0x1E0B},
  {0x1E0D, 0x1E0D},
  {0x1E0F, 0x1E0F},
  {0x1E11, 0x1E11},
  {0x1E13, 0x1E13},
  {0x1E15, 0x1E15},
  {0x1E17, 0x1E17},
  {0x1E19, 0x1E19},
  {0x1E1B, 0x1E1B},
  {0x1E1D, 0x1E1D},
  {0x1E1F, 0x1E1F},
  {0x1E21, 0x1E21},
  {0x1E23, 0x1E23},
  {0x1E25, 0x1E25},
  {0x1E27, 0x1E27},
  {0x1E29, 0x1E29},
  {0x1E2B, 0x1E2B},
  {0x1E2D, 0x1E2D},
  {0x1E2F, 0x1E2F},
  {0x1E31, 0x1E31},
  {0x1E33, 0x1E33},
  {0x1E35, 0x1E35},
  {0x1E37, 0x1E37},
  {0x1E39, 0x1E39},
  {0x1E3B, 0x1E3B},
  {0x1E3D, 0x1E3D},
  {0x1E3F, 0x1E3F},
  {0x1E41, 0x1E41},
  {0x1E43, 0x1E43},
  {0x1E45, 0x1E45},
  {0x1E47, 0x1E47},
  {0x1E49, 0x1E49},
  {0x1E4B, 0x1E4B},
  {0x1E4D, 0x1E4D},
  {0x1E4F, 0x1E4F},
  {0x1E51, 0x1E51},
  {0x1E53, 0x1E53},
  {0x1E55, 0x1E55},
  {0x1E57, 0x1E57},
  {0x1E59, 0x1E59},
  {0x1E5B, 0x1E5B},
  {0x1E5D, 0x1E5D},
  {0x1E5F, 0x1E5F},
  {0x1E61, 0x1E61},
  {0x1E63, 0x1E63},
  {0x1E65, 0x1E65},
  {0x1E67, 0x1E67},
  {0x1E69, 0x1E69},
  {0x1E6B, 0x1E6B},
  {0x1E6D, 0x1E6D},
  {0x1E6F, 0x1E6F},
  {0x1E71, 0x1E71},
  {0x1E73, 0x1E73},
  {0x1E75, 0x1E75},
  {0x1E77, 0x1E77},
  {0x1E79, 0x1E79},
  {0x1E7B, 0x1E7B},
  {0x1E7D, 0x1E7D},
  {0x1E7F, 0x1E7F},
  {0x1E81, 0x1E81},
  {0x1E83, 0x1E83},
  {0x1E85, 0x1E85},
  {0x1E87, 0x1E87},
  {0x1E89, 0x1E89},
  {0x1E8B, 0x1E8B},
  {0x1E8D, 0x1E8D},
  {0x1E8F, 0x1E8F},
  {0x1E91, 0x1E91},
  {0x1E93, 0x1E93},
  {0x1E95, 0x1E9D},
  {0x1E9F, 0x1E9F},
  {0x1EA1, 0x1EA1},
  {0x1EA3, 0x1EA3},
  {0x1EA5, 0x1EA5},
  {0x1EA7, 0x1EA7},
  {0x1EA9, 0x1EA9},
  {0x1EAB, 0x1EAB},
  {0x1EAD, 0x1EAD},
  {0x1EAF, 0x1EAF},
  {0x1EB1, 0x1EB1},
  {0x1EB3, 0x1EB3},
  {0x1EB5, 0x1EB5},
  {0x1EB7, 0x1EB7},
  {0x1EB9, 0x1EB9},
  {0x1EBB, 0x1EBB},
  {0x1EBD, 0x1EBD},
  {0x1EBF, 0x1EBF},
  {0x1EC1, 0x1EC1},
  {0x1EC3, 0x1EC3},
  {0x1EC5, 0x1EC5},
  {0x1EC7, 0x1EC7},
  {0x1EC9, 0x1EC9},
  {0x1ECB, 0x1ECB},
  {0x1ECD, 0x1ECD},
  {0x1ECF, 0x1ECF},
  {0x1ED1, 0x1ED1},
  {0x1ED3, 0x1ED3},
  {0x1ED5, 0x1ED5},
  {0x1ED7, 0x1ED7},
  {0x1ED9, 0x1ED9},
  {0x1EDB, 0x1EDB},
  {0x1EDD, 0x1EDD},
  {0x1EDF, 0x1EDF},
  {0x1EE1, 0x1EE1},
  {0x1EE3, 0x1EE3},
  {0x1EE5, 0x1EE5},
  {0x1EE7, 0x1EE7},
  {0x1EE9, 0x1EE9},
  {0x1EEB, 0x1EEB},
  {0x1EED, 0x1EED},
  {0x1EEF, 0x1EEF},
  {0x1EF1, 0x1EF1},
  {0x1EF3, 0x1EF3},
  {0x1EF5, 0x1EF5},
  {0x1EF7, 0x1EF7},
  {0x1EF9, 0x1EF9},
  {0x1EFB, 0x1EFB},
  {0x1EFD, 0x1EFD},
  {0x1EFF, 0x1F07},
  {0x1F10, 0x1F15},
  {0x1F20, 0x1F27},
  {0x1F30, 0x1F37},
  {0x1F40, 0x1F45},
  {0x1F50, 0x1F57},
  {0x1F60, 0x1F67},
  {0x1F70, 0x1F7D},
  {0x1F80, 0x1F87},
  {0x1F90, 0x1F97},
  {0x1FA0, 0x1FA7},
  {0x1FB0, 0x1FB4},
  {0x1FB6, 0x1FB7},
  {0x1FBE, 0x1FBE},
  {0x1FC2, 0x1FC4},
  {0x1FC6, 0x1FC7},
  {0x1FD0, 0x1FD3},
  {0x1FD6, 0x1FD7},
  {0x1FE0, 0x1FE7},
  {0x1FF2, 0x1FF4},
  {0x1FF6, 0x1FF7},
  {0x210A, 0x210A},
  {0x210E, 0x210F},
  {0x2113, 0x2113},
  {0x212F, 0x212F},
  {0x2134, 0x2134},
  {0x2139, 0x2139},
  {0x213C, 0x213D},
  {0x2146, 0x2149},
  {0x214E, 0x214E},
  {0x2184, 0x2184},
  {0x2C30, 0x2C5F},
  {0x2C61, 0x2C61},
  {0x2C65, 0x2C66},
  {0x2C68, 0x2C68},
  {0x2C6A, 0x2C6A},
  {0x2C6C, 0x2C6C},
  {0x2C71, 0x2C71},
  {0x2C73, 0x2C74},
  {0x2C76, 0x2C7B},
  {0x2C81, 0x2C81},
  {0x2C83, 0x2C83},
  {0x2C85, 0x2C85},
  {0x2C87, 0x2C87},
  {0x2C89, 0x2C89},
  {0x2C8B, 0x2C8B},
  {0x2C8D, 0x2C8D},
  {0x2C8F, 0x2C8F},
  {0x2C91, 0x2C91},
  {0x2C93, 0x2C93},
  {0x2C95, 0x2C95},
  {0x2C97, 0x2C97},
  {0x2C99, 0x2C99},
  {0x2C9B, 0x2C9B},
  {0x2C9D, 0x2C9D},
  {0x2C9F, 0x2C9F},
  {0x2CA1, 0x2CA1},
  {0x2CA3, 0x2CA3},
  {0x2CA5, 0x2CA5},
  {0x2CA7, 0x2CA7},
  {0x2CA9, 0x2CA9},
  {0x2CAB, 0x2CAB},
  {0x2CAD, 0x2CAD},
  {0x2CAF, 0x2CAF},
  {0x2CB1, 0x2CB1},
  {0x2CB3, 0x2CB3},
  {0x2CB5, 0x2CB5},
  {0x2CB7, 0x2CB7},
  {0x2CB9, 0x2CB9},
  {0x2CBB, 0x2CBB},
  {0x2CBD, 0x2CBD},
  {0x2CBF, 0x2CBF},
  {0x2CC1, 0x2CC1},
  {0x2CC3, 0x2CC3},
  {0x2CC5, 0x2CC5},
  {0x2CC7, 0x2CC7},
  {0x2CC9, 0x2CC9},
  {0x2CCB, 0x2CCB},
  {0x2CCD, 0x2CCD},
  {0x2CCF, 0x2CCF},
  {0x2CD1, 0x2CD1},
  {0x2CD3, 0x2CD3},
  {0x2CD5, 0x2CD5},
  {0x2CD7, 0x2CD7},
  {0x2CD9, 0x2CD9},
  {0x2CDB, 0x2CDB},
  {0x2CDD, 0x2CDD},
  {0x2CDF, 0x2CDF},
  {0x2CE1, 0x2CE1},
  {0x2CE3, 0x2CE4},
  {0x2CEC, 0x2CEC},
  {0x2CEE, 0x2CEE},
  {0x2CF3, 0x2CF3},
  {0x2D00, 0x2D25},
  {0x2D27, 0x2D27},
  {0x2D2D, 0x2D2D},
  {0xA641, 0xA641},
  {0xA643, 0xA643},
  {0xA645, 0xA645},
  {0xA647, 0xA647},
  {0xA649, 0xA649},
  {0xA64B, 0xA64B},
  {0xA64D, 0xA64D},
  {0xA64F, 0xA64F},
  {0xA651, 0xA651},
  {0xA653, 0xA653},
  {0xA655, 0xA655},
  {0xA657, 0xA657},
  {0xA659, 0xA659},
  {0xA65B, 0xA65B},
  {0xA65D, 0xA65D},
  {0xA65F, 0xA65F},
  {0xA661, 0xA661},
  {0xA663, 0xA663},
  {0xA665, 0xA665},
  {0xA667, 0xA667},
  {0xA669, 0xA669},
  {0xA66B, 0xA66B},
  {0xA66D, 0xA66D},
  {0xA681, 0xA681},
  {0xA683, 0xA683},
  {0xA685, 0xA685},
  {0xA687, 0xA687},
  {0xA689, 0xA689},
  {0xA68B, 0xA68B},
  {0xA68D, 0xA68D},
  {0xA68F, 0xA68F},
  {0xA691, 0xA691},
  {0xA693, 0xA693},
  {0xA695, 0xA695},
  {0xA697, 0xA697},
  {0xA699, 0xA699},
  {0xA69B, 0xA69B},
  {0xA723, 0xA723},
  {0xA725, 0xA725},
  {0xA727, 0xA727},
  {0xA729, 0xA729},
  {0xA72B, 0xA72B},
  {0xA72D, 0xA72D},
  {0xA72F, 0xA731},
  {0xA733, 0xA733},
  {0xA735, 0xA735},
  {0xA737, 0xA737},
  {0xA739, 0xA739},
  {0xA73B, 0xA73B},
  {0xA73D, 0xA73D},
  {0xA73F, 0xA73F},
  {0xA741, 0xA741},
  {0xA743, 0xA743},
  {0xA745, 0xA745},
  {0xA747, 0xA747},
  {0xA749, 0xA749},
  {0xA74B, 0xA74B},
  {0xA74D, 0xA74D},
  {0xA74F, 0xA74F},
  {0xA751, 0xA751},
  {0xA753, 0xA753},
  {0xA755, 0xA755},
  {0xA757, 0xA757},
  {0xA759, 0xA759},
  {0xA75B, 0xA75B},
  {0xA75D, 0xA75D},
  {0xA75F, 0xA75F},
  {0xA761, 0xA761},
  {0xA763, 0xA763},
  {0xA765, 0xA765},
  {0xA767, 0xA767},
  {0xA769, 0xA769},
  {0xA76B, 0xA76B},
  {0xA76D, 0xA76D},
  {0xA76F, 0xA76F},
  {0xA771, 0xA778},
  {0xA77A, 0xA77A},
  {0xA77C, 0xA77C},
  {0xA77F, 0xA77F},
  {0xA781, 0xA781},
  {0xA783, 0xA783},
  {0xA785, 0xA785},
  {0xA787, 0xA787},
  {0xA78C, 0xA78C},
  {0xA78E, 0xA78E},
  {0xA791, 0xA791},
  {0xA793, 0xA795},
  {0xA797, 0xA797},
  {0xA799, 0xA799},
  {0xA79B, 0xA79B},
  {0xA79D, 0xA79D},
  {0xA79F, 0xA79F},
  {0xA7A1, 0xA7A1},
  {0xA7A3, 0xA7A3},
  {0xA7A5, 0xA7A5},
  {0xA7A7, 0xA7A7},
  {0xA7A9, 0xA7A9},
  {0xA7AF, 0xA7AF},
  {0xA7B5, 0xA7B5},
  {0xA7B7, 0xA7B7},
  {0xA7B9, 0xA7B9},
  {0xA7BB, 0xA7BB},
  {0xA7BD, 0xA7BD},
  {0xA7BF, 0xA7BF},
  {0xA7C1, 0xA7C1},
  {0xA7C3, 0xA7C3},
  {0xA7C8, 0xA7C8},
  {0xA7CA, 0xA7CA},
  {0xA7CD, 0xA7CD},
  {0xA7CF, 0xA7CF},
  {0xA7D1, 0xA7D1},
  {0xA7D3, 0xA7D3},
  {0xA7D5, 0xA7D5},
  {0xA7D7, 0xA7D7},
  {0xA7D9, 0xA7D9},
  {0xA7DB, 0xA7DB},
  {0xA7F6, 0xA7F6},
  {0xA7FA, 0xA7FA},
  {0xAB30, 0xAB5A},
  {0xAB60, 0xAB68},
  {0xAB70, 0xABBF},
  {0xFB00, 0xFB06},
  {0xFB13, 0xFB17},
  {0xFF41, 0xFF5A},
  {0x10428, 0x1044F},
  {0x104D8, 0x104FB},
  {0x10597, 0x105A1},
  {0x105A3, 0x105B1},
  {0x105B3, 0x105B9},
  {0x105BB, 0x105BC},
  {0x10CC0, 0x10CF2},
  {0x10D70, 0x10D85},
  {0x118C0, 0x118DF},
  {0x16E60, 0x16E7F},
  {0x16EBB, 0x16ED3},
  {0x1D41A, 0x1D433},
  {0x1D44E, 0x1D454},
  {0x1D456, 0x1D467},
  {0x1D482, 0x1D49B},
  {0x1D4B6, 0x1D4B9},
  {0x1D4BB, 0x1D4BB},
  {0x1D4BD, 0x1D4C3},
  {0x1D4C5, 0x1D4CF},
  {0x1D4EA, 0x1D503},
  {0x1D51E, 0x1D537},
  {0x1D552, 0x1D56B},
  {0x1D586, 0x1D59F},
  {0x1D5BA, 0x1D5D3},
  {0x1D5EE, 0x1D607},
  {0x1D622, 0x1D63B},
  {0x1D656, 0x1D66F},
  {0x1D68A, 0x1D6A5},
  {0x1D6C2, 0x1D6DA},
  {0x1D6DC, 0x1D6E1},
  {0x1D6FC, 0x1D714},
  {0x1D716, 0x1D71B},
  {0x1D736, 0x1D74E},
  {0x1D750, 0x1D755},
  {0x1D770, 0x1D788},
  {0x1D78A, 0x1D78F},
  {0x1D7AA, 0x1D7C2},
  {0x1D7C4, 0x1D7C9},
  {0x1D7CB, 0x1D7CB},
  {0x1DF00, 0x1DF09},
  {0x1DF0B, 0x1DF1E},
  {0x1DF25, 0x1DF2A},
  {0x1E922, 0x1E943},
  {0x02B0, 0x02C1},
  {0x02C6, 0x02D1},
  {0x02E0, 0x02E4},
  {0x02EC, 0x02EC},
  {0x02EE, 0x02EE},
  {0x0374, 0x0374},
  {0x037A, 0x037A},
  {0x0559, 0x0559},
  {0x0640, 0x0640},
  {0x06E5, 0x06E6},
  {0x07F4, 0x07F5},
  {0x07FA, 0x07FA},
  {0x081A, 0x081A},
  {0x0824, 0x0824},
  {0x0828, 0x0828},
  {0x08C9, 0x08C9},
  {0x0971, 0x0971},
  {0x0E46, 0x0E46},
  {0x0EC6, 0x0EC6},
  {0x10FC, 0x10FC},
  {0x17D7, 0x17D7},
  {0x1843, 0x1843},
  {0x1AA7, 0x1AA7},
  {0x1C78, 0x1C7D},
  {0x1D2C, 0x1D6A},
  {0x1D78, 0x1D78},
  {0x1D9B, 0x1DBF},
  {0x2071, 0x2071},
  {0x207F, 0x207F},
  {0x2090, 0x209C},
  {0x2C7C, 0x2C7D},
  {0x2D6F, 0x2D6F},
  {0x2E2F, 0x2E2F},
  {0x3005, 0x3005},
  {0x3031, 0x3035},
  {0x303B, 0x303B},
  {0x309D, 0x309E},
  {0x30FC, 0x30FE},
  {0xA015, 0xA015},
  {0xA4F8, 0xA4FD},
  {0xA60C, 0xA60C},
  {0xA67F, 0xA67F},
  {0xA69C, 0xA69D},
  {0xA717, 0xA71F},
  {0xA770, 0xA770},
  {0xA788, 0xA788},
  {0xA7F1, 0xA7F4},
  {0xA7F8, 0xA7F9},
  {0xA9CF, 0xA9CF},
  {0xA9E6, 0xA9E6},
  {0xAA70, 0xAA70},
  {0xAADD, 0xAADD},
  {0xAAF3, 0xAAF4},
  {0xAB5C, 0xAB5F},
  {0xAB69, 0xAB69},
  {0xFF70, 0xFF70},
  {0xFF9E, 0xFF9F},
  {0x10780, 0x10785},
  {0x10787, 0x107B0},
  {0x107B2, 0x107BA},
  {0x10D4E, 0x10D4E},
  {0x10D6F, 0x10D6F},
  {0x10EC5, 0x10EC5},
  {0x11DD9, 0x11DD9},
  {0x16B40, 0x16B43},
  {0x16D40, 0x16D42},
  {0x16D6B, 0x16D6C},
  {0x16F93, 0x16F9F},
  {0x16FE0, 0x16FE1},
  {0x16FE3, 0x16FE3},
  {0x16FF2, 0x16FF3},
  {0x1AFF0, 0x1AFF3},
  {0x1AFF5, 0x1AFFB},
  {0x1AFFD, 0x1AFFE},
  {0x1E030, 0x1E06D},
  {0x1E137, 0x1E13D},
  {0x1E4EB, 0x1E4EB},
  {0x1E6FF, 0x1E6FF},
  {0x1E94B, 0x1E94B},
  {0x00AA, 0x00AA},
  {0x00BA, 0x00BA},
  {0x01BB, 0x01BB},
  {0x01C0, 0x01C3},
  {0x0294, 0x0295},
  {0x05D0, 0x05EA},
  {0x05EF, 0x05F2},
  {0x0620, 0x063F},
  {0x0641, 0x064A},
  {0x066E, 0x066F},
  {0x0671, 0x06D3},
  {0x06D5, 0x06D5},
  {0x06EE, 0x06EF},
  {0x06FA, 0x06FC},
  {0x06FF, 0x06FF},
  {0x0710, 0x0710},
  {0x0712, 0x072F},
  {0x074D, 0x07A5},
  {0x07B1, 0x07B1},
  {0x07CA, 0x07EA},
  {0x0800, 0x0815},
  {0x0840, 0x0858},
  {0x0860, 0x086A},
  {0x0870, 0x0887},
  {0x0889, 0x088F},
  {0x08A0, 0x08C8},
  {0x0904, 0x0939},
  {0x093D, 0x093D},
  {0x0950, 0x0950},
  {0x0958, 0x0961},
  {0x0972, 0x0980},
  {0x0985, 0x098C},
  {0x098F, 0x0990},
  {0x0993, 0x09A8},
  {0x09AA, 0x09B0},
  {0x09B2, 0x09B2},
  {0x09B6, 0x09B9},
  {0x09BD, 0x09BD},
  {0x09CE, 0x09CE},
  {0x09DC, 0x09DD},
  {0x09DF, 0x09E1},
  {0x09F0, 0x09F1},
  {0x09FC, 0x09FC},
  {0x0A05, 0x0A0A},
  {0x0A0F, 0x0A10},
  {0x0A13, 0x0A28},
  {0x0A2A, 0x0A30},
  {0x0A32, 0x0A33},
  {0x0A35, 0x0A36},
  {0x0A38, 0x0A39},
  {0x0A59, 0x0A5C},
  {0x0A5E, 0x0A5E},
  {0x0A72, 0x0A74},
  {0x0A85, 0x0A8D},
  {0x0A8F, 0x0A91},
  {0x0A93, 0x0AA8},
  {0x0AAA, 0x0AB0},
  {0x0AB2, 0x0AB3},
  {0x0AB5, 0x0AB9},
  {0x0ABD, 0x0ABD},
  {0x0AD0, 0x0AD0},
  {0x0AE0, 0x0AE1},
  {0x0AF9, 0x0AF9},
  {0x0B05, 0x0B0C},
  {0x0B0F, 0x0B10},
  {0x0B13, 0x0B28},
  {0x0B2A, 0x0B30},
  {0x0B32, 0x0B33},
  {0x0B35, 0x0B39},
  {0x0B3D, 0x0B3D},
  {0x0B5C, 0x0B5D},
  {0x0B5F, 0x0B61},
  {0x0B71, 0x0B71},
  {0x0B83, 0x0B83},
  {0x0B85, 0x0B8A},
  {0x0B8E, 0x0B90},
  {0x0B92, 0x0B95},
  {0x0B99, 0x0B9A},
  {0x0B9C, 0x0B9C},
  {0x0B9E, 0x0B9F},
  {0x0BA3, 0x0BA4},
  {0x0BA8, 0x0BAA},
  {0x0BAE, 0x0BB9},
  {0x0BD0, 0x0BD0},
  {0x0C05, 0x0C0C},
  {0x0C0E, 0x0C10},
  {0x0C12, 0x0C28},
  {0x0C2A, 0x0C39},
  {0x0C3D, 0x0C3D},
  {0x0C58, 0x0C5A},
  {0x0C5C, 0x0C5D},
  {0x0C60, 0x0C61},
  {0x0C80, 0x0C80},
  {0x0C85, 0x0C8C},
  {0x0C8E, 0x0C90},
  {0x0C92, 0x0CA8},
  {0x0CAA, 0x0CB3},
  {0x0CB5, 0x0CB9},
  {0x0CBD, 0x0CBD},
  {0x0CDC, 0x0CDE},
  {0x0CE0, 0x0CE1},
  {0x0CF1, 0x0CF2},
  {0x0D04, 0x0D0C},
  {0x0D0E, 0x0D10},
  {0x0D12, 0x0D3A},
  {0x0D3D, 0x0D3D},
  {0x0D4E, 0x0D4E},
  {0x0D54, 0x0D56},
  {0x0D5F, 0x0D61},
  {0x0D7A, 0x0D7F},
  {0x0D85, 0x0D96},
  {0x0D9A, 0x0DB1},
  {0x0DB3, 0x0DBB},
  {0x0DBD, 0x0DBD},
  {0x0DC0, 0x0DC6},
  {0x0E01, 0x0E30},
  {0x0E32, 0x0E33},
  {0x0E40, 0x0E45},
  {0x0E81, 0x0E82},
  {0x0E84, 0x0E84},
  {0x0E86, 0x0E8A},
  {0x0E8C, 0x0EA3},
  {0x0EA5, 0x0EA5},
  {0x0EA7, 0x0EB0},
  {0x0EB2, 0x0EB3},
  {0x0EBD, 0x0EBD},
  {0x0EC0, 0x0EC4},
  {0x0EDC, 0x0EDF},
  {0x0F00, 0x0F00},
  {0x0F40, 0x0F47},
  {0x0F49, 0x0F6C},
  {0x0F88, 0x0F8C},
  {0x1000, 0x102A},
  {0x103F, 0x103F},
  {0x1050, 0x1055},
  {0x105A, 0x105D},
  {0x1061, 0x1061},
  {0x1065, 0x1066},
  {0x106E, 0x1070},
  {0x1075, 0x1081},
  {0x108E, 0x108E},
  {0x1100, 0x1248},
  {0x124A, 0x124D},
  {0x1250, 0x1256},
  {0x1258, 0x1258},
  {0x125A, 0x125D},
  {0x1260, 0x1288},
  {0x128A, 0x128D},
  {0x1290, 0x12B0},
  {0x12B2, 0x12B5},
  {0x12B8, 0x12BE},
  {0x12C0, 0x12C0},
  {0x12C2, 0x12C5},
  {0x12C8, 0x12D6},
  {0x12D8, 0x1310},
  {0x1312, 0x1315},
  {0x1318, 0x135A},
  {0x1380, 0x138F},
  {0x1401, 0x166C},
  {0x166F, 0x167F},
  {0x1681, 0x169A},
  {0x16A0, 0x16EA},
  {0x16F1, 0x16F8},
  {0x1700, 0x1711},
  {0x171F, 0x1731},
  {0x1740, 0x1751},
  {0x1760, 0x176C},
  {0x176E, 0x1770},
  {0x1780, 0x17B3},
  {0x17DC, 0x17DC},
  {0x1820, 0x1842},
  {0x1844, 0x1878},
  {0x1880, 0x1884},
  {0x1887, 0x18A8},
  {0x18AA, 0x18AA},
  {0x18B0, 0x18F5},
  {0x1900, 0x191E},
  {0x1950, 0x196D},
  {0x1970, 0x1974},
  {0x1980, 0x19AB},
  {0x19B0, 0x19C9},
  {0x1A00, 0x1A16},
  {0x1A20, 0x1A54},
  {0x1B05, 0x1B33},
  {0x1B45, 0x1B4C},
  {0x1B83, 0x1BA0},
  {0x1BAE, 0x1BAF},
  {0x1BBA, 0x1BE5},
  {0x1C00, 0x1C23},
  {0x1C4D, 0x1C4F},
  {0x1C5A, 0x1C77},
  {0x1CE9, 0x1CEC},
  {0x1CEE, 0x1CF3},
  {0x1CF5, 0x1CF6},
  {0x1CFA, 0x1CFA},
  {0x2135, 0x2138},
  {0x2D30, 0x2D67},
  {0x2D80, 0x2D96},
  {0x2DA0, 0x2DA6},
  {0x2DA8, 0x2DAE},
  {0x2DB0, 0x2DB6},
  {0x2DB8, 0x2DBE},
  {0x2DC0, 0x2DC6},
  {0x2DC8, 0x2DCE},
  {0x2DD0, 0x2DD6},
  {0x2DD8, 0x2DDE},
  {0x3006, 0x3006},
  {0x303C, 0x303C},
  {0x3041, 0x3096},
  {0x309F, 0x309F},
  {0x30A1, 0x30FA},
  {0x30FF, 0x30FF},
  {0x3105, 0x312F},
  {0x3131, 0x318E},
  {0x31A0, 0x31BF},
  {0x31F0, 0x31FF},
  {0x3400, 0x4DBF},
  {0x4E00, 0xA014},
  {0xA016, 0xA48C},
  {0xA4D0, 0xA4F7},
  {0xA500, 0xA60B},
  {0xA610, 0xA61F},
  {0xA62A, 0xA62B},
  {0xA66E, 0xA66E},
  {0xA6A0, 0xA6E5},
  {0xA78F, 0xA78F},
  {0xA7F7, 0xA7F7},
  {0xA7FB, 0xA801},
  {0xA803, 0xA805},
  {0xA807, 0xA80A},
  {0xA80C, 0xA822},
  {0xA840, 0xA873},
  {0xA882, 0xA8B3},
  {0xA8F2, 0xA8F7},
  {0xA8FB, 0xA8FB},
  {0xA8FD, 0xA8FE},
  {0xA90A, 0xA925},
  {0xA930, 0xA946},
  {0xA960, 0xA97C},
  {0xA984, 0xA9B2},
  {0xA9E0, 0xA9E4},
  {0xA9E7, 0xA9EF},
  {0xA9FA, 0xA9FE},
  {0xAA00, 0xAA28},
  {0xAA40, 0xAA42},
  {0xAA44, 0xAA4B},
  {0xAA60, 0xAA6F},
  {0xAA71, 0xAA76},
  {0xAA7A, 0xAA7A},
  {0xAA7E, 0xAAAF},
  {0xAAB1, 0xAAB1},
  {0xAAB5, 0xAAB6},
  {0xAAB9, 0xAABD},
  {0xAAC0, 0xAAC0},
  {0xAAC2, 0xAAC2},
  {0xAADB, 0xAADC},
  {0xAAE0, 0xAAEA},
  {0xAAF2, 0xAAF2},
  {0xAB01, 0xAB06},
  {0xAB09, 0xAB0E},
  {0xAB11, 0xAB16},
  {0xAB20, 0xAB26},
  {0xAB28, 0xAB2E},
  {0xABC0, 0xABE2},
  {0xAC00, 0xD7A3},
  {0xD7B0, 0xD7C6},
  {0xD7CB, 0xD7FB},
  {0xF900, 0xFA6D},
  {0xFA70, 0xFAD9},
  {0xFB1D, 0xFB1D},
  {0xFB1F, 0xFB28},
  {0xFB2A, 0xFB36},
  {0xFB38, 0xFB3C},
  {0xFB3E, 0xFB3E},
  {0xFB40, 0xFB41},
  {0xFB43, 0xFB44},
  {0xFB46, 0xFBB1},
  {0xFBD3, 0xFD3D},
  {0xFD50, 0xFD8F},
  {0xFD92, 0xFDC7},
  {0xFDF0, 0xFDFB},
  {0xFE70, 0xFE74},
  {0xFE76, 0xFEFC},
  {0xFF66, 0xFF6F},
  {0xFF71, 0xFF9D},
  {0xFFA0, 0xFFBE},
  {0xFFC2, 0xFFC7},
  {0xFFCA, 0xFFCF},
  {0xFFD2, 0xFFD7},
  {0xFFDA, 0xFFDC},
  {0x10000, 0x1000B},
  {0x1000D, 0x10026},
  {0x10028, 0x1003A},
  {0x1003C, 0x1003D},
  {0x1003F, 0x1004D},
  {0x10050, 0x1005D},
  {0x10080, 0x100FA},
  {0x10280, 0x1029C},
  {0x102A0, 0x102D0},
  {0x10300, 0x1031F},
  {0x1032D, 0x10340},
  {0x10342, 0x10349},
  {0x10350, 0x10375},
  {0x10380, 0x1039D},
  {0x103A0, 0x103C3},
  {0x103C8, 0x103CF},
  {0x10450, 0x1049D},
  {0x10500, 0x10527},
  {0x10530, 0x10563},
  {0x105C0, 0x105F3},
  {0x10600, 0x10736},
  {0x10740, 0x10755},
  {0x10760, 0x10767},
  {0x10800, 0x10805},
  {0x10808, 0x10808},
  {0x1080A, 0x10835},
  {0x10837, 0x10838},
  {0x1083C, 0x1083C},
  {0x1083F, 0x10855},
  {0x10860, 0x10876},
  {0x10880, 0x1089E},
  {0x108E0, 0x108F2},
  {0x108F4, 0x108F5},
  {0x10900, 0x10915},
  {0x10920, 0x10939},
  {0x10940, 0x10959},
  {0x10980, 0x109B7},
  {0x109BE, 0x109BF},
  {0x10A00, 0x10A00},
  {0x10A10, 0x10A13},
  {0x10A15, 0x10A17},
  {0x10A19, 0x10A35},
  {0x10A60, 0x10A7C},
  {0x10A80, 0x10A9C},
  {0x10AC0, 0x10AC7},
  {0x10AC9, 0x10AE4},
  {0x10B00, 0x10B35},
  {0x10B40, 0x10B55},
  {0x10B60, 0x10B72},
  {0x10B80, 0x10B91},
  {0x10C00, 0x10C48},
  {0x10D00, 0x10D23},
  {0x10D4A, 0x10D4D},
  {0x10D4F, 0x10D4F},
  {0x10E80, 0x10EA9},
  {0x10EB0, 0x10EB1},
  {0x10EC2, 0x10EC4},
  {0x10EC6, 0x10EC7},
  {0x10F00, 0x10F1C},
  {0x10F27, 0x10F27},
  {0x10F30, 0x10F45},
  {0x10F70, 0x10F81},
  {0x10FB0, 0x10FC4},
  {0x10FE0, 0x10FF6},
  {0x11003, 0x11037},
  {0x11071, 0x11072},
  {0x11075, 0x11075},
  {0x11083, 0x110AF},
  {0x110D0, 0x110E8},
  {0x11103, 0x11126},
  {0x11144, 0x11144},
  {0x11147, 0x11147},
  {0x11150, 0x11172},
  {0x11176, 0x11176},
  {0x11183, 0x111B2},
  {0x111C1, 0x111C4},
  {0x111DA, 0x111DA},
  {0x111DC, 0x111DC},
  {0x11200, 0x11211},
  {0x11213, 0x1122B},
  {0x1123F, 0x11240},
  {0x11280, 0x11286},
  {0x11288, 0x11288},
  {0x1128A, 0x1128D},
  {0x1128F, 0x1129D},
  {0x1129F, 0x112A8},
  {0x112B0, 0x112DE},
  {0x11305, 0x1130C},
  {0x1130F, 0x11310},
  {0x11313, 0x11328},
  {0x1132A, 0x11330},
  {0x11332, 0x11333},
  {0x11335, 0x11339},
  {0x1133D, 0x1133D},
  {0x11350, 0x11350},
  {0x1135D, 0x11361},
  {0x11380, 0x11389},
  {0x1138B, 0x1138B},
  {0x1138E, 0x1138E},
  {0x11390, 0x113B5},
  {0x113B7, 0x113B7},
  {0x113D1, 0x113D1},
  {0x113D3, 0x113D3},
  {0x11400, 0x11434},
  {0x11447, 0x1144A},
  {0x1145F, 0x11461},
  {0x11480, 0x114AF},
  {0x114C4, 0x114C5},
  {0x114C7, 0x114C7},
  {0x11580, 0x115AE},
  {0x115D8, 0x115DB},
  {0x11600, 0x1162F},
  {0x11644, 0x11644},
  {0x11680, 0x116AA},
  {0x116B8, 0x116B8},
  {0x11700, 0x1171A},
  {0x11740, 0x11746},
  {0x11800, 0x1182B},
  {0x118FF, 0x11906},
  {0x11909, 0x11909},
  {0x1190C, 0x11913},
  {0x11915, 0x11916},
  {0x11918, 0x1192F},
  {0x1193F, 0x1193F},
  {0x11941, 0x11941},
  {0x119A0, 0x119A7},
  {0x119AA, 0x119D0},
  {0x119E1, 0x119E1},
  {0x119E3, 0x119E3},
  {0x11A00, 0x11A00},
  {0x11A0B, 0x11A32},
  {0x11A3A, 0x11A3A},
  {0x11A50, 0x11A50},
  {0x11A5C, 0x11A89},
  {0x11A9D, 0x11A9D},
  {0x11AB0, 0x11AF8},
  {0x11BC0, 0x11BE0},
  {0x11C00, 0x11C08},
  {0x11C0A, 0x11C2E},
  {0x11C40, 0x11C40},
  {0x11C72, 0x11C8F},
  {0x11D00, 0x11D06},
  {0x11D08, 0x11D09},
  {0x11D0B, 0x11D30},
  {0x11D46, 0x11D46},
  {0x11D60, 0x11D65},
  {0x11D67, 0x11D68},
  {0x11D6A, 0x11D89},
  {0x11D98, 0x11D98},
  {0x11DB0, 0x11DD8},
  {0x11DDA, 0x11DDB},
  {0x11EE0, 0x11EF2},
  {0x11F02, 0x11F02},
  {0x11F04, 0x11F10},
  {0x11F12, 0x11F33},
  {0x11FB0, 0x11FB0},
  {0x12000, 0x12399},
  {0x12480, 0x12543},
  {0x12F90, 0x12FF0},
  {0x13000, 0x1342F},
  {0x13441, 0x13446},
  {0x13460, 0x143FA},
  {0x14400, 0x14646},
  {0x16100, 0x1611D},
  {0x16800, 0x16A38},
  {0x16A40, 0x16A5E},
  {0x16A70, 0x16ABE},
  {0x16AD0, 0x16AED},
  {0x16B00, 0x16B2F},
  {0x16B63, 0x16B77},
  {0x16B7D, 0x16B8F},
  {0x16D43, 0x16D6A},
  {0x16F00, 0x16F4A},
  {0x16F50, 0x16F50},
  {0x17000, 0x18CD5},
  {0x18CFF, 0x18D1E},
  {0x18D80, 0x18DF2},
  {0x1B000, 0x1B122},
  {0x1B132, 0x1B132},
  {0x1B150, 0x1B152},
  {0x1B155, 0x1B155},
  {0x1B164, 0x1B167},
  {0x1B170, 0x1B2FB},
  {0x1BC00, 0x1BC6A},
  {0x1BC70, 0x1BC7C},
  {0x1BC80, 0x1BC88},
  {0x1BC90, 0x1BC99},
  {0x1DF0A, 0x1DF0A},
  {0x1E100, 0x1E12C},
  {0x1E14E, 0x1E14E},
  {0x1E290, 0x1E2AD},
  {0x1E2C0, 0x1E2EB},
  {0x1E4D0, 0x1E4EA},
  {0x1E5D0, 0x1E5ED},
  {0x1E5F0, 0x1E5F0},
  {0x1E6C0, 0x1E6DE},
  {0x1E6E0, 0x1E6E2},
  {0x1E6E4, 0x1E6E5},
  {0x1E6E7, 0x1E6ED},
  {0x1E6F0, 0x1E6F4},
  {0x1E6FE, 0x1E6FE},
  {0x1E7E0, 0x1E7E6},
  {0x1E7E8, 0x1E7EB},
  {0x1E7ED, 0x1E7EE},
  {0x1E7F0, 0x1E7FE},
  {0x1E800, 0x1E8C4},
  {0x1EE00, 0x1EE03},
  {0x1EE05, 0x1EE1F},
  {0x1EE21, 0x1EE22},
  {0x1EE24, 0x1EE24},
  {0x1EE27, 0x1EE27},
  {0x1EE29, 0x1EE32},
  {0x1EE34, 0x1EE37},
  {0x1EE39, 0x1EE39},
  {0x1EE3B, 0x1EE3B},
  {0x1EE42, 0x1EE42},
  {0x1EE47, 0x1EE47},
  {0x1EE49, 0x1EE49},
  {0x1EE4B, 0x1EE4B},
  {0x1EE4D, 0x1EE4F},
  {0x1EE51, 0x1EE52},
  {0x1EE54, 0x1EE54},
  {0x1EE57, 0x1EE57},
  {0x1EE59, 0x1EE59},
  {0x1EE5B, 0x1EE5B},
  {0x1EE5D, 0x1EE5D},
  {0x1EE5F, 0x1EE5F},
  {0x1EE61, 0x1EE62},
  {0x1EE64, 0x1EE64},
  {0x1EE67, 0x1EE6A},
  {0x1EE6C, 0x1EE72},
  {0x1EE74, 0x1EE77},
  {0x1EE79, 0x1EE7C},
  {0x1EE7E, 0x1EE7E},
  {0x1EE80, 0x1EE89},
  {0x1EE8B, 0x1EE9B},
  {0x1EEA1, 0x1EEA3},
  {0x1EEA5, 0x1EEA9},
  {0x1EEAB, 0x1EEBB},
  {0x20000, 0x2A6DF},
  {0x2A700, 0x2B81D},
  {0x2B820, 0x2CEAD},
  {0x2CEB0, 0x2EBE0},
  {0x2EBF0, 0x2EE5D},
  {0x2F800, 0x2FA1D},
  {0x30000, 0x3134A},
  {0x31350, 0x33479},
  {0x01C5, 0x01C5},
  {0x01C8, 0x01C8},
  {0x01CB, 0x01CB},
  {0x01F2, 0x01F2},
  {0x1F88, 0x1F8F},
  {0x1F98, 0x1F9F},
  {0x1FA8, 0x1FAF},
  {0x1FBC, 0x1FBC},
  {0x1FCC, 0x1FCC},
  {0x1FFC, 0x1FFC},
  {0x0041, 0x005A},
  {0x00C0, 0x00D6},
  {0x00D8, 0x00DE},
  {0x0100, 0x0100},
  {0x0102, 0x0102},
  {0x0104, 0x0104},
  {0x0106, 0x0106},
  {0x0108, 0x0108},
  {0x010A, 0x010A},
  {0x010C, 0x010C},
  {0x010E, 0x010E},
  {0x0110, 0x0110},
  {0x0112, 0x0112},
  {0x0114, 0x0114},
  {0x0116, 0x0116},
  {0x0118, 0x0118},
  {0x011A, 0x011A},
  {0x011C, 0x011C},
  {0x011E, 0x011E},
  {0x0120, 0x0120},
  {0x0122, 0x0122},
  {0x0124, 0x0124},
  {0x0126, 0x0126},
  {0x0128, 0x0128},
  {0x012A, 0x012A},
  {0x012C, 0x012C},
  {0x012E, 0x012E},
  {0x0130, 0x0130},
  {0x0132, 0x0132},
  {0x0134, 0x0134},
  {0x0136, 0x0136},
  {0x0139, 0x0139},
  {0x013B, 0x013B},
  {0x013D, 0x013D},
  {0x013F, 0x013F},
  {0x0141, 0x0141},
  {0x0143, 0x0143},
  {0x0145, 0x0145},
  {0x0147, 0x0147},
  {0x014A, 0x014A},
  {0x014C, 0x014C},
  {0x014E, 0x014E},
  {0x0150, 0x0150},
  {0x0152, 0x0152},
  {0x0154, 0x0154},
  {0x0156, 0x0156},
  {0x0158, 0x0158},
  {0x015A, 0x015A},
  {0x015C, 0x015C},
  {0x015E, 0x015E},
  {0x0160, 0x0160},
  {0x0162, 0x0162},
  {0x0164, 0x0164},
  {0x0166, 0x0166},
  {0x0168, 0x0168},
  {0x016A, 0x016A},
  {0x016C, 0x016C},
  {0x016E, 0x016E},
  {0x0170, 0x0170},
  {0x0172, 0x0172},
  {0x0174, 0x0174},
  {0x0176, 0x0176},
  {0x0178, 0x0179},
  {0x017B, 0x017B},
  {0x017D, 0x017D},
  {0x0181, 0x0182},
  {0x0184, 0x0184},
  {0x0186, 0x0187},
  {0x0189, 0x018B},
  {0x018E, 0x0191},
  {0x0193, 0x0194},
  {0x0196, 0x0198},
  {0x019C, 0x019D},
  {0x019F, 0x01A0},
  {0x01A2, 0x01A2},
  {0x01A4, 0x01A4},
  {0x01A6, 0x01A7},
  {0x01A9, 0x01A9},
  {0x01AC, 0x01AC},
  {0x01AE, 0x01AF},
  {0x01B1, 0x01B3},
  {0x01B5, 0x01B5},
  {0x01B7, 0x01B8},
  {0x01BC, 0x01BC},
  {0x01C4, 0x01C4},
  {0x01C7, 0x01C7},
  {0x01CA, 0x01CA},
  {0x01CD, 0x01CD},
  {0x01CF, 0x01CF},
  {0x01D1, 0x01D1},
  {0x01D3, 0x01D3},
  {0x01D5, 0x01D5},
  {0x01D7, 0x01D7},
  {0x01D9, 0x01D9},
  {0x01DB, 0x01DB},
  {0x01DE, 0x01DE},
  {0x01E0, 0x01E0},
  {0x01E2, 0x01E2},
  {0x01E4, 0x01E4},
  {0x01E6, 0x01E6},
  {0x01E8, 0x01E8},
  {0x01EA, 0x01EA},
  {0x01EC, 0x01EC},
  {0x01EE, 0x01EE},
  {0x01F1, 0x01F1},
  {0x01F4, 0x01F4},
  {0x01F6, 0x01F8},
  {0x01FA, 0x01FA},
  {0x01FC, 0x01FC},
  {0x01FE, 0x01FE},
  {0x0200, 0x0200},
  {0x0202, 0x0202},
  {0x0204, 0x0204},
  {0x0206, 0x0206},
  {0x0208, 0x0208},
  {0x020A, 0x020A},
  {0x020C, 0x020C},
  {0x020E, 0x020E},
  {0x0210, 0x0210},
  {0x0212, 0x0212},
  {0x0214, 0x0214},
  {0x0216, 0x0216},
  {0x0218, 0x0218},
  {0x021A, 0x021A},
  {0x021C, 0x021C},
  {0x021E, 0x021E},
  {0x0220, 0x0220},
  {0x0222, 0x0222},
  {0x0224, 0x0224},
  {0x0226, 0x0226},
  {0x0228, 0x0228},
  {0x022A, 0x022A},
  {0x022C, 0x022C},
  {0x022E, 0x022E},
  {0x0230, 0x0230},
  {0x0232, 0x0232},
  {0x023A, 0x023B},
  {0x023D, 0x023E},
  {0x0241, 0x0241},
  {0x0243, 0x0246},
  {0x0248, 0x0248},
  {0x024A, 0x024A},
  {0x024C, 0x024C},
  {0x024E, 0x024E},
  {0x0370, 0x0370},
  {0x0372, 0x0372},
  {0x0376, 0x0376},
  {0x037F, 0x037F},
  {0x0386, 0x0386},
  {0x0388, 0x038A},
  {0x038C, 0x038C},
  {0x038E, 0x038F},
  {0x0391, 0x03A1},
  {0x03A3, 0x03AB},
  {0x03CF, 0x03CF},
  {0x03D2, 0x03D4},
  {0x03D8, 0x03D8},
  {0x03DA, 0x03DA},
  {0x03DC, 0x03DC},
  {0x03DE, 0x03DE},
  {0x03E0, 0x03E0},
  {0x03E2, 0x03E2},
  {0x03E4, 0x03E4},
  {0x03E6, 0x03E6},
  {0x03E8, 0x03E8},
  {0x03EA, 0x03EA},
  {0x03EC, 0x03EC},
  {0x03EE, 0x03EE},
  {0x03F4, 0x03F4},
  {0x03F7, 0x03F7},
  {0x03F9, 0x03FA},
  {0x03FD, 0x042F},
  {0x0460, 0x0460},
  {0x0462, 0x0462},
  {0x0464, 0x0464},
  {0x0466, 0x0466},
  {0x0468, 0x0468},
  {0x046A, 0x046A},
  {0x046C, 0x046C},
  {0x046E, 0x046E},
  {0x0470, 0x0470},
  {0x0472, 0x0472},
  {0x0474, 0x0474},
  {0x0476, 0x0476},
  {0x0478, 0x0478},
  {0x047A, 0x047A},
  {0x047C, 0x047C},
  {0x047E, 0x047E},
  {0x0480, 0x0480},
  {0x048A, 0x048A},
  {0x048C, 0x048C},
  {0x048E, 0x048E},
  {0x0490, 0x0490},
  {0x0492, 0x0492},
  {0x0494, 0x0494},
  {0x0496, 0x0496},
  {0x0498, 0x0498},
  {0x049A, 0x049A},
  {0x049C, 0x049C},
  {0x049E, 0x049E},
  {0x04A0, 0x04A0},
  {0x04A2, 0x04A2},
  {0x04A4, 0x04A4},
  {0x04A6, 0x04A6},
  {0x04A8, 0x04A8},
  {0x04AA, 0x04AA},
  {0x04AC, 0x04AC},
  {0x04AE, 0x04AE},
  {0x04B0, 0x04B0},
  {0x04B2, 0x04B2},
  {0x04B4, 0x04B4},
  {0x04B6, 0x04B6},
  {0x04B8, 0x04B8},
  {0x04BA, 0x04BA},
  {0x04BC, 0x04BC},
  {0x04BE, 0x04BE},
  {0x04C0, 0x04C1},
  {0x04C3, 0x04C3},
  {0x04C5, 0x04C5},
  {0x04C7, 0x04C7},
  {0x04C9, 0x04C9},
  {0x04CB, 0x04CB},
  {0x04CD, 0x04CD},
  {0x04D0, 0x04D0},
  {0x04D2, 0x04D2},
  {0x04D4, 0x04D4},
  {0x04D6, 0x04D6},
  {0x04D8, 0x04D8},
  {0x04DA, 0x04DA},
  {0x04DC, 0x04DC},
  {0x04DE, 0x04DE},
  {0x04E0, 0x04E0},
  {0x04E2, 0x04E2},
  {0x04E4, 0x04E4},
  {0x04E6, 0x04E6},
  {0x04E8, 0x04E8},
  {0x04EA, 0x04EA},
  {0x04EC, 0x04EC},
  {0x04EE, 0x04EE},
  {0x04F0, 0x04F0},
  {0x04F2, 0x04F2},
  {0x04F4, 0x04F4},
  {0x04F6, 0x04F6},
  {0x04F8, 0x04F8},
  {0x04FA, 0x04FA},
  {0x04FC, 0x04FC},
  {0x04FE, 0x04FE},
  {0x0500, 0x0500},
  {0x0502, 0x0502},
  {0x0504, 0x0504},
  {0x0506, 0x0506},
  {0x0508, 0x0508},
  {0x050A, 0x050A},
  {0x050C, 0x050C},
  {0x050E, 0x050E},
  {0x0510, 0x0510},
  {0x0512, 0x0512},
  {0x0514, 0x0514},
  {0x0516, 0x0516},
  {0x0518, 0x0518},
  {0x051A, 0x051A},
  {0x051C, 0x051C},
  {0x051E, 0x051E},
  {0x0520, 0x0520},
  {0x0522, 0x0522},
  {0x0524, 0x0524},
  {0x0526, 0x0526},
  {0x0528, 0x0528},
  {0x052A, 0x052A},
  {0x052C, 0x052C},
  {0x052E, 0x052E},
  {0x0531, 0x0556},
  {0x10A0, 0x10C5},
  {0x10C7, 0x10C7},
  {0x10CD, 0x10CD},
  {0x13A0, 0x13F5},
  {0x1C89, 0x1C89},
  {0x1C90, 0x1CBA},
  {0x1CBD, 0x1CBF},
  {0x1E00, 0x1E00},
  {0x1E02, 0x1E02},
  {0x1E04, 0x1E04},
  {0x1E06, 0x1E06},
  {0x1E08, 0x1E08},
  {0x1E0A, 0x1E0A},
  {0x1E0C, 0x1E0C},
  {0x1E0E, 0x1E0E},
  {0x1E10, 0x1E10},
  {0x1E12, 0x1E12},
  {0x1E14, 0x1E14},
  {0x1E16, 0x1E16},
  {0x1E18, 0x1E18},
  {0x1E1A, 0x1E1A},
  {0x1E1C, 0x1E1C},
  {0x1E1E, 0x1E1E},
  {0x1E20, 0x1E20},
  {0x1E22, 0x1E22},
  {0x1E24, 0x1E24},
  {0x1E26, 0x1E26},
  {0x1E28, 0x1E28},
  {0x1E2A, 0x1E2A},
  {0x1E2C, 0x1E2C},
  {0x1E2E, 0x1E2E},
  {0x1E30, 0x1E30},
  {0x1E32, 0x1E32},
  {0x1E34, 0x1E34},
  {0x1E36, 0x1E36},
  {0x1E38, 0x1E38},
  {0x1E3A, 0x1E3A},
  {0x1E3C, 0x1E3C},
  {0x1E3E, 0x1E3E},
  {0x1E40, 0x1E40},
  {0x1E42, 0x1E42},
  {0x1E44, 0x1E44},
  {0x1E46, 0x1E46},
  {0x1E48, 0x1E48},
  {0x1E4A, 0x1E4A},
  {0x1E4C, 0x1E4C},
  {0x1E4E, 0x1E4E},
  {0x1E50, 0x1E50},
  {0x1E52, 0x1E52},
  {0x1E54, 0x1E54},
  {0x1E56, 0x1E56},
  {0x1E58, 0x1E58},
  {0x1E5A, 0x1E5A},
  {0x1E5C, 0x1E5C},
  {0x1E5E, 0x1E5E},
  {0x1E60, 0x1E60},
  {0x1E62, 0x1E62},
  {0x1E64, 0x1E64},
  {0x1E66, 0x1E66},
  {0x1E68, 0x1E68},
  {0x1E6A, 0x1E6A},
  {0x1E6C, 0x1E6C},
  {0x1E6E, 0x1E6E},
  {0x1E70, 0x1E70},
  {0x1E72, 0x1E72},
  {0x1E74, 0x1E74},
  {0x1E76, 0x1E76},
  {0x1E78, 0x1E78},
  {0x1E7A, 0x1E7A},
  {0x1E7C, 0x1E7C},
  {0x1E7E, 0x1E7E},
  {0x1E80, 0x1E80},
  {0x1E82, 0x1E82},
  {0x1E84, 0x1E84},
  {0x1E86, 0x1E86},
  {0x1E88, 0x1E88},
  {0x1E8A, 0x1E8A},
  {0x1E8C, 0x1E8C},
  {0x1E8E, 0x1E8E},
  {0x1E90, 0x1E90},
  {0x1E92, 0x1E92},
  {0x1E94, 0x1E94},
  {0x1E9E, 0x1E9E},
  {0x1EA0, 0x1EA0},
  {0x1EA2, 0x1EA2},
  {0x1EA4, 0x1EA4},
  {0x1EA6, 0x1EA6},
  {0x1EA8, 0x1EA8},
  {0x1EAA, 0x1EAA},
  {0x1EAC, 0x1EAC},
  {0x1EAE, 0x1EAE},
  {0x1EB0, 0x1EB0},
  {0x1EB2, 0x1EB2},
  {0x1EB4, 0x1EB4},
  {0x1EB6, 0x1EB6},
  {0x1EB8, 0x1EB8},
  {0x1EBA, 0x1EBA},
  {0x1EBC, 0x1EBC},
  {0x1EBE, 0x1EBE},
  {0x1EC0, 0x1EC0},
  {0x1EC2, 0x1EC2},
  {0x1EC4, 0x1EC4},
  {0x1EC6, 0x1EC6},
  {0x1EC8, 0x1EC8},
  {0x1ECA, 0x1ECA},
  {0x1ECC, 0x1ECC},
  {0x1ECE, 0x1ECE},
  {0x1ED0, 0x1ED0},
  {0x1ED2, 0x1ED2},
  {0x1ED4, 0x1ED4},
  {0x1ED6, 0x1ED6},
  {0x1ED8, 0x1ED8},
  {0x1EDA, 0x1EDA},
  {0x1EDC, 0x1EDC},
  {0x1EDE, 0x1EDE},
  {0x1EE0, 0x1EE0},
  {0x1EE2, 0x1EE2},
  {0x1EE4, 0x1EE4},
  {0x1EE6, 0x1EE6},
  {0x1EE8, 0x1EE8},
  {0x1EEA, 0x1EEA},
  {0x1EEC, 0x1EEC},
  {0x1EEE, 0x1EEE},
  {0x1EF0, 0x1EF0},
  {0x1EF2, 0x1EF2},
  {0x1EF4, 0x1EF4},
  {0x1EF6, 0x1EF6},
  {0x1EF8, 0x1EF8},
  {0x1EFA, 0x1EFA},
  {0x1EFC, 0x1EFC},
  {0x1EFE, 0x1EFE},
  {0x1F08, 0x1F0F},
  {0x1F18, 0x1F1D},
  {0x1F28, 0x1F2F},
  {0x1F38, 0x1F3F},
  {0x1F48, 0x1F4D},
  {0x1F59, 0x1F59},
  {0x1F5B, 0x1F5B},
  {0x1F5D, 0x1F5D},
  {0x1F5F, 0x1F5F},
  {0x1F68, 0x1F6F},
  {0x1FB8, 0x1FBB},
  {0x1FC8, 0x1FCB},
  {0x1FD8, 0x1FDB},
  {0x1FE8, 0x1FEC},
  {0x1FF8, 0x1FFB},
  {0x2102, 0x2102},
  {0x2107, 0x2107},
  {0x210B, 0x210D},
  {0x2110, 0x2112},
  {0x2115, 0x2115},
  {0x2119, 0x211D},
  {0x2124, 0x2124},
  {0x2126, 0x2126},
  {0x2128, 0x2128},
  {0x212A, 0x212D},
  {0x2130, 0x2133},
  {0x213E, 0x213F},
  {0x2145, 0x2145},
  {0x2183, 0x2183},
  {0x2C00, 0x2C2F},
  {0x2C60, 0x2C60},
  {0x2C62, 0x2C64},
  {0x2C67, 0x2C67},
  {0x2C69, 0x2C69},
  {0x2C6B, 0x2C6B},
  {0x2C6D, 0x2C70},
  {0x2C72, 0x2C72},
  {0x2C75, 0x2C75},
  {0x2C7E, 0x2C80},
  {0x2C82, 0x2C82},
  {0x2C84, 0x2C84},
  {0x2C86, 0x2C86},
  {0x2C88, 0x2C88},
  {0x2C8A, 0x2C8A},
  {0x2C8C, 0x2C8C},
  {0x2C8E, 0x2C8E},
  {0x2C90, 0x2C90},
  {0x2C92, 0x2C92},
  {0x2C94, 0x2C94},
  {0x2C96, 0x2C96},
  {0x2C98, 0x2C98},
  {0x2C9A, 0x2C9A},
  {0x2C9C, 0x2C9C},
  {0x2C9E, 0x2C9E},
  {0x2CA0, 0x2CA0},
  {0x2CA2, 0x2CA2},
  {0x2CA4, 0x2CA4},
  {0x2CA6, 0x2CA6},
  {0x2CA8, 0x2CA8},
  {0x2CAA, 0x2CAA},
  {0x2CAC, 0x2CAC},
  {0x2CAE, 0x2CAE},
  {0x2CB0, 0x2CB0},
  {0x2CB2, 0x2CB2},
  {0x2CB4, 0x2CB4},
  {0x2CB6, 0x2CB6},
  {0x2CB8, 0x2CB8},
  {0x2CBA, 0x2CBA},
  {0x2CBC, 0x2CBC},
  {0x2CBE, 0x2CBE},
  {0x2CC0, 0x2CC0},
  {0x2CC2, 0x2CC2},
  {0x2CC4, 0x2CC4},
  {0x2CC6, 0x2CC6},
  {0x2CC8, 0x2CC8},
  {0x2CCA, 0x2CCA},
  {0x2CCC, 0x2CCC},
  {0x2CCE, 0x2CCE},
  {0x2CD0, 0x2CD0},
  {0x2CD2, 0x2CD2},
  {0x2CD4, 0x2CD4},
  {0x2CD6, 0x2CD6},
  {0x2CD8, 0x2CD8},
  {0x2CDA, 0x2CDA},
  {0x2CDC, 0x2CDC},
  {0x2CDE, 0x2CDE},
  {0x2CE0, 0x2CE0},
  {0x2CE2, 0x2CE2},
  {0x2CEB, 0x2CEB},
  {0x2CED, 0x2CED},
  {0x2CF2, 0x2CF2},
  {0xA640, 0xA640},
  {0xA642, 0xA642},
  {0xA644, 0xA644},
  {0xA646, 0xA646},
  {0xA648, 0xA648},
  {0xA64A, 0xA64A},
  {0xA64C, 0xA64C},
  {0xA64E, 0xA64E},
  {0xA650, 0xA650},
  {0xA652, 0xA652},
  {0xA654, 0xA654},
  {0xA656, 0xA656},
  {0xA658, 0xA658},
  {0xA65A, 0xA65A},
  {0xA65C, 0xA65C},
  {0xA65E, 0xA65E},
  {0xA660, 0xA660},
  {0xA662, 0xA662},
  {0xA664, 0xA664},
  {0xA666, 0xA666},
  {0xA668, 0xA668},
  {0xA66A, 0xA66A},
  {0xA66C, 0xA66C},
  {0xA680, 0xA680},
  {0xA682, 0xA682},
  {0xA684, 0xA684},
  {0xA686, 0xA686},
  {0xA688, 0xA688},
  {0xA68A, 0xA68A},
  {0xA68C, 0xA68C},
  {0xA68E, 0xA68E},
  {0xA690, 0xA690},
  {0xA692, 0xA692},
  {0xA694, 0xA694},
  {0xA696, 0xA696},
  {0xA698, 0xA698},
  {0xA69A, 0xA69A},
  {0xA722, 0xA722},
  {0xA724, 0xA724},
  {0xA726, 0xA726},
  {0xA728, 0xA728},
  {0xA72A, 0xA72A},
  {0xA72C, 0xA72C},
  {0xA72E, 0xA72E},
  {0xA732, 0xA732},
  {0xA734, 0xA734},
  {0xA736, 0xA736},
  {0xA738, 0xA738},
  {0xA73A, 0xA73A},
  {0xA73C, 0xA73C},
  {0xA73E, 0xA73E},
  {0xA740, 0xA740},
  {0xA742, 0xA742},
  {0xA744, 0xA744},
  {0xA746, 0xA746},
  {0xA748, 0xA748},
  {0xA74A, 0xA74A},
  {0xA74C, 0xA74C},
  {0xA74E, 0xA74E},
  {0xA750, 0xA750},
  {0xA752, 0xA752},
  {0xA754, 0xA754},
  {0xA756, 0xA756},
  {0xA758, 0xA758},
  {0xA75A, 0xA75A},
  {0xA75C, 0xA75C},
  {0xA75E, 0xA75E},
  {0xA760, 0xA760},
  {0xA762, 0xA762},
  {0xA764, 0xA764},
  {0xA766, 0xA766},
  {0xA768, 0xA768},
  {0xA76A, 0xA76A},
  {0xA76C, 0xA76C},
  {0xA76E, 0xA76E},
  {0xA779, 0xA779},
  {0xA77B, 0xA77B},
  {0xA77D, 0xA77E},
  {0xA780, 0xA780},
  {0xA782, 0xA782},
  {0xA784, 0xA784},
  {0xA786, 0xA786},
  {0xA78B, 0xA78B},
  {0xA78D, 0xA78D},
  {0xA790, 0xA790},
  {0xA792, 0xA792},
  {0xA796, 0xA796},
  {0xA798, 0xA798},
  {0xA79A, 0xA79A},
  {0xA79C, 0xA79C},
  {0xA79E, 0xA79E},
  {0xA7A0, 0xA7A0},
  {0xA7A2, 0xA7A2},
  {0xA7A4, 0xA7A4},
  {0xA7A6, 0xA7A6},
  {0xA7A8, 0xA7A8},
  {0xA7AA, 0xA7AE},
  {0xA7B0, 0xA7B4},
  {0xA7B6, 0xA7B6},
  {0xA7B8, 0xA7B8},
  {0xA7BA, 0xA7BA},
  {0xA7BC, 0xA7BC},
  {0xA7BE, 0xA7BE},
  {0xA7C0, 0xA7C0},
  {0xA7C2, 0xA7C2},
  {0xA7C4, 0xA7C7},
  {0xA7C9, 0xA7C9},
  {0xA7CB, 0xA7CC},
  {0xA7CE, 0xA7CE},
  {0xA7D0, 0xA7D0},
  {0xA7D2, 0xA7D2},
  {0xA7D4, 0xA7D4},
  {0xA7D6, 0xA7D6},
  {0xA7D8, 0xA7D8},
  {0xA7DA, 0xA7DA},
  {0xA7DC, 0xA7DC},
  {0xA7F5, 0xA7F5},
  {0xFF21, 0xFF3A},
  {0x10400, 0x10427},
  {0x104B0, 0x104D3},
  {0x10570, 0x1057A},
  {0x1057C, 0x1058A},
  {0x1058C, 0x10592},
  {0x10594, 0x10595},
  {0x10C80, 0x10CB2},
  {0x10D50, 0x10D65},
  {0x118A0, 0x118BF},
  {0x16E40, 0x16E5F},
  {0x16EA0, 0x16EB8},
  {0x1D400, 0x1D419},
  {0x1D434, 0x1D44D},
  {0x1D468, 0x1D481},
  {0x1D49C, 0x1D49C},
  {0x1D49E, 0x1D49F},
  {0x1D4A2, 0x1D4A2},
  {0x1D4A5, 0x1D4A6},
  {0x1D4A9, 0x1D4AC},
  {0x1D4AE, 0x1D4B5},
  {0x1D4D0, 0x1D4E9},
  {0x1D504, 0x1D505},
  {0x1D507, 0x1D50A},
  {0x1D50D, 0x1D514},
  {0x1D516, 0x1D51C},
  {0x1D538, 0x1D539},
  {0x1D53B, 0x1D53E},
  {0x1D540, 0x1D544},
  {0x1D546, 0x1D546},
  {0x1D54A, 0x1D550},
  {0x1D56C, 0x1D585},
  {0x1D5A0, 0x1D5B9},
  {0x1D5D4, 0x1D5ED},
  {0x1D608, 0x1D621},
  {0x1D63C, 0x1D655},
  {0x1D670, 0x1D689},
  {0x1D6A8, 0x1D6C0},
  {0x1D6E2, 0x1D6FA},
  {0x1D71C, 0x1D734},
  {0x1D756, 0x1D76E},
  {0x1D790, 0x1D7A8},
  {0x1D7CA, 0x1D7CA},
  {0x1E900, 0x1E921},
  {0x0300, 0x036F},
  {0x0483, 0x0489},
  {0x0591, 0x05BD},
  {0x05BF, 0x05BF},
  {0x05C1, 0x05C2},
  {0x05C4, 0x05C5},
  {0x05C7, 0x05C7},
  {0x0610, 0x061A},
  {0x064B, 0x065F},
  {0x0670, 0x0670},
  {0x06D6, 0x06DC},
  {0x06DF, 0x06E4},
  {0x06E7, 0x06E8},
  {0x06EA, 0x06ED},
  {0x0711, 0x0711},
  {0x0730, 0x074A},
  {0x07A6, 0x07B0},
  {0x07EB, 0x07F3},
  {0x07FD, 0x07FD},
  {0x0816, 0x0819},
  {0x081B, 0x0823},
  {0x0825, 0x0827},
  {0x0829, 0x082D},
  {0x0859, 0x085B},
  {0x0897, 0x089F},
  {0x08CA, 0x08E1},
  {0x08E3, 0x0903},
  {0x093A, 0x093C},
  {0x093E, 0x094F},
  {0x0951, 0x0957},
  {0x0962, 0x0963},
  {0x0981, 0x0983},
  {0x09BC, 0x09BC},
  {0x09BE, 0x09C4},
  {0x09C7, 0x09C8},
  {0x09CB, 0x09CD},
  {0x09D7, 0x09D7},
  {0x09E2, 0x09E3},
  {0x09FE, 0x09FE},
  {0x0A01, 0x0A03},
  {0x0A3C, 0x0A3C},
  {0x0A3E, 0x0A42},
  {0x0A47, 0x0A48},
  {0x0A4B, 0x0A4D},
  {0x0A51, 0x0A51},
  {0x0A70, 0x0A71},
  {0x0A75, 0x0A75},
  {0x0A81, 0x0A83},
  {0x0ABC, 0x0ABC},
  {0x0ABE, 0x0AC5},
  {0x0AC7, 0x0AC9},
  {0x0ACB, 0x0ACD},
  {0x0AE2, 0x0AE3},
  {0x0AFA, 0x0AFF},
  {0x0B01, 0x0B03},
  {0x0B3C, 0x0B3C},
  {0x0B3E, 0x0B44},
  {0x0B47, 0x0B48},
  {0x0B4B, 0x0B4D},
  {0x0B55, 0x0B57},
  {0x0B62, 0x0B63},
  {0x0B82, 0x0B82},
  {0x0BBE, 0x0BC2},
  {0x0BC6, 0x0BC8},
  {0x0BCA, 0x0BCD},
  {0x0BD7, 0x0BD7},
  {0x0C00, 0x0C04},
  {0x0C3C, 0x0C3C},
  {0x0C3E, 0x0C44},
  {0x0C46, 0x0C48},
  {0x0C4A, 0x0C4D},
  {0x0C55, 0x0C56},
  {0x0C62, 0x0C63},
  {0x0C81, 0x0C83},
  {0x0CBC, 0x0CBC},
  {0x0CBE, 0x0CC4},
  {0x0CC6, 0x0CC8},
  {0x0CCA, 0x0CCD},
  {0x0CD5, 0x0CD6},
  {0x0CE2, 0x0CE3},
  {0x0CF3, 0x0CF3},
  {0x0D00, 0x0D03},
  {0x0D3B, 0x0D3C},
  {0x0D3E, 0x0D44},
  {0x0D46, 0x0D48},
  {0x0D4A, 0x0D4D},
  {0x0D57, 0x0D57},
  {0x0D62, 0x0D63},
  {0x0D81, 0x0D83},
  {0x0DCA, 0x0DCA},
  {0x0DCF, 0x0DD4},
  {0x0DD6, 0x0DD6},
  {0x0DD8, 0x0DDF},
  {0x0DF2, 0x0DF3},
  {0x0E31, 0x0E31},
  {0x0E34, 0x0E3A},
  {0x0E47, 0x0E4E},
  {0x0EB1, 0x0EB1},
  {0x0EB4, 0x0EBC},
  {0x0EC8, 0x0ECE},
  {0x0F18, 0x0F19},
  {0x0F35, 0x0F35},
  {0x0F37, 0x0F37},
  {0x0F39, 0x0F39},
  {0x0F3E, 0x0F3F},
  {0x0F71, 0x0F84},
  {0x0F86, 0x0F87},
  {0x0F8D, 0x0F97},
  {0x0F99, 0x0FBC},
  {0x0FC6, 0x0FC6},
  {0x102B, 0x103E},
  {0x1056, 0x1059},
  {0x105E, 0x1060},
  {0x1062, 0x1064},
  {0x1067, 0x106D},
  {0x1071, 0x1074},
  {0x1082, 0x108D},
  {0x108F, 0x108F},
  {0x109A, 0x109D},
  {0x135D, 0x135F},
  {0x1712, 0x1715},
  {0x1732, 0x1734},
  {0x1752, 0x1753},
  {0x1772, 0x1773},
  {0x17B4, 0x17D3},
  {0x17DD, 0x17DD},
  {0x180B, 0x180D},
  {0x180F, 0x180F},
  {0x1885, 0x1886},
  {0x18A9, 0x18A9},
  {0x1920, 0x192B},
  {0x1930, 0x193B},
  {0x1A17, 0x1A1B},
  {0x1A55, 0x1A5E},
  {0x1A60, 0x1A7C},
  {0x1A7F, 0x1A7F},
  {0x1AB0, 0x1ADD},
  {0x1AE0, 0x1AEB},
  {0x1B00, 0x1B04},
  {0x1B34, 0x1B44},
  {0x1B6B, 0x1B73},
  {0x1B80, 0x1B82},
  {0x1BA1, 0x1BAD},
  {0x1BE6, 0x1BF3},
  {0x1C24, 0x1C37},
  {0x1CD0, 0x1CD2},
  {0x1CD4, 0x1CE8},
  {0x1CED, 0x1CED},
  {0x1CF4, 0x1CF4},
  {0x1CF7, 0x1CF9},
  {0x1DC0, 0x1DFF},
  {0x20D0, 0x20F0},
  {0x2CEF, 0x2CF1},
  {0x2D7F, 0x2D7F},
  {0x2DE0, 0x2DFF},
  {0x302A, 0x302F},
  {0x3099, 0x309A},
  {0xA66F, 0xA672},
  {0xA674, 0xA67D},
  {0xA69E, 0xA69F},
  {0xA6F0, 0xA6F1},
  {0xA802, 0xA802},
  {0xA806, 0xA806},
  {0xA80B, 0xA80B},
  {0xA823, 0xA827},
  {0xA82C, 0xA82C},
  {0xA880, 0xA881},
  {0xA8B4, 0xA8C5},
  {0xA8E0, 0xA8F1},
  {0xA8FF, 0xA8FF},
  {0xA926, 0xA92D},
  {0xA947, 0xA953},
  {0xA980, 0xA983},
  {0xA9B3, 0xA9C0},
  {0xA9E5, 0xA9E5},
  {0xAA29, 0xAA36},
  {0xAA43, 0xAA43},
  {0xAA4C, 0xAA4D},
  {0xAA7B, 0xAA7D},
  {0xAAB0, 0xAAB0},
  {0xAAB2, 0xAAB4},
  {0xAAB7, 0xAAB8},
  {0xAABE, 0xAABF},
  {0xAAC1, 0xAAC1},
  {0xAAEB, 0xAAEF},
  {0xAAF5, 0xAAF6},
  {0xABE3, 0xABEA},
  {0xABEC, 0xABED},
  {0xFB1E, 0xFB1E},
  {0xFE00, 0xFE0F},
  {0xFE20, 0xFE2F},
  {0x101FD, 0x101FD},
  {0x102E0, 0x102E0},
  {0x10376, 0x1037A},
  {0x10A01, 0x10A03},
  {0x10A05, 0x10A06},
  {0x10A0C, 0x10A0F},
  {0x10A38, 0x10A3A},
  {0x10A3F, 0x10A3F},
  {0x10AE5, 0x10AE6},
  {0x10D24, 0x10D27},
  {0x10D69, 0x10D6D},
  {0x10EAB, 0x10EAC},
  {0x10EFA, 0x10EFF},
  {0x10F46, 0x10F50},
  {0x10F82, 0x10F85},
  {0x11000, 0x11002},
  {0x11038, 0x11046},
  {0x11070, 0x11070},
  {0x11073, 0x11074},
  {0x1107F, 0x11082},
  {0x110B0, 0x110BA},
  {0x110C2, 0x110C2},
  {0x11100, 0x11102},
  {0x11127, 0x11134},
  {0x11145, 0x11146},
  {0x11173, 0x11173},
  {0x11180, 0x11182},
  {0x111B3, 0x111C0},
  {0x111C9, 0x111CC},
  {0x111CE, 0x111CF},
  {0x1122C, 0x11237},
  {0x1123E, 0x1123E},
  {0x11241, 0x11241},
  {0x112DF, 0x112EA},
  {0x11300, 0x11303},
  {0x1133B, 0x1133C},
  {0x1133E, 0x11344},
  {0x11347, 0x11348},
  {0x1134B, 0x1134D},
  {0x11357, 0x11357},
  {0x11362, 0x11363},
  {0x11366, 0x1136C},
  {0x11370, 0x11374},
  {0x113B8, 0x113C0},
  {0x113C2, 0x113C2},
  {0x113C5, 0x113C5},
  {0x113C7, 0x113CA},
  {0x113CC, 0x113D0},
  {0x113D2, 0x113D2},
  {0x113E1, 0x113E2},
  {0x11435, 0x11446},
  {0x1145E, 0x1145E},
  {0x114B0, 0x114C3},
  {0x115AF, 0x115B5},
  {0x115B8, 0x115C0},
  {0x115DC, 0x115DD},
  {0x11630, 0x11640},
  {0x116AB, 0x116B7},
  {0x1171D, 0x1172B},
  {0x1182C, 0x1183A},
  {0x11930, 0x11935},
  {0x11937, 0x11938},
  {0x1193B, 0x1193E},
  {0x11940, 0x11940},
  {0x11942, 0x11943},
  {0x119D1, 0x119D7},
  {0x119DA, 0x119E0},
  {0x119E4, 0x119E4},
  {0x11A01, 0x11A0A},
  {0x11A33, 0x11A39},
  {0x11A3B, 0x11A3E},
  {0x11A47, 0x11A47},
  {0x11A51, 0x11A5B},
  {0x11A8A, 0x11A99},
  {0x11B60, 0x11B67},
  {0x11C2F, 0x11C36},
  {0x11C38, 0x11C3F},
  {0x11C92, 0x11CA7},
  {0x11CA9, 0x11CB6},
  {0x11D31, 0x11D36},
  {0x11D3A, 0x11D3A},
  {0x11D3C, 0x11D3D},
  {0x11D3F, 0x11D45},
  {0x11D47, 0x11D47},
  {0x11D8A, 0x11D8E},
  {0x11D90, 0x11D91},
  {0x11D93, 0x11D97},
  {0x11EF3, 0x11EF6},
  {0x11F00, 0x11F01},
  {0x11F03, 0x11F03},
  {0x11F34, 0x11F3A},
  {0x11F3E, 0x11F42},
  {0x11F5A, 0x11F5A},
  {0x13440, 0x13440},
  {0x13447, 0x13455},
  {0x1611E, 0x1612F},
  {0x16AF0, 0x16AF4},
  {0x16B30, 0x16B36},
  {0x16F4F, 0x16F4F},
  {0x16F51, 0x16F87},
  {0x16F8F, 0x16F92},
  {0x16FE4, 0x16FE4},
  {0x16FF0, 0x16FF1},
  {0x1BC9D, 0x1BC9E},
  {0x1CF00, 0x1CF2D},
  {0x1CF30, 0x1CF46},
  {0x1D165, 0x1D169},
  {0x1D16D, 0x1D172},
  {0x1D17B, 0x1D182},
  {0x1D185, 0x1D18B},
  {0x1D1AA, 0x1D1AD},
  {0x1D242, 0x1D244},
  {0x1DA00, 0x1DA36},
  {0x1DA3B, 0x1DA6C},
  {0x1DA75, 0x1DA75},
  {0x1DA84, 0x1DA84},
  {0x1DA9B, 0x1DA9F},
  {0x1DAA1, 0x1DAAF},
  {0x1E000, 0x1E006},
  {0x1E008, 0x1E018},
  {0x1E01B, 0x1E021},
  {0x1E023, 0x1E024},
  {0x1E026, 0x1E02A},
  {0x1E08F, 0x1E08F},
  {0x1E130, 0x1E136},
  {0x1E2AE, 0x1E2AE},
  {0x1E2EC, 0x1E2EF},
  {0x1E4EC, 0x1E4EF},
  {0x1E5EE, 0x1E5EF},
  {0x1E6E3, 0x1E6E3},
  {0x1E6E6, 0x1E6E6},
  {0x1E6EE, 0x1E6EF},
  {0x1E6F5, 0x1E6F5},
  {0x1E8D0, 0x1E8D6},
  {0x1E944, 0x1E94A},
  {0xE0100, 0xE01EF},
  {0x0903, 0x0903},
  {0x093B, 0x093B},
  {0x093E, 0x0940},
  {0x0949, 0x094C},
  {0x094E, 0x094F},
  {0x0982, 0x0983},
  {0x09BE, 0x09C0},
  {0x09C7, 0x09C8},
  {0x09CB, 0x09CC},
  {0x09D7, 0x09D7},
  {0x0A03, 0x0A03},
  {0x0A3E, 0x0A40},
  {0x0A83, 0x0A83},
  {0x0ABE, 0x0AC0},
  {0x0AC9, 0x0AC9},
  {0x0ACB, 0x0ACC},
  {0x0B02, 0x0B03},
  {0x0B3E, 0x0B3E},
  {0x0B40, 0x0B40},
  {0x0B47, 0x0B48},
  {0x0B4B, 0x0B4C},
  {0x0B57, 0x0B57},
  {0x0BBE, 0x0BBF},
  {0x0BC1, 0x0BC2},
  {0x0BC6, 0x0BC8},
  {0x0BCA, 0x0BCC},
  {0x0BD7, 0x0BD7},
  {0x0C01, 0x0C03},
  {0x0C41, 0x0C44},
  {0x0C82, 0x0C83},
  {0x0CBE, 0x0CBE},
  {0x0CC0, 0x0CC4},
  {0x0CC7, 0x0CC8},
  {0x0CCA, 0x0CCB},
  {0x0CD5, 0x0CD6},
  {0x0CF3, 0x0CF3},
  {0x0D02, 0x0D03},
  {0x0D3E, 0x0D40},
  {0x0D46, 0x0D48},
  {0x0D4A, 0x0D4C},
  {0x0D57, 0x0D57},
  {0x0D82, 0x0D83},
  {0x0DCF, 0x0DD1},
  {0x0DD8, 0x0DDF},
  {0x0DF2, 0x0DF3},
  {0x0F3E, 0x0F3F},
  {0x0F7F, 0x0F7F},
  {0x102B, 0x102C},
  {0x1031, 0x1031},
  {0x1038, 0x1038},
  {0x103B, 0x103C},
  {0x1056, 0x1057},
  {0x1062, 0x1064},
  {0x1067, 0x106D},
  {0x1083, 0x1084},
  {0x1087, 0x108C},
  {0x108F, 0x108F},
  {0x109A, 0x109C},
  {0x1715, 0x1715},
  {0x1734, 0x1734},
  {0x17B6, 0x17B6},
  {0x17BE, 0x17C5},
  {0x17C7, 0x17C8},
  {0x1923, 0x1926},
  {0x1929, 0x192B},
  {0x1930, 0x1931},
  {0x1933, 0x1938},
  {0x1A19, 0x1A1A},
  {0x1A55, 0x1A55},
  {0x1A57, 0x1A57},
  {0x1A61, 0x1A61},
  {0x1A63, 0x1A64},
  {0x1A6D, 0x1A72},
  {0x1B04, 0x1B04},
  {0x1B35, 0x1B35},
  {0x1B3B, 0x1B3B},
  {0x1B3D, 0x1B41},
  {0x1B43, 0x1B44},
  {0x1B82, 0x1B82},
  {0x1BA1, 0x1BA1},
  {0x1BA6, 0x1BA7},
  {0x1BAA, 0x1BAA},
  {0x1BE7, 0x1BE7},
  {0x1BEA, 0x1BEC},
  {0x1BEE, 0x1BEE},
  {0x1BF2, 0x1BF3},
  {0x1C24, 0x1C2B},
  {0x1C34, 0x1C35},
  {0x1CE1, 0x1CE1},
  {0x1CF7, 0x1CF7},
  {0x302E, 0x302F},
  {0xA823, 0xA824},
  {0xA827, 0xA827},
  {0xA880, 0xA881},
  {0xA8B4, 0xA8C3},
  {0xA952, 0xA953},
  {0xA983, 0xA983},
  {0xA9B4, 0xA9B5},
  {0xA9BA, 0xA9BB},
  {0xA9BE, 0xA9C0},
  {0xAA2F, 0xAA30},
  {0xAA33, 0xAA34},
  {0xAA4D, 0xAA4D},
  {0xAA7B, 0xAA7B},
  {0xAA7D, 0xAA7D},
  {0xAAEB, 0xAAEB},
  {0xAAEE, 0xAAEF},
  {0xAAF5, 0xAAF5},
  {0xABE3, 0xABE4},
  {0xABE6, 0xABE7},
  {0xABE9, 0xABEA},
  {0xABEC, 0xABEC},
  {0x11000, 0x11000},
  {0x11002, 0x11002},
  {0x11082, 0x11082},
  {0x110B0, 0x110B2},
  {0x110B7, 0x110B8},
  {0x1112C, 0x1112C},
  {0x11145, 0x11146},
  {0x11182, 0x11182},
  {0x111B3, 0x111B5},
  {0x111BF, 0x111C0},
  {0x111CE, 0x111CE},
  {0x1122C, 0x1122E},
  {0x11232, 0x11233},
  {0x11235, 0x11235},
  {0x112E0, 0x112E2},
  {0x11302, 0x11303},
  {0x1133E, 0x1133F},
  {0x11341, 0x11344},
  {0x11347, 0x11348},
  {0x1134B, 0x1134D},
  {0x11357, 0x11357},
  {0x11362, 0x11363},
  {0x113B8, 0x113BA},
  {0x113C2, 0x113C2},
  {0x113C5, 0x113C5},
  {0x113C7, 0x113CA},
  {0x113CC, 0x113CD},
  {0x113CF, 0x113CF},
  {0x11435, 0x11437},
  {0x11440, 0x11441},
  {0x11445, 0x11445},
  {0x114B0, 0x114B2},
  {0x114B9, 0x114B9},
  {0x114BB, 0x114BE},
  {0x114C1, 0x114C1},
  {0x115AF, 0x115B1},
  {0x115B8, 0x115BB},
  {0x115BE, 0x115BE},
  {0x11630, 0x11632},
  {0x1163B, 0x1163C},
  {0x1163E, 0x1163E},
  {0x116AC, 0x116AC},
  {0x116AE, 0x116AF},
  {0x116B6, 0x116B6},
  {0x1171E, 0x1171E},
  {0x11720, 0x11721},
  {0x11726, 0x11726},
  {0x1182C, 0x1182E},
  {0x11838, 0x11838},
  {0x11930, 0x11935},
  {0x11937, 0x11938},
  {0x1193D, 0x1193D},
  {0x11940, 0x11940},
  {0x11942, 0x11942},
  {0x119D1, 0x119D3},
  {0x119DC, 0x119DF},
  {0x119E4, 0x119E4},
  {0x11A39, 0x11A39},
  {0x11A57, 0x11A58},
  {0x11A97, 0x11A97},
  {0x11B61, 0x11B61},
  {0x11B65, 0x11B65},
  {0x11B67, 0x11B67},
  {0x11C2F, 0x11C2F},
  {0x11C3E, 0x11C3E},
  {0x11CA9, 0x11CA9},
  {0x11CB1, 0x11CB1},
  {0x11CB4, 0x11CB4},
  {0x11D8A, 0x11D8E},
  {0x11D93, 0x11D94},
  {0x11D96, 0x11D96},
  {0x11EF5, 0x11EF6},
  {0x11F03, 0x11F03},
  {0x11F34, 0x11F35},
  {0x11F3E, 0x11F3F},
  {0x11F41, 0x11F41},
  {0x1612A, 0x1612C},
  {0x16F51, 0x16F87},
  {0x16FF0, 0x16FF1},
  {0x1D165, 0x1D166},
  {0x1D16D, 0x1D172},
  {0x0488, 0x0489},
  {0x1ABE, 0x1ABE},
  {0x20DD, 0x20E0},
  {0x20E2, 0x20E4},
  {0xA670, 0xA672},
  {0x0300, 0x036F},
  {0x0483, 0x0487},
  {0x0591, 0x05BD},
  {0x05BF, 0x05BF},
  {0x05C1, 0x05C2},
  {0x05C4, 0x05C5},
  {0x05C7, 0x05C7},
  {0x0610, 0x061A},
  {0x064B, 0x065F},
  {0x0670, 0x0670},
  {0x06D6, 0x06DC},
  {0x06DF, 0x06E4},
  {0x06E7, 0x06E8},
  {0x06EA, 0x06ED},
  {0x0711, 0x0711},
  {0x0730, 0x074A},
  {0x07A6, 0x07B0},
  {0x07EB, 0x07F3},
  {0x07FD, 0x07FD},
  {0x0816, 0x0819},
  {0x081B, 0x0823},
  {0x0825, 0x0827},
  {0x0829, 0x082D},
  {0x0859, 0x085B},
  {0x0897, 0x089F},
  {0x08CA, 0x08E1},
  {0x08E3, 0x0902},
  {0x093A, 0x093A},
  {0x093C, 0x093C},
  {0x0941, 0x0948},
  {0x094D, 0x094D},
  {0x0951, 0x0957},
  {0x0962, 0x0963},
  {0x0981, 0x0981},
  {0x09BC, 0x09BC},
  {0x09C1, 0x09C4},
  {0x09CD, 0x09CD},
  {0x09E2, 0x09E3},
  {0x09FE, 0x09FE},
  {0x0A01, 0x0A02},
  {0x0A3C, 0x0A3C},
  {0x0A41, 0x0A42},
  {0x0A47, 0x0A48},
  {0x0A4B, 0x0A4D},
  {0x0A51, 0x0A51},
  {0x0A70, 0x0A71},
  {0x0A75, 0x0A75},
  {0x0A81, 0x0A82},
  {0x0ABC, 0x0ABC},
  {0x0AC1, 0x0AC5},
  {0x0AC7, 0x0AC8},
  {0x0ACD, 0x0ACD},
  {0x0AE2, 0x0AE3},
  {0x0AFA, 0x0AFF},
  {0x0B01, 0x0B01},
  {0x0B3C, 0x0B3C},
  {0x0B3F, 0x0B3F},
  {0x0B41, 0x0B44},
  {0x0B4D, 0x0B4D},
  {0x0B55, 0x0B56},
  {0x0B62, 0x0B63},
  {0x0B82, 0x0B82},
  {0x0BC0, 0x0BC0},
  {0x0BCD, 0x0BCD},
  {0x0C00, 0x0C00},
  {0x0C04, 0x0C04},
  {0x0C3C, 0x0C3C},
  {0x0C3E, 0x0C40},
  {0x0C46, 0x0C48},
  {0x0C4A, 0x0C4D},
  {0x0C55, 0x0C56},
  {0x0C62, 0x0C63},
  {0x0C81, 0x0C81},
  {0x0CBC, 0x0CBC},
  {0x0CBF, 0x0CBF},
  {0x0CC6, 0x0CC6},
  {0x0CCC, 0x0CCD},
  {0x0CE2, 0x0CE3},
  {0x0D00, 0x0D01},
  {0x0D3B, 0x0D3C},
  {0x0D41, 0x0D44},
  {0x0D4D, 0x0D4D},
  {0x0D62, 0x0D63},
  {0x0D81, 0x0D81},
  {0x0DCA, 0x0DCA},
  {0x0DD2, 0x0DD4},
  {0x0DD6, 0x0DD6},
  {0x0E31, 0x0E31},
  {0x0E34, 0x0E3A},
  {0x0E47, 0x0E4E},
  {0x0EB1, 0x0EB1},
  {0x0EB4, 0x0EBC},
  {0x0EC8, 0x0ECE},
  {0x0F18, 0x0F19},
  {0x0F35, 0x0F35},
  {0x0F37, 0x0F37},
  {0x0F39, 0x0F39},
  {0x0F71, 0x0F7E},
  {0x0F80, 0x0F84},
  {0x0F86, 0x0F87},
  {0x0F8D, 0x0F97},
  {0x0F99, 0x0FBC},
  {0x0FC6, 0x0FC6},
  {0x102D, 0x1030},
  {0x1032, 0x1037},
  {0x1039, 0x103A},
  {0x103D, 0x103E},
  {0x1058, 0x1059},
  {0x105E, 0x1060},
  {0x1071, 0x1074},
  {0x1082, 0x1082},
  {0x1085, 0x1086},
  {0x108D, 0x108D},
  {0x109D, 0x109D},
  {0x135D, 0x135F},
  {0x1712, 0x1714},
  {0x1732, 0x1733},
  {0x1752, 0x1753},
  {0x1772, 0x1773},
  {0x17B4, 0x17B5},
  {0x17B7, 0x17BD},
  {0x17C6, 0x17C6},
  {0x17C9, 0x17D3},
  {0x17DD, 0x17DD},
  {0x180B, 0x180D},
  {0x180F, 0x180F},
  {0x1885, 0x1886},
  {0x18A9, 0x18A9},
  {0x1920, 0x1922},
  {0x1927, 0x1928},
  {0x1932, 0x1932},
  {0x1939, 0x193B},
  {0x1A17, 0x1A18},
  {0x1A1B, 0x1A1B},
  {0x1A56, 0x1A56},
  {0x1A58, 0x1A5E},
  {0x1A60, 0x1A60},
  {0x1A62, 0x1A62},
  {0x1A65, 0x1A6C},
  {0x1A73, 0x1A7C},
  {0x1A7F, 0x1A7F},
  {0x1AB0, 0x1ABD},
  {0x1ABF, 0x1ADD},
  {0x1AE0, 0x1AEB},
  {0x1B00, 0x1B03},
  {0x1B34, 0x1B34},
  {0x1B36, 0x1B3A},
  {0x1B3C, 0x1B3C},
  {0x1B42, 0x1B42},
  {0x1B6B, 0x1B73},
  {0x1B80, 0x1B81},
  {0x1BA2, 0x1BA5},
  {0x1BA8, 0x1BA9},
  {0x1BAB, 0x1BAD},
  {0x1BE6, 0x1BE6},
  {0x1BE8, 0x1BE9},
  {0x1BED, 0x1BED},
  {0x1BEF, 0x1BF1},
  {0x1C2C, 0x1C33},
  {0x1C36, 0x1C37},
  {0x1CD0, 0x1CD2},
  {0x1CD4, 0x1CE0},
  {0x1CE2, 0x1CE8},
  {0x1CED, 0x1CED},
  {0x1CF4, 0x1CF4},
  {0x1CF8, 0x1CF9},
  {0x1DC0, 0x1DFF},
  {0x20D0, 0x20DC},
  {0x20E1, 0x20E1},
  {0x20E5, 0x20F0},
  {0x2CEF, 0x2CF1},
  {0x2D7F, 0x2D7F},
  {0x2DE0, 0x2DFF},
  {0x302A, 0x302D},
  {0x3099, 0x309A},
  {0xA66F, 0xA66F},
  {0xA674, 0xA67D},
  {0xA69E, 0xA69F},
  {0xA6F0, 0xA6F1},
  {0xA802, 0xA802},
  {0xA806, 0xA806},
  {0xA80B, 0xA80B},
  {0xA825, 0xA826},
  {0xA82C, 0xA82C},
  {0xA8C4, 0xA8C5},
  {0xA8E0, 0xA8F1},
  {0xA8FF, 0xA8FF},
  {0xA926, 0xA92D},
  {0xA947, 0xA951},
  {0xA980, 0xA982},
  {0xA9B3, 0xA9B3},
  {0xA9B6, 0xA9B9},
  {0xA9BC, 0xA9BD},
  {0xA9E5, 0xA9E5},
  {0xAA29, 0xAA2E},
  {0xAA31, 0xAA32},
  {0xAA35, 0xAA36},
  {0xAA43, 0xAA43},
  {0xAA4C, 0xAA4C},
  {0xAA7C, 0xAA7C},
  {0xAAB0, 0xAAB0},
  {0xAAB2, 0xAAB4},
  {0xAAB7, 0xAAB8},
  {0xAABE, 0xAABF},
  {0xAAC1, 0xAAC1},
  {0xAAEC, 0xAAED},
  {0xAAF6, 0xAAF6},
  {0xABE5, 0xABE5},
  {0xABE8, 0xABE8},
  {0xABED, 0xABED},
  {0xFB1E, 0xFB1E},
  {0xFE00, 0xFE0F},
  {0xFE20, 0xFE2F},
  {0x101FD, 0x101FD},
  {0x102E0, 0x102E0},
  {0x10376, 0x1037A},
  {0x10A01, 0x10A03},
  {0x10A05, 0x10A06},
  {0x10A0C, 0x10A0F},
  {0x10A38, 0x10A3A},
  {0x10A3F, 0x10A3F},
  {0x10AE5, 0x10AE6},
  {0x10D24, 0x10D27},
  {0x10D69, 0x10D6D},
  {0x10EAB, 0x10EAC},
  {0x10EFA, 0x10EFF},
  {0x10F46, 0x10F50},
  {0x10F82, 0x10F85},
  {0x11001, 0x11001},
  {0x11038, 0x11046},
  {0x11070, 0x11070},
  {0x11073, 0x11074},
  {0x1107F, 0x11081},
  {0x110B3, 0x110B6},
  {0x110B9, 0x110BA},
  {0x110C2, 0x110C2},
  {0x11100, 0x11102},
  {0x11127, 0x1112B},
  {0x1112D, 0x11134},
  {0x11173, 0x11173},
  {0x11180, 0x11181},
  {0x111B6, 0x111BE},
  {0x111C9, 0x111CC},
  {0x111CF, 0x111CF},
  {0x1122F, 0x11231},
  {0x11234, 0x11234},
  {0x11236, 0x11237},
  {0x1123E, 0x1123E},
  {0x11241, 0x11241},
  {0x112DF, 0x112DF},
  {0x112E3, 0x112EA},
  {0x11300, 0x11301},
  {0x1133B, 0x1133C},
  {0x11340, 0x11340},
  {0x11366, 0x1136C},
  {0x11370, 0x11374},
  {0x113BB, 0x113C0},
  {0x113CE, 0x113CE},
  {0x113D0, 0x113D0},
  {0x113D2, 0x113D2},
  {0x113E1, 0x113E2},
  {0x11438, 0x1143F},
  {0x11442, 0x11444},
  {0x11446, 0x11446},
  {0x1145E, 0x1145E},
  {0x114B3, 0x114B8},
  {0x114BA, 0x114BA},
  {0x114BF, 0x114C0},
  {0x114C2, 0x114C3},
  {0x115B2, 0x115B5},
  {0x115BC, 0x115BD},
  {0x115BF, 0x115C0},
  {0x115DC, 0x115DD},
  {0x11633, 0x1163A},
  {0x1163D, 0x1163D},
  {0x1163F, 0x11640},
  {0x116AB, 0x116AB},
  {0x116AD, 0x116AD},
  {0x116B0, 0x116B5},
  {0x116B7, 0x116B7},
  {0x1171D, 0x1171D},
  {0x1171F, 0x1171F},
  {0x11722, 0x11725},
  {0x11727, 0x1172B},
  {0x1182F, 0x11837},
  {0x11839, 0x1183A},
  {0x1193B, 0x1193C},
  {0x1193E, 0x1193E},
  {0x11943, 0x11943},
  {0x119D4, 0x119D7},
  {0x119DA, 0x119DB},
  {0x119E0, 0x119E0},
  {0x11A01, 0x11A0A},
  {0x11A33, 0x11A38},
  {0x11A3B, 0x11A3E},
  {0x11A47, 0x11A47},
  {0x11A51, 0x11A56},
  {0x11A59, 0x11A5B},
  {0x11A8A, 0x11A96},
  {0x11A98, 0x11A99},
  {0x11B60, 0x11B60},
  {0x11B62, 0x11B64},
  {0x11B66, 0x11B66},
  {0x11C30, 0x11C36},
  {0x11C38, 0x11C3D},
  {0x11C3F, 0x11C3F},
  {0x11C92, 0x11CA7},
  {0x11CAA, 0x11CB0},
  {0x11CB2, 0x11CB3},
  {0x11CB5, 0x11CB6},
  {0x11D31, 0x11D36},
  {0x11D3A, 0x11D3A},
  {0x11D3C, 0x11D3D},
  {0x11D3F, 0x11D45},
  {0x11D47, 0x11D47},
  {0x11D90, 0x11D91},
  {0x11D95, 0x11D95},
  {0x11D97, 0x11D97},
  {0x11EF3, 0x11EF4},
  {0x11F00, 0x11F01},
  {0x11F36, 0x11F3A},
  {0x11F40, 0x11F40},
  {0x11F42, 0x11F42},
  {0x11F5A, 0x11F5A},
  {0x13440, 0x13440},
  {0x13447, 0x13455},
  {0x1611E, 0x16129},
  {0x1612D, 0x1612F},
  {0x16AF0, 0x16AF4},
  {0x16B30, 0x16B36},
  {0x16F4F, 0x16F4F},
  {0x16F8F, 0x16F92},
  {0x16FE4, 0x16FE4},
  {0x1BC9D, 0x1BC9E},
  {0x1CF00, 0x1CF2D},
  {0x1CF30, 0x1CF46},
  {0x1D167, 0x1D169},
  {0x1D17B, 0x1D182},
  {0x1D185, 0x1D18B},
  {0x1D1AA, 0x1D1AD},
  {0x1D242, 0x1D244},
  {0x1DA00, 0x1DA36},
  {0x1DA3B, 0x1DA6C},
  {0x1DA75, 0x1DA75},
  {0x1DA84, 0x1DA84},
  {0x1DA9B, 0x1DA9F},
  {0x1DAA1, 0x1DAAF},
  {0x1E000, 0x1E006},
  {0x1E008, 0x1E018},
  {0x1E01B, 0x1E021},
  {0x1E023, 0x1E024},
  {0x1E026, 0x1E02A},
  {0x1E08F, 0x1E08F},
  {0x1E130, 0x1E136},
  {0x1E2AE, 0x1E2AE},
  {0x1E2EC, 0x1E2EF},
  {0x1E4EC, 0x1E4EF},
  {0x1E5EE, 0x1E5EF},
  {0x1E6E3, 0x1E6E3},
  {0x1E6E6, 0x1E6E6},
  {0x1E6EE, 0x1E6EF},
  {0x1E6F5, 0x1E6F5},
  {0x1E8D0, 0x1E8D6},
  {0x1E944, 0x1E94A},
  {0xE0100, 0xE01EF},
  {0x0030, 0x0039},
  {0x00B2, 0x00B3},
  {0x00B9, 0x00B9},
  {0x00BC, 0x00BE},
  {0x0660, 0x0669},
  {0x06F0, 0x06F9},
  {0x07C0, 0x07C9},
  {0x0966, 0x096F},
  {0x09E6, 0x09EF},
  {0x09F4, 0x09F9},
  {0x0A66, 0x0A6F},
  {0x0AE6, 0x0AEF},
  {0x0B66, 0x0B6F},
  {0x0B72, 0x0B77},
  {0x0BE6, 0x0BF2},
  {0x0C66, 0x0C6F},
  {0x0C78, 0x0C7E},
  {0x0CE6, 0x0CEF},
  {0x0D58, 0x0D5E},
  {0x0D66, 0x0D78},
  {0x0DE6, 0x0DEF},
  {0x0E50, 0x0E59},
  {0x0ED0, 0x0ED9},
  {0x0F20, 0x0F33},
  {0x1040, 0x1049},
  {0x1090, 0x1099},
  {0x1369, 0x137C},
  {0x16EE, 0x16F0},
  {0x17E0, 0x17E9},
  {0x17F0, 0x17F9},
  {0x1810, 0x1819},
  {0x1946, 0x194F},
  {0x19D0, 0x19DA},
  {0x1A80, 0x1A89},
  {0x1A90, 0x1A99},
  {0x1B50, 0x1B59},
  {0x1BB0, 0x1BB9},
  {0x1C40, 0x1C49},
  {0x1C50, 0x1C59},
  {0x2070, 0x2070},
  {0x2074, 0x2079},
  {0x2080, 0x2089},
  {0x2150, 0x2182},
  {0x2185, 0x2189},
  {0x2460, 0x249B},
  {0x24EA, 0x24FF},
  {0x2776, 0x2793},
  {0x2CFD, 0x2CFD},
  {0x3007, 0x3007},
  {0x3021, 0x3029},
  {0x3038, 0x303A},
  {0x3192, 0x3195},
  {0x3220, 0x3229},
  {0x3248, 0x324F},
  {0x3251, 0x325F},
  {0x3280, 0x3289},
  {0x32B1, 0x32BF},
  {0xA620, 0xA629},
  {0xA6E6, 0xA6EF},
  {0xA830, 0xA835},
  {0xA8D0, 0xA8D9},
  {0xA900, 0xA909},
  {0xA9D0, 0xA9D9},
  {0xA9F0, 0xA9F9},
  {0xAA50, 0xAA59},
  {0xABF0, 0xABF9},
  {0xFF10, 0xFF19},
  {0x10107, 0x10133},
  {0x10140, 0x10178},
  {0x1018A, 0x1018B},
  {0x102E1, 0x102FB},
  {0x10320, 0x10323},
  {0x10341, 0x10341},
  {0x1034A, 0x1034A},
  {0x103D1, 0x103D5},
  {0x104A0, 0x104A9},
  {0x10858, 0x1085F},
  {0x10879, 0x1087F},
  {0x108A7, 0x108AF},
  {0x108FB, 0x108FF},
  {0x10916, 0x1091B},
  {0x109BC, 0x109BD},
  {0x109C0, 0x109CF},
  {0x109D2, 0x109FF},
  {0x10A40, 0x10A48},
  {0x10A7D, 0x10A7E},
  {0x10A9D, 0x10A9F},
  {0x10AEB, 0x10AEF},
  {0x10B58, 0x10B5F},
  {0x10B78, 0x10B7F},
  {0x10BA9, 0x10BAF},
  {0x10CFA, 0x10CFF},
  {0x10D30, 0x10D39},
  {0x10D40, 0x10D49},
  {0x10E60, 0x10E7E},
  {0x10F1D, 0x10F26},
  {0x10F51, 0x10F54},
  {0x10FC5, 0x10FCB},
  {0x11052, 0x1106F},
  {0x110F0, 0x110F9},
  {0x11136, 0x1113F},
  {0x111D0, 0x111D9},
  {0x111E1, 0x111F4},
  {0x112F0, 0x112F9},
  {0x11450, 0x11459},
  {0x114D0, 0x114D9},
  {0x11650, 0x11659},
  {0x116C0, 0x116C9},
  {0x116D0, 0x116E3},
  {0x11730, 0x1173B},
  {0x118E0, 0x118F2},
  {0x11950, 0x11959},
  {0x11BF0, 0x11BF9},
  {0x11C50, 0x11C6C},
  {0x11D50, 0x11D59},
  {0x11DA0, 0x11DA9},
  {0x11DE0, 0x11DE9},
  {0x11F50, 0x11F59},
  {0x11FC0, 0x11FD4},
  {0x12400, 0x1246E},
  {0x16130, 0x16139},
  {0x16A60, 0x16A69},
  {0x16AC0, 0x16AC9},
  {0x16B50, 0x16B59},
  {0x16B5B, 0x16B61},
  {0x16D70, 0x16D79},
  {0x16E80, 0x16E96},
  {0x16FF4, 0x16FF6},
  {0x1CCF0, 0x1CCF9},
  {0x1D2C0, 0x1D2D3},
  {0x1D2E0, 0x1D2F3},
  {0x1D360, 0x1D378},
  {0x1D7CE, 0x1D7FF},
  {0x1E140, 0x1E149},
  {0x1E2F0, 0x1E2F9},
  {0x1E4F0, 0x1E4F9},
  {0x1E5F1, 0x1E5FA},
  {0x1E8C7, 0x1E8CF},
  {0x1E950, 0x1E959},
  {0x1EC71, 0x1ECAB},
  {0x1ECAD, 0x1ECAF},
  {0x1ECB1, 0x1ECB4},
  {0x1ED01, 0x1ED2D},
  {0x1ED2F, 0x1ED3D},
  {0x1F100, 0x1F10C},
  {0x1FBF0, 0x1FBF9},
  {0x0030, 0x0039},
  {0x0660, 0x0669},
  {0x06F0, 0x06F9},
  {0x07C0, 0x07C9},
  {0x0966, 0x096F},
  {0x09E6, 0x09EF},
  {0x0A66, 0x0A6F},
  {0x0AE6, 0x0AEF},
  {0x0B66, 0x0B6F},
  {0x0BE6, 0x0BEF},
  {0x0C66, 0x0C6F},
  {0x0CE6, 0x0CEF},
  {0x0D66, 0x0D6F},
  {0x0DE6, 0x0DEF},
  {0x0E50, 0x0E59},
  {0x0ED0, 0x0ED9},
  {0x0F20, 0x0F29},
  {0x1040, 0x1049},
  {0x1090, 0x1099},
  {0x17E0, 0x17E9},
  {0x1810, 0x1819},
  {0x1946, 0x194F},
  {0x19D0, 0x19D9},
  {0x1A80, 0x1A89},
  {0x1A90, 0x1A99},
  {0x1B50, 0x1B59},
  {0x1BB0, 0x1BB9},
  {0x1C40, 0x1C49},
  {0x1C50, 0x1C59},
  {0xA620, 0xA629},
  {0xA8D0, 0xA8D9},
  {0xA900, 0xA909},
  {0xA9D0, 0xA9D9},
  {0xA9F0, 0xA9F9},
  {0xAA50, 0xAA59},
  {0xABF0, 0xABF9},
  {0xFF10, 0xFF19},
  {0x104A0, 0x104A9},
  {0x10D30, 0x10D39},
  {0x10D40, 0x10D49},
  {0x11066, 0x1106F},
  {0x110F0, 0x110F9},
  {0x11136, 0x1113F},
  {0x111D0, 0x111D9},
  {0x112F0, 0x112F9},
  {0x11450, 0x11459},
  {0x114D0, 0x114D9},
  {0x11650, 0x11659},
  {0x116C0, 0x116C9},
  {0x116D0, 0x116E3},
  {0x11730, 0x11739},
  {0x118E0, 0x118E9},
  {0x11950, 0x11959},
  {0x11BF0, 0x11BF9},
  {0x11C50, 0x11C59},
  {0x11D50, 0x11D59},
  {0x11DA0, 0x11DA9},
  {0x11DE0, 0x11DE9},
  {0x11F50, 0x11F59},
  {0x16130, 0x16139},
  {0x16A60, 0x16A69},
  {0x16AC0, 0x16AC9},
  {0x16B50, 0x16B59},
  {0x16D70, 0x16D79},
  {0x1CCF0, 0x1CCF9},
  {0x1D7CE, 0x1D7FF},
  {0x1E140, 0x1E149},
  {0x1E2F0, 0x1E2F9},
  {0x1E4F0, 0x1E4F9},
  {0x1E5F1, 0x1E5FA},
  {0x1E950, 0x1E959},
  {0x1FBF0, 0x1FBF9},
  {0x16EE, 0x16F0},
  {0x2160, 0x2182},
  {0x2185, 0x2188},
  {0x3007, 0x3007},
  {0x3021, 0x3029},
  {0x3038, 0x303A},
  {0xA6E6, 0xA6EF},
  {0x10140, 0x10174},
  {0x10341, 0x10341},
  {0x1034A, 0x1034A},
  {0x103D1, 0x103D5},
  {0x12400, 0x1246E},
  {0x16FF4, 0x16FF6},
  {0x00B2, 0x00B3},
  {0x00B9, 0x00B9},
  {0x00BC, 0x00BE},
  {0x09F4, 0x09F9},
  {0x0B72, 0x0B77},
  {0x0BF0, 0x0BF2},
  {0x0C78, 0x0C7E},
  {0x0D58, 0x0D5E},
  {0x0D70, 0x0D78},
  {0x0F2A, 0x0F33},
  {0x1369, 0x137C},
  {0x17F0, 0x17F9},
  {0x19DA, 0x19DA},
  {0x2070, 0x2070},
  {0x2074, 0x2079},
  {0x2080, 0x2089},
  {0x2150, 0x215F},
  {0x2189, 0x2189},
  {0x2460, 0x249B},
  {0x24EA, 0x24FF},
  {0x2776, 0x2793},
  {0x2CFD, 0x2CFD},
  {0x3192, 0x3195},
  {0x3220, 0x3229},
  {0x3248, 0x324F},
  {0x3251, 0x325F},
  {0x3280, 0x3289},
  {0x32B1, 0x32BF},
  {0xA830, 0xA835},
  {0x10107, 0x10133},
  {0x10175, 0x10178},
  {0x1018A, 0x1018B},
  {0x102E1, 0x102FB},
  {0x10320, 0x10323},
  {0x10858, 0x1085F},
  {0x10879, 0x1087F},
  {0x108A7, 0x108AF},
  {0x108FB, 0x108FF},
  {0x10916, 0x1091B},
  {0x109BC, 0x109BD},
  {0x109C0, 0x109CF},
  {0x109D2, 0x109FF},
  {0x10A40, 0x10A48},
  {0x10A7D, 0x10A7E},
  {0x10A9D, 0x10A9F},
  {0x10AEB, 0x10AEF},
  {0x10B58, 0x10B5F},
  {0x10B78, 0x10B7F},
  {0x10BA9, 0x10BAF},
  {0x10CFA, 0x10CFF},
  {0x10E60, 0x10E7E},
  {0x10F1D, 0x10F26},
  {0x10F51, 0x10F54},
  {0x10FC5, 0x10FCB},
  {0x11052, 0x11065},
  {0x111E1, 0x111F4},
  {0x1173A, 0x1173B},
  {0x118EA, 0x118F2},
  {0x11C5A, 0x11C6C},
  {0x11FC0, 0x11FD4},
  {0x16B5B, 0x16B61},
  {0x16E80, 0x16E96},
  {0x1D2C0, 0x1D2D3},
  {0x1D2E0, 0x1D2F3},
  {0x1D360, 0x1D378},
  {0x1E8C7, 0x1E8CF},
  {0x1EC71, 0x1ECAB},
  {0x1ECAD, 0x1ECAF},
  {0x1ECB1, 0x1ECB4},
  {0x1ED01, 0x1ED2D},
  {0x1ED2F, 0x1ED3D},
  {0x1F100, 0x1F10C},
  {0x0021, 0x0023},
  {0x0025, 0x002A},
  {0x002C, 0x002F},
  {0x003A, 0x003B},
  {0x003F, 0x0040},
  {0x005B, 0x005D},
  {0x005F, 0x005F},
  {0x007B, 0x007B},
  {0x007D, 0x007D},
  {0x00A1, 0x00A1},
  {0x00A7, 0x00A7},
  {0x00AB, 0x00AB},
  {0x00B6, 0x00B7},
  {0x00BB, 0x00BB},
  {0x00BF, 0x00BF},
  {0x037E, 0x037E},
  {0x0387, 0x0387},
  {0x055A, 0x055F},
  {0x0589, 0x058A},
  {0x05BE, 0x05BE},
  {0x05C0, 0x05C0},
  {0x05C3, 0x05C3},
  {0x05C6, 0x05C6},
  {0x05F3, 0x05F4},
  {0x0609, 0x060A},
  {0x060C, 0x060D},
  {0x061B, 0x061B},
  {0x061D, 0x061F},
  {0x066A, 0x066D},
  {0x06D4, 0x06D4},
  {0x0700, 0x070D},
  {0x07F7, 0x07F9},
  {0x0830, 0x083E},
  {0x085E, 0x085E},
  {0x0964, 0x0965},
  {0x0970, 0x0970},
  {0x09FD, 0x09FD},
  {0x0A76, 0x0A76},
  {0x0AF0, 0x0AF0},
  {0x0C77, 0x0C77},
  {0x0C84, 0x0C84},
  {0x0DF4, 0x0DF4},
  {0x0E4F, 0x0E4F},
  {0x0E5A, 0x0E5B},
  {0x0F04, 0x0F12},
  {0x0F14, 0x0F14},
  {0x0F3A, 0x0F3D},
  {0x0F85, 0x0F85},
  {0x0FD0, 0x0FD4},
  {0x0FD9, 0x0FDA},
  {0x104A, 0x104F},
  {0x10FB, 0x10FB},
  {0x1360, 0x1368},
  {0x1400, 0x1400},
  {0x166E, 0x166E},
  {0x169B, 0x169C},
  {0x16EB, 0x16ED},
  {0x1735, 0x1736},
  {0x17D4, 0x17D6},
  {0x17D8, 0x17DA},
  {0x1800, 0x180A},
  {0x1944, 0x1945},
  {0x1A1E, 0x1A1F},
  {0x1AA0, 0x1AA6},
  {0x1AA8, 0x1AAD},
  {0x1B4E, 0x1B4F},
  {0x1B5A, 0x1B60},
  {0x1B7D, 0x1B7F},
  {0x1BFC, 0x1BFF},
  {0x1C3B, 0x1C3F},
  {0x1C7E, 0x1C7F},
  {0x1CC0, 0x1CC7},
  {0x1CD3, 0x1CD3},
  {0x2010, 0x2027},
  {0x2030, 0x2043},
  {0x2045, 0x2051},
  {0x2053, 0x205E},
  {0x207D, 0x207E},
  {0x208D, 0x208E},
  {0x2308, 0x230B},
  {0x2329, 0x232A},
  {0x2768, 0x2775},
  {0x27C5, 0x27C6},
  {0x27E6, 0x27EF},
  {0x2983, 0x2998},
  {0x29D8, 0x29DB},
  {0x29FC, 0x29FD},
  {0x2CF9, 0x2CFC},
  {0x2CFE, 0x2CFF},
  {0x2D70, 0x2D70},
  {0x2E00, 0x2E2E},
  {0x2E30, 0x2E4F},
  {0x2E52, 0x2E5D},
  {0x3001, 0x3003},
  {0x3008, 0x3011},
  {0x3014, 0x301F},
  {0x3030, 0x3030},
  {0x303D, 0x303D},
  {0x30A0, 0x30A0},
  {0x30FB, 0x30FB},
  {0xA4FE, 0xA4FF},
  {0xA60D, 0xA60F},
  {0xA673, 0xA673},
  {0xA67E, 0xA67E},
  {0xA6F2, 0xA6F7},
  {0xA874, 0xA877},
  {0xA8CE, 0xA8CF},
  {0xA8F8, 0xA8FA},
  {0xA8FC, 0xA8FC},
  {0xA92E, 0xA92F},
  {0xA95F, 0xA95F},
  {0xA9C1, 0xA9CD},
  {0xA9DE, 0xA9DF},
  {0xAA5C, 0xAA5F},
  {0xAADE, 0xAADF},
  {0xAAF0, 0xAAF1},
  {0xABEB, 0xABEB},
  {0xFD3E, 0xFD3F},
  {0xFE10, 0xFE19},
  {0xFE30, 0xFE52},
  {0xFE54, 0xFE61},
  {0xFE63, 0xFE63},
  {0xFE68, 0xFE68},
  {0xFE6A, 0xFE6B},
  {0xFF01, 0xFF03},
  {0xFF05, 0xFF0A},
  {0xFF0C, 0xFF0F},
  {0xFF1A, 0xFF1B},
  {0xFF1F, 0xFF20},
  {0xFF3B, 0xFF3D},
  {0xFF3F, 0xFF3F},
  {0xFF5B, 0xFF5B},
  {0xFF5D, 0xFF5D},
  {0xFF5F, 0xFF65},
  {0x10100, 0x10102},
  {0x1039F, 0x1039F},
  {0x103D0, 0x103D0},
  {0x1056F, 0x1056F},
  {0x10857, 0x10857},
  {0x1091F, 0x1091F},
  {0x1093F, 0x1093F},
  {0x10A50, 0x10A58},
  {0x10A7F, 0x10A7F},
  {0x10AF0, 0x10AF6},
  {0x10B39, 0x10B3F},
  {0x10B99, 0x10B9C},
  {0x10D6E, 0x10D6E},
  {0x10EAD, 0x10EAD},
  {0x10ED0, 0x10ED0},
  {0x10F55, 0x10F59},
  {0x10F86, 0x10F89},
  {0x11047, 0x1104D},
  {0x110BB, 0x110BC},
  {0x110BE, 0x110C1},
  {0x11140, 0x11143},
  {0x11174, 0x11175},
  {0x111C5, 0x111C8},
  {0x111CD, 0x111CD},
  {0x111DB, 0x111DB},
  {0x111DD, 0x111DF},
  {0x11238, 0x1123D},
  {0x112A9, 0x112A9},
  {0x113D4, 0x113D5},
  {0x113D7, 0x113D8},
  {0x1144B, 0x1144F},
  {0x1145A, 0x1145B},
  {0x1145D, 0x1145D},
  {0x114C6, 0x114C6},
  {0x115C1, 0x115D7},
  {0x11641, 0x11643},
  {0x11660, 0x1166C},
  {0x116B9, 0x116B9},
  {0x1173C, 0x1173E},
  {0x1183B, 0x1183B},
  {0x11944, 0x11946},
  {0x119E2, 0x119E2},
  {0x11A3F, 0x11A46},
  {0x11A9A, 0x11A9C},
  {0x11A9E, 0x11AA2},
  {0x11B00, 0x11B09},
  {0x11BE1, 0x11BE1},
  {0x11C41, 0x11C45},
  {0x11C70, 0x11C71},
  {0x11EF7, 0x11EF8},
  {0x11F43, 0x11F4F},
  {0x11FFF, 0x11FFF},
  {0x12470, 0x12474},
  {0x12FF1, 0x12FF2},
  {0x16A6E, 0x16A6F},
  {0x16AF5, 0x16AF5},
  {0x16B37, 0x16B3B},
  {0x16B44, 0x16B44},
  {0x16D6D, 0x16D6F},
  {0x16E97, 0x16E9A},
  {0x16FE2, 0x16FE2},
  {0x1BC9F, 0x1BC9F},
  {0x1DA87, 0x1DA8B},
  {0x1E5FF, 0x1E5FF},
  {0x1E95E, 0x1E95F},
  {0x005F, 0x005F},
  {0x203F, 0x2040},
  {0x2054, 0x2054},
  {0xFE33, 0xFE34},
  {0xFE4D, 0xFE4F},
  {0xFF3F, 0xFF3F},
  {0x002D, 0x002D},
  {0x058A, 0x058A},
  {0x05BE, 0x05BE},
  {0x1400, 0x1400},
  {0x1806, 0x1806},
  {0x2010, 0x2015},
  {0x2E17, 0x2E17},
  {0x2E1A, 0x2E1A},
  {0x2E3A, 0x2E3B},
  {0x2E40, 0x2E40},
  {0x2E5D, 0x2E5D},
  {0x301C, 0x301C},
  {0x3030, 0x3030},
  {0x30A0, 0x30A0},
  {0xFE31, 0xFE32},
  {0xFE58, 0xFE58},
  {0xFE63, 0xFE63},
  {0xFF0D, 0xFF0D},
  {0x10D6E, 0x10D6E},
  {0x10EAD, 0x10EAD},
  {0x0029, 0x0029},
  {0x005D, 0x005D},
  {0x007D, 0x007D},
  {0x0F3B, 0x0F3B},
  {0x0F3D, 0x0F3D},
  {0x169C, 0x169C},
  {0x2046, 0x2046},
  {0x207E, 0x207E},
  {0x208E, 0x208E},
  {0x2309, 0x2309},
  {0x230B, 0x230B},
  {0x232A, 0x232A},
  {0x2769, 0x2769},
  {0x276B, 0x276B},
  {0x276D, 0x276D},
  {0x276F, 0x276F},
  {0x2771, 0x2771},
  {0x2773, 0x2773},
  {0x2775, 0x2775},
  {0x27C6, 0x27C6},
  {0x27E7, 0x27E7},
  {0x27E9, 0x27E9},
  {0x27EB, 0x27EB},
  {0x27ED, 0x27ED},
  {0x27EF, 0x27EF},
  {0x2984, 0x2984},
  {0x2986, 0x2986},
  {0x2988, 0x2988},
  {0x298A, 0x298A},
  {0x298C, 0x298C},
  {0x298E, 0x298E},
  {0x2990, 0x2990},
  {0x2992, 0x2992},
  {0x2994, 0x2994},
  {0x2996, 0x2996},
  {0x2998, 0x2998},
  {0x29D9, 0x29D9},
  {0x29DB, 0x29DB},
  {0x29FD, 0x29FD},
  {0x2E23, 0x2E23},
  {0x2E25, 0x2E25},
  {0x2E27, 0x2E27},
  {0x2E29, 0x2E29},
  {0x2E56, 0x2E56},
  {0x2E58, 0x2E58},
  {0x2E5A, 0x2E5A},
  {0x2E5C, 0x2E5C},
  {0x3009, 0x3009},
  {0x300B, 0x300B},
  {0x300D, 0x300D},
  {0x300F, 0x300F},
  {0x3011, 0x3011},
  {0x3015, 0x3015},
  {0x3017, 0x3017},
  {0x3019, 0x3019},
  {0x301B, 0x301B},
  {0x301E, 0x301F},
  {0xFD3E, 0xFD3E},
  {0xFE18, 0xFE18},
  {0xFE36, 0xFE36},
  {0xFE38, 0xFE38},
  {0xFE3A, 0xFE3A},
  {0xFE3C, 0xFE3C},
  {0xFE3E, 0xFE3E},
  {0xFE40, 0xFE40},
  {0xFE42, 0xFE42},
  {0xFE44, 0xFE44},
  {0xFE48, 0xFE48},
  {0xFE5A, 0xFE5A},
  {0xFE5C, 0xFE5C},
  {0xFE5E, 0xFE5E},
  {0xFF09, 0xFF09},
  {0xFF3D, 0xFF3D},
  {0xFF5D, 0xFF5D},
  {0xFF60, 0xFF60},
  {0xFF63, 0xFF63},
  {0x00BB, 0x00BB},
  {0x2019, 0x2019},
  {0x201D, 0x201D},
  {0x203A, 0x203A},
  {0x2E03, 0x2E03},
  {0x2E05, 0x2E05},
  {0x2E0A, 0x2E0A},
  {0x2E0D, 0x2E0D},
  {0x2E1D, 0x2E1D},
  {0x2E21, 0x2E21},
  {0x00AB, 0x00AB},
  {0x2018, 0x2018},
  {0x201B, 0x201C},
  {0x201F, 0x201F},
  {0x2039, 0x2039},
  {0x2E02, 0x2E02},
  {0x2E04, 0x2E04},
  {0x2E09, 0x2E09},
  {0x2E0C, 0x2E0C},
  {0x2E1C, 0x2E1C},
  {0x2E20, 0x2E20},
  {0x0021, 0x0023},
  {0x0025, 0x0027},
  {0x002A, 0x002A},
  {0x002C, 0x002C},
  {0x002E, 0x002F},
  {0x003A, 0x003B},
  {0x003F, 0x0040},
  {0x005C, 0x005C},
  {0x00A1, 0x00A1},
  {0x00A7, 0x00A7},
  {0x00B6, 0x00B7},
  {0x00BF, 0x00BF},
  {0x037E, 0x037E},
  {0x0387, 0x0387},
  {0x055A, 0x055F},
  {0x0589, 0x0589},
  {0x05C0, 0x05C0},
  {0x05C3, 0x05C3},
  {0x05C6, 0x05C6},
  {0x05F3, 0x05F4},
  {0x0609, 0x060A},
  {0x060C, 0x060D},
  {0x061B, 0x061B},
  {0x061D, 0x061F},
  {0x066A, 0x066D},
  {0x06D4, 0x06D4},
  {0x0700, 0x070D},
  {0x07F7, 0x07F9},
  {0x0830, 0x083E},
  {0x085E, 0x085E},
  {0x0964, 0x0965},
  {0x0970, 0x0970},
  {0x09FD, 0x09FD},
  {0x0A76, 0x0A76},
  {0x0AF0, 0x0AF0},
  {0x0C77, 0x0C77},
  {0x0C84, 0x0C84},
  {0x0DF4, 0x0DF4},
  {0x0E4F, 0x0E4F},
  {0x0E5A, 0x0E5B},
  {0x0F04, 0x0F12},
  {0x0F14, 0x0F14},
  {0x0F85, 0x0F85},
  {0x0FD0, 0x0FD4},
  {0x0FD9, 0x0FDA},
  {0x104A, 0x104F},
  {0x10FB, 0x10FB},
  {0x1360, 0x1368},
  {0x166E, 0x166E},
  {0x16EB, 0x16ED},
  {0x1735, 0x1736},
  {0x17D4, 0x17D6},
  {0x17D8, 0x17DA},
  {0x1800, 0x1805},
  {0x1807, 0x180A},
  {0x1944, 0x1945},
  {0x1A1E, 0x1A1F},
  {0x1AA0, 0x1AA6},
  {0x1AA8, 0x1AAD},
  {0x1B4E, 0x1B4F},
  {0x1B5A, 0x1B60},
  {0x1B7D, 0x1B7F},
  {0x1BFC, 0x1BFF},
  {0x1C3B, 0x1C3F},
  {0x1C7E, 0x1C7F},
  {0x1CC0, 0x1CC7},
  {0x1CD3, 0x1CD3},
  {0x2016, 0x2017},
  {0x2020, 0x2027},
  {0x2030, 0x2038},
  {0x203B, 0x203E},
  {0x2041, 0x2043},
  {0x2047, 0x2051},
  {0x2053, 0x2053},
  {0x2055, 0x205E},
  {0x2CF9, 0x2CFC},
  {0x2CFE, 0x2CFF},
  {0x2D70, 0x2D70},
  {0x2E00, 0x2E01},
  {0x2E06, 0x2E08},
  {0x2E0B, 0x2E0B},
  {0x2E0E, 0x2E16},
  {0x2E18, 0x2E19},
  {0x2E1B, 0x2E1B},
  {0x2E1E, 0x2E1F},
  {0x2E2A, 0x2E2E},
  {0x2E30, 0x2E39},
  {0x2E3C, 0x2E3F},
  {0x2E41, 0x2E41},
  {0x2E43, 0x2E4F},
  {0x2E52, 0x2E54},
  {0x3001, 0x3003},
  {0x303D, 0x303D},
  {0x30FB, 0x30FB},
  {0xA4FE, 0xA4FF},
  {0xA60D, 0xA60F},
  {0xA673, 0xA673},
  {0xA67E, 0xA67E},
  {0xA6F2, 0xA6F7},
  {0xA874, 0xA877},
  {0xA8CE, 0xA8CF},
  {0xA8F8, 0xA8FA},
  {0xA8FC, 0xA8FC},
  {0xA92E, 0xA92F},
  {0xA95F, 0xA95F},
  {0xA9C1, 0xA9CD},
  {0xA9DE, 0xA9DF},
  {0xAA5C, 0xAA5F},
  {0xAADE, 0xAADF},
  {0xAAF0, 0xAAF1},
  {0xABEB, 0xABEB},
  {0xFE10, 0xFE16},
  {0xFE19, 0xFE19},
  {0xFE30, 0xFE30},
  {0xFE45, 0xFE46},
  {0xFE49, 0xFE4C},
  {0xFE50, 0xFE52},
  {0xFE54, 0xFE57},
  {0xFE5F, 0xFE61},
  {0xFE68, 0xFE68},
  {0xFE6A, 0xFE6B},
  {0xFF01, 0xFF03},
  {0xFF05, 0xFF07},
  {0xFF0A, 0xFF0A},
  {0xFF0C, 0xFF0C},
  {0xFF0E, 0xFF0F},
  {0xFF1A, 0xFF1B},
  {0xFF1F, 0xFF20},
  {0xFF3C, 0xFF3C},
  {0xFF61, 0xFF61},
  {0xFF64, 0xFF65},
  {0x10100, 0x10102},
  {0x1039F, 0x1039F},
  {0x103D0, 0x103D0},
  {0x1056F, 0x1056F},
  {0x10857, 0x10857},
  {0x1091F, 0x1091F},
  {0x1093F, 0x1093F},
  {0x10A50, 0x10A58},
  {0x10A7F, 0x10A7F},
  {0x10AF0, 0x10AF6},
  {0x10B39, 0x10B3F},
  {0x10B99, 0x10B9C},
  {0x10ED0, 0x10ED0},
  {0x10F55, 0x10F59},
  {0x10F86, 0x10F89},
  {0x11047, 0x1104D},
  {0x110BB, 0x110BC},
  {0x110BE, 0x110C1},
  {0x11140, 0x11143},
  {0x11174, 0x11175},
  {0x111C5, 0x111C8},
  {0x111CD, 0x111CD},
  {0x111DB, 0x111DB},
  {0x111DD, 0x111DF},
  {0x11238, 0x1123D},
  {0x112A9, 0x112A9},
  {0x113D4, 0x113D5},
  {0x113D7, 0x113D8},
  {0x1144B, 0x1144F},
  {0x1145A, 0x1145B},
  {0x1145D, 0x1145D},
  {0x114C6, 0x114C6},
  {0x115C1, 0x115D7},
  {0x11641, 0x11643},
  {0x11660, 0x1166C},
  {0x116B9, 0x116B9},
  {0x1173C, 0x1173E},
  {0x1183B, 0x1183B},
  {0x11944, 0x11946},
  {0x119E2, 0x119E2},
  {0x11A3F, 0x11A46},
  {0x11A9A, 0x11A9C},
  {0x11A9E, 0x11AA2},
  {0x11B00, 0x11B09},
  {0x11BE1, 0x11BE1},
  {0x11C41, 0x11C45},
  {0x11C70, 0x11C71},
  {0x11EF7, 0x11EF8},
  {0x11F43, 0x11F4F},
  {0x11FFF, 0x11FFF},
  {0x12470, 0x12474},
  {0x12FF1, 0x12FF2},
  {0x16A6E, 0x16A6F},
  {0x16AF5, 0x16AF5},
  {0x16B37, 0x16B3B},
  {0x16B44, 0x16B44},
  {0x16D6D, 0x16D6F},
  {0x16E97, 0x16E9A},
  {0x16FE2, 0x16FE2},
  {0x1BC9F, 0x1BC9F},
  {0x1DA87, 0x1DA8B},
  {0x1E5FF, 0x1E5FF},
  {0x1E95E, 0x1E95F},
  {0x0028, 0x0028},
  {0x005B, 0x005B},
  {0x007B, 0x007B},
  {0x0F3A, 0x0F3A},
  {0x0F3C, 0x0F3C},
  {0x169B, 0x169B},
  {0x201A, 0x201A},
  {0x201E, 0x201E},
  {0x2045, 0x2045},
  {0x207D, 0x207D},
  {0x208D, 0x208D},
  {0x2308, 0x2308},
  {0x230A, 0x230A},
  {0x2329, 0x2329},
  {0x2768, 0x2768},
  {0x276A, 0x276A},
  {0x276C, 0x276C},
  {0x276E, 0x276E},
  {0x2770, 0x2770},
  {0x2772, 0x2772},
  {0x2774, 0x2774},
  {0x27C5, 0x27C5},
  {0x27E6, 0x27E6},
  {0x27E8, 0x27E8},
  {0x27EA, 0x27EA},
  {0x27EC, 0x27EC},
  {0x27EE, 0x27EE},
  {0x2983, 0x2983},
  {0x2985, 0x2985},
  {0x2987, 0x2987},
  {0x2989, 0x2989},
  {0x298B, 0x298B},
  {0x298D, 0x298D},
  {0x298F, 0x298F},
  {0x2991, 0x2991},
  {0x2993, 0x2993},
  {0x2995, 0x2995},
  {0x2997, 0x2997},
  {0x29D8, 0x29D8},
  {0x29DA, 0x29DA},
  {0x29FC, 0x29FC},
  {0x2E22, 0x2E22},
  {0x2E24, 0x2E24},
  {0x2E26, 0x2E26},
  {0x2E28, 0x2E28},
  {0x2E42, 0x2E42},
  {0x2E55, 0x2E55},
  {0x2E57, 0x2E57},
  {0x2E59, 0x2E59},
  {0x2E5B, 0x2E5B},
  {0x3008, 0x3008},
  {0x300A, 0x300A},
  {0x300C, 0x300C},
  {0x300E, 0x300E},
  {0x3010, 0x3010},
  {0x3014, 0x3014},
  {0x3016, 0x3016},
  {0x3018, 0x3018},
  {0x301A, 0x301A},
  {0x301D, 0x301D},
  {0xFD3F, 0xFD3F},
  {0xFE17, 0xFE17},
  {0xFE35, 0xFE35},
  {0xFE37, 0xFE37},
  {0xFE39, 0xFE39},
  {0xFE3B, 0xFE3B},
  {0xFE3D, 0xFE3D},
  {0xFE3F, 0xFE3F},
  {0xFE41, 0xFE41},
  {0xFE43, 0xFE43},
  {0xFE47, 0xFE47},
  {0xFE59, 0xFE59},
  {0xFE5B, 0xFE5B},
  {0xFE5D, 0xFE5D},
  {0xFF08, 0xFF08},
  {0xFF3B, 0xFF3B},
  {0xFF5B, 0xFF5B},
  {0xFF5F, 0xFF5F},
  {0xFF62, 0xFF62},
  {0x0024, 0x0024},
  {0x002B, 0x002B},
  {0x003C, 0x003E},
  {0x005E, 0x005E},
  {0x0060, 0x0060},
  {0x007C, 0x007C},
  {0x007E, 0x007E},
  {0x00A2, 0x00A6},
  {0x00A8, 0x00A9},
  {0x00AC, 0x00AC},
  {0x00AE, 0x00B1},
  {0x00B4, 0x00B4},
  {0x00B8, 0x00B8},
  {0x00D7, 0x00D7},
  {0x00F7, 0x00F7},
  {0x02C2, 0x02C5},
  {0x02D2, 0x02DF},
  {0x02E5, 0x02EB},
  {0x02ED, 0x02ED},
  {0x02EF, 0x02FF},
  {0x0375, 0x0375},
  {0x0384, 0x0385},
  {0x03F6, 0x03F6},
  {0x0482, 0x0482},
  {0x058D, 0x058F},
  {0x0606, 0x0608},
  {0x060B, 0x060B},
  {0x060E, 0x060F},
  {0x06DE, 0x06DE},
  {0x06E9, 0x06E9},
  {0x06FD, 0x06FE},
  {0x07F6, 0x07F6},
  {0x07FE, 0x07FF},
  {0x0888, 0x0888},
  {0x09F2, 0x09F3},
  {0x09FA, 0x09FB},
  {0x0AF1, 0x0AF1},
  {0x0B70, 0x0B70},
  {0x0BF3, 0x0BFA},
  {0x0C7F, 0x0C7F},
  {0x0D4F, 0x0D4F},
  {0x0D79, 0x0D79},
  {0x0E3F, 0x0E3F},
  {0x0F01, 0x0F03},
  {0x0F13, 0x0F13},
  {0x0F15, 0x0F17},
  {0x0F1A, 0x0F1F},
  {0x0F34, 0x0F34},
  {0x0F36, 0x0F36},
  {0x0F38, 0x0F38},
  {0x0FBE, 0x0FC5},
  {0x0FC7, 0x0FCC},
  {0x0FCE, 0x0FCF},
  {0x0FD5, 0x0FD8},
  {0x109E, 0x109F},
  {0x1390, 0x1399},
  {0x166D, 0x166D},
  {0x17DB, 0x17DB},
  {0x1940, 0x1940},
  {0x19DE, 0x19FF},
  {0x1B61, 0x1B6A},
  {0x1B74, 0x1B7C},
  {0x1FBD, 0x1FBD},
  {0x1FBF, 0x1FC1},
  {0x1FCD, 0x1FCF},
  {0x1FDD, 0x1FDF},
  {0x1FED, 0x1FEF},
  {0x1FFD, 0x1FFE},
  {0x2044, 0x2044},
  {0x2052, 0x2052},
  {0x207A, 0x207C},
  {0x208A, 0x208C},
  {0x20A0, 0x20C1},
  {0x2100, 0x2101},
  {0x2103, 0x2106},
  {0x2108, 0x2109},
  {0x2114, 0x2114},
  {0x2116, 0x2118},
  {0x211E, 0x2123},
  {0x2125, 0x2125},
  {0x2127, 0x2127},
  {0x2129, 0x2129},
  {0x212E, 0x212E},
  {0x213A, 0x213B},
  {0x2140, 0x2144},
  {0x214A, 0x214D},
  {0x214F, 0x214F},
  {0x218A, 0x218B},
  {0x2190, 0x2307},
  {0x230C, 0x2328},
  {0x232B, 0x2429},
  {0x2440, 0x244A},
  {0x249C, 0x24E9},
  {0x2500, 0x2767},
  {0x2794, 0x27C4},
  {0x27C7, 0x27E5},
  {0x27F0, 0x2982},
  {0x2999, 0x29D7},
  {0x29DC, 0x29FB},
  {0x29FE, 0x2B73},
  {0x2B76, 0x2BFF},
  {0x2CE5, 0x2CEA},
  {0x2E50, 0x2E51},
  {0x2E80, 0x2E99},
  {0x2E9B, 0x2EF3},
  {0x2F00, 0x2FD5},
  {0x2FF0, 0x2FFF},
  {0x3004, 0x3004},
  {0x3012, 0x3013},
  {0x3020, 0x3020},
  {0x3036, 0x3037},
  {0x303E, 0x303F},
  {0x309B, 0x309C},
  {0x3190, 0x3191},
  {0x3196, 0x319F},
  {0x31C0, 0x31E5},
  {0x31EF, 0x31EF},
  {0x3200, 0x321E},
  {0x322A, 0x3247},
  {0x3250, 0x3250},
  {0x3260, 0x327F},
  {0x328A, 0x32B0},
  {0x32C0, 0x33FF},
  {0x4DC0, 0x4DFF},
  {0xA490, 0xA4C6},
  {0xA700, 0xA716},
  {0xA720, 0xA721},
  {0xA789, 0xA78A},
  {0xA828, 0xA82B},
  {0xA836, 0xA839},
  {0xAA77, 0xAA79},
  {0xAB5B, 0xAB5B},
  {0xAB6A, 0xAB6B},
  {0xFB29, 0xFB29},
  {0xFBB2, 0xFBD2},
  {0xFD40, 0xFD4F},
  {0xFD90, 0xFD91},
  {0xFDC8, 0xFDCF},
  {0xFDFC, 0xFDFF},
  {0xFE62, 0xFE62},
  {0xFE64, 0xFE66},
  {0xFE69, 0xFE69},
  {0xFF04, 0xFF04},
  {0xFF0B, 0xFF0B},
  {0xFF1C, 0xFF1E},
  {0xFF3E, 0xFF3E},
  {0xFF40, 0xFF40},
  {0xFF5C, 0xFF5C},
  {0xFF5E, 0xFF5E},
  {0xFFE0, 0xFFE6},
  {0xFFE8, 0xFFEE},
  {0xFFFC, 0xFFFD},
  {0x10137, 0x1013F},
  {0x10179, 0x10189},
  {0x1018C, 0x1018E},
  {0x10190, 0x1019C},
  {0x101A0, 0x101A0},
  {0x101D0, 0x101FC},
  {0x10877, 0x10878},
  {0x10AC8, 0x10AC8},
  {0x10D8E, 0x10D8F},
  {0x10ED1, 0x10ED8},
  {0x1173F, 0x1173F},
  {0x11FD5, 0x11FF1},
  {0x16B3C, 0x16B3F},
  {0x16B45, 0x16B45},
  {0x1BC9C, 0x1BC9C},
  {0x1CC00, 0x1CCEF},
  {0x1CCFA, 0x1CCFC},
  {0x1CD00, 0x1CEB3},
  {0x1CEBA, 0x1CED0},
  {0x1CEE0, 0x1CEF0},
  {0x1CF50, 0x1CFC3},
  {0x1D000, 0x1D0F5},
  {0x1D100, 0x1D126},
  {0x1D129, 0x1D164},
  {0x1D16A, 0x1D16C},
  {0x1D183, 0x1D184},
  {0x1D18C, 0x1D1A9},
  {0x1D1AE, 0x1D1EA},
  {0x1D200, 0x1D241},
  {0x1D245, 0x1D245},
  {0x1D300, 0x1D356},
  {0x1D6C1, 0x1D6C1},
  {0x1D6DB, 0x1D6DB},
  {0x1D6FB, 0x1D6FB},
  {0x1D715, 0x1D715},
  {0x1D735, 0x1D735},
  {0x1D74F, 0x1D74F},
  {0x1D76F, 0x1D76F},
  {0x1D789, 0x1D789},
  {0x1D7A9, 0x1D7A9},
  {0x1D7C3, 0x1D7C3},
  {0x1D800, 0x1D9FF},
  {0x1DA37, 0x1DA3A},
  {0x1DA6D, 0x1DA74},
  {0x1DA76, 0x1DA83},
  {0x1DA85, 0x1DA86},
  {0x1E14F, 0x1E14F},
  {0x1E2FF, 0x1E2FF},
  {0x1ECAC, 0x1ECAC},
  {0x1ECB0, 0x1ECB0},
  {0x1ED2E, 0x1ED2E},
  {0x1EEF0, 0x1EEF1},
  {0x1F000, 0x1F02B},
  {0x1F030, 0x1F093},
  {0x1F0A0, 0x1F0AE},
  {0x1F0B1, 0x1F0BF},
  {0x1F0C1, 0x1F0CF},
  {0x1F0D1, 0x1F0F5},
  {0x1F10D, 0x1F1AD},
  {0x1F1E6, 0x1F202},
  {0x1F210, 0x1F23B},
  {0x1F240, 0x1F248},
  {0x1F250, 0x1F251},
  {0x1F260, 0x1F265},
  {0x1F300, 0x1F6D8},
  {0x1F6DC, 0x1F6EC},
  {0x1F6F0, 0x1F6FC},
  {0x1F700, 0x1F7D9},
  {0x1F7E0, 0x1F7EB},
  {0x1F7F0, 0x1F7F0},
  {0x1F800, 0x1F80B},
  {0x1F810, 0x1F847},
  {0x1F850, 0x1F859},
  {0x1F860, 0x1F887},
  {0x1F890, 0x1F8AD},
  {0x1F8B0, 0x1F8BB},
  {0x1F8C0, 0x1F8C1},
  {0x1F8D0, 0x1F8D8},
  {0x1F900, 0x1FA57},
  {0x1FA60, 0x1FA6D},
  {0x1FA70, 0x1FA7C},
  {0x1FA80, 0x1FA8A},
  {0x1FA8E, 0x1FAC6},
  {0x1FAC8, 0x1FAC8},
  {0x1FACD, 0x1FADC},
  {0x1FADF, 0x1FAEA},
  {0x1FAEF, 0x1FAF8},
  {0x1FB00, 0x1FB92},
  {0x1FB94, 0x1FBEF},
  {0x1FBFA, 0x1FBFA},
  {0x0024, 0x0024},
  {0x00A2, 0x00A5},
  {0x058F, 0x058F},
  {0x060B, 0x060B},
  {0x07FE, 0x07FF},
  {0x09F2, 0x09F3},
  {0x09FB, 0x09FB},
  {0x0AF1, 0x0AF1},
  {0x0BF9, 0x0BF9},
  {0x0E3F, 0x0E3F},
  {0x17DB, 0x17DB},
  {0x20A0, 0x20C1},
  {0xA838, 0xA838},
  {0xFDFC, 0xFDFC},
  {0xFE69, 0xFE69},
  {0xFF04, 0xFF04},
  {0xFFE0, 0xFFE1},
  {0xFFE5, 0xFFE6},
  {0x11FDD, 0x11FE0},
  {0x1E2FF, 0x1E2FF},
  {0x1ECB0, 0x1ECB0},
  {0x005E, 0x005E},
  {0x0060, 0x0060},
  {0x00A8, 0x00A8},
  {0x00AF, 0x00AF},
  {0x00B4, 0x00B4},
  {0x00B8, 0x00B8},
  {0x02C2, 0x02C5},
  {0x02D2, 0x02DF},
  {0x02E5, 0x02EB},
  {0x02ED, 0x02ED},
  {0x02EF, 0x02FF},
  {0x0375, 0x0375},
  {0x0384, 0x0385},
  {0x0888, 0x0888},
  {0x1FBD, 0x1FBD},
  {0x1FBF, 0x1FC1},
  {0x1FCD, 0x1FCF},
  {0x1FDD, 0x1FDF},
  {0x1FED, 0x1FEF},
  {0x1FFD, 0x1FFE},
  {0x309B, 0x309C},
  {0xA700, 0xA716},
  {0xA720, 0xA721},
  {0xA789, 0xA78A},
  {0xAB5B, 0xAB5B},
  {0xAB6A, 0xAB6B},
  {0xFBB2, 0xFBC2},
  {0xFF3E, 0xFF3E},
  {0xFF40, 0xFF40},
  {0xFFE3, 0xFFE3},
  {0x1F3FB, 0x1F3FF},
  {0x002B, 0x002B},
  {0x003C, 0x003E},
  {0x007C, 0x007C},
  {0x007E, 0x007E},
  {0x00AC, 0x00AC},
  {0x00B1, 0x00B1},
  {0x00D7, 0x00D7},
  {0x00F7, 0x00F7},
  {0x03F6, 0x03F6},
  {0x0606, 0x0608},
  {0x2044, 0x2044},
  {0x2052, 0x2052},
  {0x207A, 0x207C},
  {0x208A, 0x208C},
  {0x2118, 0x2118},
  {0x2140, 0x2144},
  {0x214B, 0x214B},
  {0x2190, 0x2194},
  {0x219A, 0x219B},
  {0x21A0, 0x21A0},
  {0x21A3, 0x21A3},
  {0x21A6, 0x21A6},
  {0x21AE, 0x21AE},
  {0x21CE, 0x21CF},
  {0x21D2, 0x21D2},
  {0x21D4, 0x21D4},
  {0x21F4, 0x22FF},
  {0x2320, 0x2321},
  {0x237C, 0x237C},
  {0x239B, 0x23B3},
  {0x23DC, 0x23E1},
  {0x25B7, 0x25B7},
  {0x25C1, 0x25C1},
  {0x25F8, 0x25FF},
  {0x266F, 0x266F},
  {0x27C0, 0x27C4},
  {0x27C7, 0x27E5},
  {0x27F0, 0x27FF},
  {0x2900, 0x2982},
  {0x2999, 0x29D7},
  {0x29DC, 0x29FB},
  {0x29FE, 0x2AFF},
  {0x2B30, 0x2B44},
  {0x2B47, 0x2B4C},
  {0xFB29, 0xFB29},
  {0xFE62, 0xFE62},
  {0xFE64, 0xFE66},
  {0xFF0B, 0xFF0B},
  {0xFF1C, 0xFF1E},
  {0xFF5C, 0xFF5C},
  {0xFF5E, 0xFF5E},
  {0xFFE2, 0xFFE2},
  {0xFFE9, 0xFFEC},
  {0x10D8E, 0x10D8F},
  {0x1CEF0, 0x1CEF0},
  {0x1D6C1, 0x1D6C1},
  {0x1D6DB, 0x1D6DB},
  {0x1D6FB, 0x1D6FB},
  {0x1D715, 0x1D715},
  {0x1D735, 0x1D735},
  {0x1D74F, 0x1D74F},
  {0x1D76F, 0x1D76F},
  {0x1D789, 0x1D789},
  {0x1D7A9, 0x1D7A9},
  {0x1D7C3, 0x1D7C3},
  {0x1EEF0, 0x1EEF1},
  {0x1F8D0, 0x1F8D8},
  {0x00A6, 0x00A6},
  {0x00A9, 0x00A9},
  {0x00AE, 0x00AE},
  {0x00B0, 0x00B0},
  {0x0482, 0x0482},
  {0x058D, 0x058E},
  {0x060E, 0x060F},
  {0x06DE, 0x06DE},
  {0x06E9, 0x06E9},
  {0x06FD, 0x06FE},
  {0x07F6, 0x07F6},
  {0x09FA, 0x09FA},
  {0x0B70, 0x0B70},
  {0x0BF3, 0x0BF8},
  {0x0BFA, 0x0BFA},
  {0x0C7F, 0x0C7F},
  {0x0D4F, 0x0D4F},
  {0x0D79, 0x0D79},
  {0x0F01, 0x0F03},
  {0x0F13, 0x0F13},
  {0x0F15, 0x0F17},
  {0x0F1A, 0x0F1F},
  {0x0F34, 0x0F34},
  {0x0F36, 0x0F36},
  {0x0F38, 0x0F38},
  {0x0FBE, 0x0FC5},
  {0x0FC7, 0x0FCC},
  {0x0FCE, 0x0FCF},
  {0x0FD5, 0x0FD8},
  {0x109E, 0x109F},
  {0x1390, 0x1399},
  {0x166D, 0x166D},
  {0x1940, 0x1940},
  {0x19DE, 0x19FF},
  {0x1B61, 0x1B6A},
  {0x1B74, 0x1B7C},
  {0x2100, 0x2101},
  {0x2103, 0x2106},
  {0x2108, 0x2109},
  {0x2114, 0x2114},
  {0x2116, 0x2117},
  {0x211E, 0x2123},
  {0x2125, 0x2125},
  {0x2127, 0x2127},
  {0x2129, 0x2129},
  {0x212E, 0x212E},
  {0x213A, 0x213B},
  {0x214A, 0x214A},
  {0x214C, 0x214D},
  {0x214F, 0x214F},
  {0x218A, 0x218B},
  {0x2195, 0x2199},
  {0x219C, 0x219F},
  {0x21A1, 0x21A2},
  {0x21A4, 0x21A5},
  {0x21A7, 0x21AD},
  {0x21AF, 0x21CD},
  {0x21D0, 0x21D1},
  {0x21D3, 0x21D3},
  {0x21D5, 0x21F3},
  {0x2300, 0x2307},
  {0x230C, 0x231F},
  {0x2322, 0x2328},
  {0x232B, 0x237B},
  {0x237D, 0x239A},
  {0x23B4, 0x23DB},
  {0x23E2, 0x2429},
  {0x2440, 0x244A},
  {0x249C, 0x24E9},
  {0x2500, 0x25B6},
  {0x25B8, 0x25C0},
  {0x25C2, 0x25F7},
  {0x2600, 0x266E},
  {0x2670, 0x2767},
  {0x2794, 0x27BF},
  {0x2800, 0x28FF},
  {0x2B00, 0x2B2F},
  {0x2B45, 0x2B46},
  {0x2B4D, 0x2B73},
  {0x2B76, 0x2BFF},
  {0x2CE5, 0x2CEA},
  {0x2E50, 0x2E51},
  {0x2E80, 0x2E99},
  {0x2E9B, 0x2EF3},
  {0x2F00, 0x2FD5},
  {0x2FF0, 0x2FFF},
  {0x3004, 0x3004},
  {0x3012, 0x3013},
  {0x3020, 0x3020},
  {0x3036, 0x3037},
  {0x303E, 0x303F},
  {0x3190, 0x3191},
  {0x3196, 0x319F},
  {0x31C0, 0x31E5},
  {0x31EF, 0x31EF},
  {0x3200, 0x321E},
  {0x322A, 0x3247},
  {0x3250, 0x3250},
  {0x3260, 0x327F},
  {0x328A, 0x32B0},
  {0x32C0, 0x33FF},
  {0x4DC0, 0x4DFF},
  {0xA490, 0xA4C6},
  {0xA828, 0xA82B},
  {0xA836, 0xA837},
  {0xA839, 0xA839},
  {0xAA77, 0xAA79},
  {0xFBC3, 0xFBD2},
  {0xFD40, 0xFD4F},
  {0xFD90, 0xFD91},
  {0xFDC8, 0xFDCF},
  {0xFDFD, 0xFDFF},
  {0xFFE4, 0xFFE4},
  {0xFFE8, 0xFFE8},
  {0xFFED, 0xFFEE},
  {0xFFFC, 0xFFFD},
  {0x10137, 0x1013F},
  {0x10179, 0x10189},
  {0x1018C, 0x1018E},
  {0x10190, 0x1019C},
  {0x101A0, 0x101A0},
  {0x101D0, 0x101FC},
  {0x10877, 0x10878},
  {0x10AC8, 0x10AC8},
  {0x10ED1, 0x10ED8},
  {0x1173F, 0x1173F},
  {0x11FD5, 0x11FDC},
  {0x11FE1, 0x11FF1},
  {0x16B3C, 0x16B3F},
  {0x16B45, 0x16B45},
  {0x1BC9C, 0x1BC9C},
  {0x1CC00, 0x1CCEF},
  {0x1CCFA, 0x1CCFC},
  {0x1CD00, 0x1CEB3},
  {0x1CEBA, 0x1CED0},
  {0x1CEE0, 0x1CEEF},
  {0x1CF50, 0x1CFC3},
  {0x1D000, 0x1D0F5},
  {0x1D100, 0x1D126},
  {0x1D129, 0x1D164},
  {0x1D16A, 0x1D16C},
  {0x1D183, 0x1D184},
  {0x1D18C, 0x1D1A9},
  {0x1D1AE, 0x1D1EA},
  {0x1D200, 0x1D241},
  {0x1D245, 0x1D245},
  {0x1D300, 0x1D356},
  {0x1D800, 0x1D9FF},
  {0x1DA37, 0x1DA3A},
  {0x1DA6D, 0x1DA74},
  {0x1DA76, 0x1DA83},
  {0x1DA85, 0x1DA86},
  {0x1E14F, 0x1E14F},
  {0x1ECAC, 0x1ECAC},
  {0x1ED2E, 0x1ED2E},
  {0x1F000, 0x1F02B},
  {0x1F030, 0x1F093},
  {0x1F0A0, 0x1F0AE},
  {0x1F0B1, 0x1F0BF},
  {0x1F0C1, 0x1F0CF},
  {0x1F0D1, 0x1F0F5},
  {0x1F10D, 0x1F1AD},
  {0x1F1E6, 0x1F202},
  {0x1F210, 0x1F23B},
  {0x1F240, 0x1F248},
  {0x1F250, 0x1F251},
  {0x1F260, 0x1F265},
  {0x1F300, 0x1F3FA},
  {0x1F400, 0x1F6D8},
  {0x1F6DC, 0x1F6EC},
  {0x1F6F0, 0x1F6FC},
  {0x1F700, 0x1F7D9},
  {0x1F7E0, 0x1F7EB},
  {0x1F7F0, 0x1F7F0},
  {0x1F800, 0x1F80B},
  {0x1F810, 0x1F847},
  {0x1F850, 0x1F859},
  {0x1F860, 0x1F887},
  {0x1F890, 0x1F8AD},
  {0x1F8B0, 0x1F8BB},
  {0x1F8C0, 0x1F8C1},
  {0x1F900, 0x1FA57},
  {0x1FA60, 0x1FA6D},
  {0x1FA70, 0x1FA7C},
  {0x1FA80, 0x1FA8A},
  {0x1FA8E, 0x1FAC6},
  {0x1FAC8, 0x1FAC8},
  {0x1FACD, 0x1FADC},
  {0x1FADF, 0x1FAEA},
  {0x1FAEF, 0x1FAF8},
  {0x1FB00, 0x1FB92},
  {0x1FB94, 0x1FBEF},
  {0x1FBFA, 0x1FBFA},
  {0x0020, 0x0020},
  {0x00A0, 0x00A0},
  {0x1680, 0x1680},
  {0x2000, 0x200A},
  {0x2028, 0x2029},
  {0x202F, 0x202F},
  {0x205F, 0x205F},
  {0x3000, 0x3000},
  {0x2028, 0x2028},
  {0x2029, 0x2029},
  {0x0020, 0x0020},
  {0x00A0, 0x00A0},
  {0x1680, 0x1680},
  {0x2000, 0x200A},
  {0x202F, 0x202F},
  {0x205F, 0x205F},
  {0x3000, 0x3000},
  {0x1E900, 0x1E94B},
  {0x1E950, 0x1E959},
  {0x1E95E, 0x1E95F},
  {0x10530, 0x10563},
  {0x1056F, 0x1056F},
  {0x11700, 0x1171A},
  {0x1171D, 0x1172B},
  {0x11730, 0x11746},
  {0x0600, 0x0604},
  {0x0606, 0x060B},
  {0x060D, 0x061A},
  {0x061C, 0x061E},
  {0x0620, 0x063F},
  {0x0641, 0x064A},
  {0x0656, 0x066F},
  {0x0671, 0x06DC},
  {0x06DE, 0x06FF},
  {0x0750, 0x077F},
  {0x0870, 0x0891},
  {0x0897, 0x08E1},
  {0x08E3, 0x08FF},
  {0xFB50, 0xFD3D},
  {0xFD40, 0xFDCF},
  {0xFDF0, 0xFDFF},
  {0xFE70, 0xFE74},
  {0xFE76, 0xFEFC},
  {0x10E60, 0x10E7E},
  {0x10EC2, 0x10EC7},
  {0x10ED0, 0x10ED8},
  {0x10EFA, 0x10EFF},
  {0x1EE00, 0x1EE03},
  {0x1EE05, 0x1EE1F},
  {0x1EE21, 0x1EE22},
  {0x1EE24, 0x1EE24},
  {0x1EE27, 0x1EE27},
  {0x1EE29, 0x1EE32},
  {0x1EE34, 0x1EE37},
  {0x1EE39, 0x1EE39},
  {0x1EE3B, 0x1EE3B},
  {0x1EE42, 0x1EE42},
  {0x1EE47, 0x1EE47},
  {0x1EE49, 0x1EE49},
  {0x1EE4B, 0x1EE4B},
  {0x1EE4D, 0x1EE4F},
  {0x1EE51, 0x1EE52},
  {0x1EE54, 0x1EE54},
  {0x1EE57, 0x1EE57},
  {0x1EE59, 0x1EE59},
  {0x1EE5B, 0x1EE5B},
  {0x1EE5D, 0x1EE5D},
  {0x1EE5F, 0x1EE5F},
  {0x1EE61, 0x1EE62},
  {0x1EE64, 0x1EE64},
  {0x1EE67, 0x1EE6A},
  {0x1EE6C, 0x1EE72},
  {0x1EE74, 0x1EE77},
  {0x1EE79, 0x1EE7C},
  {0x1EE7E, 0x1EE7E},
  {0x1EE80, 0x1EE89},
  {0x1EE8B, 0x1EE9B},
  {0x1EEA1, 0x1EEA3},
  {0x1EEA5, 0x1EEA9},
  {0x1EEAB, 0x1EEBB},
  {0x1EEF0, 0x1EEF1},
  {0x10840, 0x10855},
  {0x10857, 0x1085F},
  {0x0531, 0x0556},
  {0x0559, 0x058A},
  {0x058D, 0x058F},
  {0xFB13, 0xFB17},
  {0x10B00, 0x10B35},
  {0x10B39, 0x10B3F},
  {0x1B00, 0x1B4C},
  {0x1B4E, 0x1B7F},
  {0xA6A0, 0xA6F7},
  {0x16800, 0x16A38},
  {0x16AD0, 0x16AED},
  {0x16AF0, 0x16AF5},
  {0x1BC0, 0x1BF3},
  {0x1BFC, 0x1BFF},
  {0x0980, 0x0983},
  {0x0985, 0x098C},
  {0x098F, 0x0990},
  {0x0993, 0x09A8},
  {0x09AA, 0x09B0},
  {0x09B2, 0x09B2},
  {0x09B6, 0x09B9},
  {0x09BC, 0x09C4},
  {0x09C7, 0x09C8},
  {0x09CB, 0x09CE},
  {0x09D7, 0x09D7},
  {0x09DC, 0x09DD},
  {0x09DF, 0x09E3},
  {0x09E6, 0x09FE},
  {0x16EA0, 0x16EB8},
  {0x16EBB, 0x16ED3},
  {0x11C00, 0x11C08},
  {0x11C0A, 0x11C36},
  {0x11C38, 0x11C45},
  {0x11C50, 0x11C6C},
  {0x02EA, 0x02EB},
  {0x3105, 0x312F},
  {0x31A0, 0x31BF},
  {0x11000, 0x1104D},
  {0x11052, 0x11075},
  {0x1107F, 0x1107F},
  {0x2800, 0x28FF},
  {0x1A00, 0x1A1B},
  {0x1A1E, 0x1A1F},
  {0x1740, 0x1753},
  {0x11100, 0x11134},
  {0x11136, 0x11147},
  {0x1400, 0x167F},
  {0x18B0, 0x18F5},
  {0x11AB0, 0x11ABF},
  {0x102A0, 0x102D0},
  {0xAA00, 0xAA36},
  {0xAA40, 0xAA4D},
  {0xAA50, 0xAA59},
  {0xAA5C, 0xAA5F},
  {0x13A0, 0x13F5},
  {0x13F8, 0x13FD},
  {0xAB70, 0xABBF},
  {0x10FB0, 0x10FCB},
  {0x03E2, 0x03EF},
  {0x2C80, 0x2CF3},
  {0x2CF9, 0x2CFF},
  {0x12F90, 0x12FF2},
  {0x10800, 0x10805},
  {0x10808, 0x10808},
  {0x1080A, 0x10835},
  {0x10837, 0x10838},
  {0x1083C, 0x1083C},
  {0x1083F, 0x1083F},
  {0x0400, 0x0484},
  {0x0487, 0x052F},
  {0x1C80, 0x1C8A},
  {0x1D2B, 0x1D2B},
  {0x1D78, 0x1D78},
  {0x2DE0, 0x2DFF},
  {0xA640, 0xA69F},
  {0xFE2E, 0xFE2F},
  {0x1E030, 0x1E06D},
  {0x1E08F, 0x1E08F},
  {0x0900, 0x0950},
  {0x0955, 0x0963},
  {0x0966, 0x097F},
  {0xA8E0, 0xA8FF},
  {0x11B00, 0x11B09},
  {0x11900, 0x11906},
  {0x11909, 0x11909},
  {0x1190C, 0x11913},
  {0x11915, 0x11916},
  {0x11918, 0x11935},
  {0x11937, 0x11938},
  {0x1193B, 0x11946},
  {0x11950, 0x11959},
  {0x11800, 0x1183B},
  {0x10400, 0x1044F},
  {0x1BC00, 0x1BC6A},
  {0x1BC70, 0x1BC7C},
  {0x1BC80, 0x1BC88},
  {0x1BC90, 0x1BC99},
  {0x1BC9C, 0x1BC9F},
  {0x13000, 0x13455},
  {0x13460, 0x143FA},
  {0x10500, 0x10527},
  {0x10FE0, 0x10FF6},
  {0x1200, 0x1248},
  {0x124A, 0x124D},
  {0x1250, 0x1256},
  {0x1258, 0x1258},
  {0x125A, 0x125D},
  {0x1260, 0x1288},
  {0x128A, 0x128D},
  {0x1290, 0x12B0},
  {0x12B2, 0x12B5},
  {0x12B8, 0x12BE},
  {0x12C0, 0x12C0},
  {0x12C2, 0x12C5},
  {0x12C8, 0x12D6},
  {0x12D8, 0x1310},
  {0x1312, 0x1315},
  {0x1318, 0x135A},
  {0x135D, 0x137C},
  {0x1380, 0x1399},
  {0x2D80, 0x2D96},
  {0x2DA0, 0x2DA6},
  {0x2DA8, 0x2DAE},
  {0x2DB0, 0x2DB6},
  {0x2DB8, 0x2DBE},
  {0x2DC0, 0x2DC6},
  {0x2DC8, 0x2DCE},
  {0x2DD0, 0x2DD6},
  {0x2DD8, 0x2DDE},
  {0xAB01, 0xAB06},
  {0xAB09, 0xAB0E},
  {0xAB11, 0xAB16},
  {0xAB20, 0xAB26},
  {0xAB28, 0xAB2E},
  {0x1E7E0, 0x1E7E6},
  {0x1E7E8, 0x1E7EB},
  {0x1E7ED, 0x1E7EE},
  {0x1E7F0, 0x1E7FE},
  {0x10D40, 0x10D65},
  {0x10D69, 0x10D85},
  {0x10D8E, 0x10D8F},
  {0x10A0, 0x10C5},
  {0x10C7, 0x10C7},
  {0x10CD, 0x10CD},
  {0x10D0, 0x10FA},
  {0x10FC, 0x10FF},
  {0x1C90, 0x1CBA},
  {0x1CBD, 0x1CBF},
  {0x2D00, 0x2D25},
  {0x2D27, 0x2D27},
  {0x2D2D, 0x2D2D},
  {0x2C00, 0x2C5F},
  {0x1E000, 0x1E006},
  {0x1E008, 0x1E018},
  {0x1E01B, 0x1E021},
  {0x1E023, 0x1E024},
  {0x1E026, 0x1E02A},
  {0x11D60, 0x11D65},
  {0x11D67, 0x11D68},
  {0x11D6A, 0x11D8E},
  {0x11D90, 0x11D91},
  {0x11D93, 0x11D98},
  {0x11DA0, 0x11DA9},
  {0x11D00, 0x11D06},
  {0x11D08, 0x11D09},
  {0x11D0B, 0x11D36},
  {0x11D3A, 0x11D3A},
  {0x11D3C, 0x11D3D},
  {0x11D3F, 0x11D47},
  {0x11D50, 0x11D59},
  {0x10330, 0x1034A},
  {0x11300, 0x11303},
  {0x11305, 0x1130C},
  {0x1130F, 0x11310},
  {0x11313, 0x11328},
  {0x1132A, 0x11330},
  {0x11332, 0x11333},
  {0x11335, 0x11339},
  {0x1133C, 0x11344},
  {0x11347, 0x11348},
  {0x1134B, 0x1134D},
  {0x11350, 0x11350},
  {0x11357, 0x11357},
  {0x1135D, 0x11363},
  {0x11366, 0x1136C},
  {0x11370, 0x11374},
  {0x0370, 0x0373},
  {0x0375, 0x0377},
  {0x037A, 0x037D},
  {0x037F, 0x037F},
  {0x0384, 0x0384},
  {0x0386, 0x0386},
  {0x0388, 0x038A},
  {0x038C, 0x038C},
  {0x038E, 0x03A1},
  {0x03A3, 0x03E1},
  {0x03F0, 0x03FF},
  {0x1D26, 0x1D2A},
  {0x1D5D, 0x1D61},
  {0x1D66, 0x1D6A},
  {0x1DBF, 0x1DBF},
  {0x1F00, 0x1F15},
  {0x1F18, 0x1F1D},
  {0x1F20, 0x1F45},
  {0x1F48, 0x1F4D},
  {0x1F50, 0x1F57},
  {0x1F59, 0x1F59},
  {0x1F5B, 0x1F5B},
  {0x1F5D, 0x1F5D},
  {0x1F5F, 0x1F7D},
  {0x1F80, 0x1FB4},
  {0x1FB6, 0x1FC4},
  {0x1FC6, 0x1FD3},
  {0x1FD6, 0x1FDB},
  {0x1FDD, 0x1FEF},
  {0x1FF2, 0x1FF4},
  {0x1FF6, 0x1FFE},
  {0x2126, 0x2126},
  {0xAB65, 0xAB65},
  {0x10140, 0x1018E},
  {0x101A0, 0x101A0},
  {0x1D200, 0x1D245},
  {0x0A81, 0x0A83},
  {0x0A85, 0x0A8D},
  {0x0A8F, 0x0A91},
  {0x0A93, 0x0AA8},
  {0x0AAA, 0x0AB0},
  {0x0AB2, 0x0AB3},
  {0x0AB5, 0x0AB9},
  {0x0ABC, 0x0AC5},
  {0x0AC7, 0x0AC9},
  {0x0ACB, 0x0ACD},
  {0x0AD0, 0x0AD0},
  {0x0AE0, 0x0AE3},
  {0x0AE6, 0x0AF1},
  {0x0AF9, 0x0AFF},
  {0x16100, 0x16139},
  {0x0A01, 0x0A03},
  {0x0A05, 0x0A0A},
  {0x0A0F, 0x0A10},
  {0x0A13, 0x0A28},
  {0x0A2A, 0x0A30},
  {0x0A32, 0x0A33},
  {0x0A35, 0x0A36},
  {0x0A38, 0x0A39},
  {0x0A3C, 0x0A3C},
  {0x0A3E, 0x0A42},
  {0x0A47, 0x0A48},
  {0x0A4B, 0x0A4D},
  {0x0A51, 0x0A51},
  {0x0A59, 0x0A5C},
  {0x0A5E, 0x0A5E},
  {0x0A66, 0x0A76},
  {0x1100, 0x11FF},
  {0x302E, 0x302F},
  {0x3131, 0x318E},
  {0x3200, 0x321E},
  {0x3260, 0x327E},
  {0xA960, 0xA97C},
  {0xAC00, 0xD7A3},
  {0xD7B0, 0xD7C6},
  {0xD7CB, 0xD7FB},
  {0xFFA0, 0xFFBE},
  {0xFFC2, 0xFFC7},
  {0xFFCA, 0xFFCF},
  {0xFFD2, 0xFFD7},
  {0xFFDA, 0xFFDC},
  {0x2E80, 0x2E99},
  {0x2E9B, 0x2EF3},
  {0x2F00, 0x2FD5},
  {0x3005, 0x3005},
  {0x3007, 0x3007},
  {0x3021, 0x3029},
  {0x3038, 0x303B},
  {0x3400, 0x4DBF},
  {0x4E00, 0x9FFF},
  {0xF900, 0xFA6D},
  {0xFA70, 0xFAD9},
  {0x16FE2, 0x16FE3},
  {0x16FF0, 0x16FF6},
  {0x20000, 0x2A6DF},
  {0x2A700, 0x2B81D},
  {0x2B820, 0x2CEAD},
  {0x2CEB0, 0x2EBE0},
  {0x2EBF0, 0x2EE5D},
  {0x2F800, 0x2FA1D},
  {0x30000, 0x3134A},
  {0x31350, 0x33479},
  {0x1720, 0x1734},
  {0x108E0, 0x108F2},
  {0x108F4, 0x108F5},
  {0x108FB, 0x108FF},
  {0x0591, 0x05C7},
  {0x05D0, 0x05EA},
  {0x05EF, 0x05F4},
  {0xFB1D, 0xFB36},
  {0xFB38, 0xFB3C},
  {0xFB3E, 0xFB3E},
  {0xFB40, 0xFB41},
  {0xFB43, 0xFB44},
  {0xFB46, 0xFB4F},
  {0x3041, 0x3096},
  {0x309D, 0x309F},
  {0x1B001, 0x1B11F},
  {0x1B132, 0x1B132},
  {0x1B150, 0x1B152},
  {0x1F200, 0x1F200},
  {0x14400, 0x14646},
  {0x16B00, 0x16B45},
  {0x16B50, 0x16B59},
  {0x16B5B, 0x16B61},
  {0x16B63, 0x16B77},
  {0x16B7D, 0x16B8F},
  {0x1E100, 0x1E12C},
  {0x1E130, 0x1E13D},
  {0x1E140, 0x1E149},
  {0x1E14E, 0x1E14F},
  {0x10C80, 0x10CB2},
  {0x10CC0, 0x10CF2},
  {0x10CFA, 0x10CFF},
  {0x10300, 0x10323},
  {0x1032D, 0x1032F},
  {0xA980, 0xA9CD},
  {0xA9D0, 0xA9D9},
  {0xA9DE, 0xA9DF},
  {0xA900, 0xA92D},
  {0xA92F, 0xA92F},
  {0x30A1, 0x30FA},
  {0x30FD, 0x30FF},
  {0x31F0, 0x31FF},
  {0x32D0, 0x32FE},
  {0x3300, 0x3357},
  {0xFF66, 0xFF6F},
  {0xFF71, 0xFF9D},
  {0x1AFF0, 0x1AFF3},
  {0x1AFF5, 0x1AFFB},
  {0x1AFFD, 0x1AFFE},
  {0x1B000, 0x1B000},
  {0x1B120, 0x1B122},
  {0x1B155, 0x1B155},
  {0x1B164, 0x1B167},
  {0x11F00, 0x11F10},
  {0x11F12, 0x11F3A},
  {0x11F3E, 0x11F5A},
  {0x10A00, 0x10A03},
  {0x10A05, 0x10A06},
  {0x10A0C, 0x10A13},
  {0x10A15, 0x10A17},
  {0x10A19, 0x10A35},
  {0x10A38, 0x10A3A},
  {0x10A3F, 0x10A48},
  {0x10A50, 0x10A58},
  {0x1780, 0x17DD},
  {0x17E0, 0x17E9},
  {0x17F0, 0x17F9},
  {0x19E0, 0x19FF},
  {0x11200, 0x11211},
  {0x11213, 0x11241},
  {0x16FE4, 0x16FE4},
  {0x18B00, 0x18CD5},
  {0x18CFF, 0x18CFF},
  {0x0C80, 0x0C8C},
  {0x0C8E, 0x0C90},
  {0x0C92, 0x0CA8},
  {0x0CAA, 0x0CB3},
  {0x0CB5, 0x0CB9},
  {0x0CBC, 0x0CC4},
  {0x0CC6, 0x0CC8},
  {0x0CCA, 0x0CCD},
  {0x0CD5, 0x0CD6},
  {0x0CDC, 0x0CDE},
  {0x0CE0, 0x0CE3},
  {0x0CE6, 0x0CEF},
  {0x0CF1, 0x0CF3},
  {0x16D40, 0x16D79},
  {0x11080, 0x110C2},
  {0x110CD, 0x110CD},
  {0x1A20, 0x1A5E},
  {0x1A60, 0x1A7C},
  {0x1A7F, 0x1A89},
  {0x1A90, 0x1A99},
  {0x1AA0, 0x1AAD},
  {0x0E81, 0x0E82},
  {0x0E84, 0x0E84},
  {0x0E86, 0x0E8A},
  {0x0E8C, 0x0EA3},
  {0x0EA5, 0x0EA5},
  {0x0EA7, 0x0EBD},
  {0x0EC0, 0x0EC4},
  {0x0EC6, 0x0EC6},
  {0x0EC8, 0x0ECE},
  {0x0ED0, 0x0ED9},
  {0x0EDC, 0x0EDF},
  {0x0041, 0x005A},
  {0x0061, 0x007A},
  {0x00AA, 0x00AA},
  {0x00BA, 0x00BA},
  {0x00C0, 0x00D6},
  {0x00D8, 0x00F6},
  {0x00F8, 0x02B8},
  {0x02E0, 0x02E4},
  {0x1D00, 0x1D25},
  {0x1D2C, 0x1D5C},
  {0x1D62, 0x1D65},
  {0x1D6B, 0x1D77},
  {0x1D79, 0x1DBE},
  {0x1E00, 0x1EFF},
  {0x2071, 0x2071},
  {0x207F, 0x207F},
  {0x2090, 0x209C},
  {0x212A, 0x212B},
  {0x2132, 0x2132},
  {0x214E, 0x214E},
  {0x2160, 0x2188},
  {0x2C60, 0x2C7F},
  {0xA722, 0xA787},
  {0xA78B, 0xA7DC},
  {0xA7F1, 0xA7FF},
  {0xAB30, 0xAB5A},
  {0xAB5C, 0xAB64},
  {0xAB66, 0xAB69},
  {0xFB00, 0xFB06},
  {0xFF21, 0xFF3A},
  {0xFF41, 0xFF5A},
  {0x10780, 0x10785},
  {0x10787, 0x107B0},
  {0x107B2, 0x107BA},
  {0x1DF00, 0x1DF1E},
  {0x1DF25, 0x1DF2A},
  {0x1C00, 0x1C37},
  {0x1C3B, 0x1C49},
  {0x1C4D, 0x1C4F},
  {0x1900, 0x191E},
  {0x1920, 0x192B},
  {0x1930, 0x193B},
  {0x1940, 0x1940},
  {0x1944, 0x194F},
  {0x10600, 0x10736},
  {0x10740, 0x10755},
  {0x10760, 0x10767},
  {0x10000, 0x1000B},
  {0x1000D, 0x10026},
  {0x10028, 0x1003A},
  {0x1003C, 0x1003D},
  {0x1003F, 0x1004D},
  {0x10050, 0x1005D},
  {0x10080, 0x100FA},
  {0xA4D0, 0xA4FF},
  {0x11FB0, 0x11FB0},
  {0x10280, 0x1029C},
  {0x10920, 0x10939},
  {0x1093F, 0x1093F},
  {0x11150, 0x11176},
  {0x11EE0, 0x11EF8},
  {0x0840, 0x085B},
  {0x085E, 0x085E},
  {0x10AC0, 0x10AE6},
  {0x10AEB, 0x10AF6},
  {0x11C70, 0x11C8F},
  {0x11C92, 0x11CA7},
  {0x11CA9, 0x11CB6},
  {0x16E40, 0x16E9A},
  {0x1E800, 0x1E8C4},
  {0x1E8C7, 0x1E8D6},
  {0x109A0, 0x109B7},
  {0x109BC, 0x109CF},
  {0x109D2, 0x109FF},
  {0x10980, 0x1099F},
  {0x0D00, 0x0D0C},
  {0x0D0E, 0x0D10},
  {0x0D12, 0x0D44},
  {0x0D46, 0x0D48},
  {0x0D4A, 0x0D4F},
  {0x0D54, 0x0D63},
  {0x0D66, 0x0D7F},
  {0x11600, 0x11644},
  {0x11650, 0x11659},
  {0x1800, 0x1801},
  {0x1804, 0x1804},
  {0x1806, 0x1819},
  {0x1820, 0x1878},
  {0x1880, 0x18AA},
  {0x11660, 0x1166C},
  {0x16A40, 0x16A5E},
  {0x16A60, 0x16A69},
  {0x16A6E, 0x16A6F},
  {0xAAE0, 0xAAF6},
  {0xABC0, 0xABED},
  {0xABF0, 0xABF9},
  {0x11280, 0x11286},
  {0x11288, 0x11288},
  {0x1128A, 0x1128D},
  {0x1128F, 0x1129D},
  {0x1129F, 0x112A9},
  {0x1000, 0x109F},
  {0xA9E0, 0xA9FE},
  {0xAA60, 0xAA7F},
  {0x116D0, 0x116E3},
  {0x1E4D0, 0x1E4F9},
  {0x119A0, 0x119A7},
  {0x119AA, 0x119D7},
  {0x119DA, 0x119E4},
  {0x10A80, 0x10A9F},
  {0x10880, 0x1089E},
  {0x108A7, 0x108AF},
  {0x11400, 0x1145B},
  {0x1145D, 0x11461},
  {0x07C0, 0x07FA},
  {0x07FD, 0x07FF},
  {0x16FE1, 0x16FE1},
  {0x1B170, 0x1B2FB},
  {0x1680, 0x169C},
  {0x1C50, 0x1C7F},
  {0x1E5D0, 0x1E5FA},
  {0x1E5FF, 0x1E5FF},
  {0x10C00, 0x10C48},
  {0x0B01, 0x0B03},
  {0x0B05, 0x0B0C},
  {0x0B0F, 0x0B10},
  {0x0B13, 0x0B28},
  {0x0B2A, 0x0B30},
  {0x0B32, 0x0B33},
  {0x0B35, 0x0B39},
  {0x0B3C, 0x0B44},
  {0x0B47, 0x0B48},
  {0x0B4B, 0x0B4D},
  {0x0B55, 0x0B57},
  {0x0B5C, 0x0B5D},
  {0x0B5F, 0x0B63},
  {0x0B66, 0x0B77},
  {0x104B0, 0x104D3},
  {0x104D8, 0x104FB},
  {0x10480, 0x1049D},
  {0x104A0, 0x104A9},
  {0x10F70, 0x10F89},
  {0x10860, 0x1087F},
  {0x11AC0, 0x11AF8},
  {0x10350, 0x1037A},
  {0xA840, 0xA877},
  {0x10B60, 0x10B72},
  {0x10B78, 0x10B7F},
  {0x10B80, 0x10B91},
  {0x10B99, 0x10B9C},
  {0x10BA9, 0x10BAF},
  {0x10900, 0x1091B},
  {0x1091F, 0x1091F},
  {0x16F00, 0x16F4A},
  {0x16F4F, 0x16F87},
  {0x16F8F, 0x16F9F},
  {0x10B40, 0x10B55},
  {0x10B58, 0x10B5F},
  {0xA930, 0xA953},
  {0xA95F, 0xA95F},
  {0x10D00, 0x10D27},
  {0x10D30, 0x10D39},
  {0x16A0, 0x16EA},
  {0x16EE, 0x16F8},
  {0x0800, 0x082D},
  {0x0830, 0x083E},
  {0x10A60, 0x10A7F},
  {0xA880, 0xA8C5},
  {0xA8CE, 0xA8D9},
  {0x1D800, 0x1DA8B},
  {0x1DA9B, 0x1DA9F},
  {0x1DAA1, 0x1DAAF},
  {0x10450, 0x1047F},
  {0x11180, 0x111DF},
  {0x11B60, 0x11B67},
  {0x11580, 0x115B5},
  {0x115B8, 0x115DD},
  {0x10940, 0x10959},
  {0x112B0, 0x112EA},
  {0x112F0, 0x112F9},
  {0x0D81, 0x0D83},
  {0x0D85, 0x0D96},
  {0x0D9A, 0x0DB1},
  {0x0DB3, 0x0DBB},
  {0x0DBD, 0x0DBD},
  {0x0DC0, 0x0DC6},
  {0x0DCA, 0x0DCA},
  {0x0DCF, 0x0DD4},
  {0x0DD6, 0x0DD6},
  {0x0DD8, 0x0DDF},
  {0x0DE6, 0x0DEF},
  {0x0DF2, 0x0DF4},
  {0x111E1, 0x111F4},
  {0x10F30, 0x10F59},
  {0x10F00, 0x10F27},
  {0x110D0, 0x110E8},
  {0x110F0, 0x110F9},
  {0x11A50, 0x11AA2},
  {0x1B80, 0x1BBF},
  {0x1CC0, 0x1CC7},
  {0x11BC0, 0x11BE1},
  {0x11BF0, 0x11BF9},
  {0xA800, 0xA82C},
  {0x0700, 0x070D},
  {0x070F, 0x074A},
  {0x074D, 0x074F},
  {0x0860, 0x086A},
  {0x1760, 0x176C},
  {0x176E, 0x1770},
  {0x1772, 0x1773},
  {0x11680, 0x116B9},
  {0x116C0, 0x116C9},
  {0x1950, 0x196D},
  {0x1970, 0x1974},
  {0x1980, 0x19AB},
  {0x19B0, 0x19C9},
  {0x19D0, 0x19DA},
  {0x19DE, 0x19DF},
  {0x0B82, 0x0B83},
  {0x0B85, 0x0B8A},
  {0x0B8E, 0x0B90},
  {0x0B92, 0x0B95},
  {0x0B99, 0x0B9A},
  {0x0B9C, 0x0B9C},
  {0x0B9E, 0x0B9F},
  {0x0BA3, 0x0BA4},
  {0x0BA8, 0x0BAA},
  {0x0BAE, 0x0BB9},
  {0x0BBE, 0x0BC2},
  {0x0BC6, 0x0BC8},
  {0x0BCA, 0x0BCD},
  {0x0BD0, 0x0BD0},
  {0x0BD7, 0x0BD7},
  {0x0BE6, 0x0BFA},
  {0x11FC0, 0x11FF1},
  {0x11FFF, 0x11FFF},
  {0x16FE0, 0x16FE0},
  {0x17000, 0x18AFF},
  {0x18D00, 0x18D1E},
  {0x18D80, 0x18DF2},
  {0xAA80, 0xAAC2},
  {0xAADB, 0xAADF},
  {0x1E6C0, 0x1E6DE},
  {0x1E6E0, 0x1E6F5},
  {0x1E6FE, 0x1E6FF},
  {0x0C00, 0x0C0C},
  {0x0C0E, 0x0C10},
  {0x0C12, 0x0C28},
  {0x0C2A, 0x0C39},
  {0x0C3C, 0x0C44},
  {0x0C46, 0x0C48},
  {0x0C4A, 0x0C4D},
  {0x0C55, 0x0C56},
  {0x0C58, 0x0C5A},
  {0x0C5C, 0x0C5D},
  {0x0C60, 0x0C63},
  {0x0C66, 0x0C6F},
  {0x0C77, 0x0C7F},
  {0x2D30, 0x2D67},
  {0x2D6F, 0x2D70},
  {0x2D7F, 0x2D7F},
  {0x1700, 0x1715},
  {0x171F, 0x171F},
  {0x0780, 0x07B1},
  {0x0E01, 0x0E3A},
  {0x0E40, 0x0E5B},
  {0x0F00, 0x0F47},
  {0x0F49, 0x0F6C},
  {0x0F71, 0x0F97},
  {0x0F99, 0x0FBC},
  {0x0FBE, 0x0FCC},
  {0x0FCE, 0x0FD4},
  {0x0FD9, 0x0FDA},
  {0x11480, 0x114C7},
  {0x114D0, 0x114D9},
  {0x16A70, 0x16ABE},
  {0x16AC0, 0x16AC9},
  {0x105C0, 0x105F3},
  {0x11DB0, 0x11DDB},
  {0x11DE0, 0x11DE9},
  {0x1E290, 0x1E2AE},
  {0x11380, 0x11389},
  {0x1138B, 0x1138B},
  {0x1138E, 0x1138E},
  {0x11390, 0x113B5},
  {0x113B7, 0x113C0},
  {0x113C2, 0x113C2},
  {0x113C5, 0x113C5},
  {0x113C7, 0x113CA},
  {0x113CC, 0x113D5},
  {0x113D7, 0x113D8},
  {0x113E1, 0x113E2},
  {0x10380, 0x1039D},
  {0x1039F, 0x1039F},
  {0xA500, 0xA62B},
  {0x10570, 0x1057A},
  {0x1057C, 0x1058A},
  {0x1058C, 0x10592},
  {0x10594, 0x10595},
  {0x10597, 0x105A1},
  {0x105A3, 0x105B1},
  {0x105B3, 0x105B9},
  {0x105BB, 0x105BC},
  {0x118A0, 0x118F2},
  {0x118FF, 0x118FF},
  {0x1E2C0, 0x1E2F9},
  {0x1E2FF, 0x1E2FF},
  {0x103A0, 0x103C3},
  {0x103C8, 0x103D5},
  {0x12000, 0x12399},
  {0x12400, 0x1246E},
  {0x12470, 0x12474},
  {0x12480, 0x12543},
  {0x10E80, 0x10EA9},
  {0x10EAB, 0x10EAD},
  {0x10EB0, 0x10EB1},
  {0xA000, 0xA48C},
  {0xA490, 0xA4C6},
  {0x11A00, 0x11A47},
  {0x0300, 0x036F},
  {0x0485, 0x0486},
  {0x064B, 0x0655},
  {0x0670, 0x0670},
  {0x0951, 0x0954},
  {0x1AB0, 0x1ADD},
  {0x1AE0, 0x1AEB},
  {0x1CD0, 0x1CD2},
  {0x1CD4, 0x1CE0},
  {0x1CE2, 0x1CE8},
  {0x1CED, 0x1CED},
  {0x1CF4, 0x1CF4},
  {0x1CF8, 0x1CF9},
  {0x1DC0, 0x1DFF},
  {0x200C, 0x200D},
  {0x20D0, 0x20F0},
  {0x302A, 0x302D},
  {0x3099, 0x309A},
  {0xFE00, 0xFE0F},
  {0xFE20, 0xFE2D},
  {0x101FD, 0x101FD},
  {0x102E0, 0x102E0},
  {0x1133B, 0x1133B},
  {0x1CF00, 0x1CF2D},
  {0x1CF30, 0x1CF46},
  {0x1D167, 0x1D169},
  {0x1D17B, 0x1D182},
  {0x1D185, 0x1D18B},
  {0x1D1AA, 0x1D1AD},
  {0xE0100, 0xE01EF},
  {0x0000, 0x0040},
  {0x005B, 0x0060},
  {0x007B, 0x00A9},
  {0x00AB, 0x00B9},
  {0x00BB, 0x00BF},
  {0x00D7, 0x00D7},
  {0x00F7, 0x00F7},
  {0x02B9, 0x02DF},
  {0x02E5, 0x02E9},
  {0x02EC, 0x02FF},
  {0x0374, 0x0374},
  {0x037E, 0x037E},
  {0x0385, 0x0385},
  {0x0387, 0x0387},
  {0x0605, 0x0605},
  {0x060C, 0x060C},
  {0x061B, 0x061B},
  {0x061F, 0x061F},
  {0x0640, 0x0640},
  {0x06DD, 0x06DD},
  {0x08E2, 0x08E2},
  {0x0964, 0x0965},
  {0x0E3F, 0x0E3F},
  {0x0FD5, 0x0FD8},
  {0x10FB, 0x10FB},
  {0x16EB, 0x16ED},
  {0x1735, 0x1736},
  {0x1802, 0x1803},
  {0x1805, 0x1805},
  {0x1CD3, 0x1CD3},
  {0x1CE1, 0x1CE1},
  {0x1CE9, 0x1CEC},
  {0x1CEE, 0x1CF3},
  {0x1CF5, 0x1CF7},
  {0x1CFA, 0x1CFA},
  {0x2000, 0x200B},
  {0x200E, 0x2064},
  {0x2066, 0x2070},
  {0x2074, 0x207E},
  {0x2080, 0x208E},
  {0x20A0, 0x20C1},
  {0x2100, 0x2125},
  {0x2127, 0x2129},
  {0x212C, 0x2131},
  {0x2133, 0x214D},
  {0x214F, 0x215F},
  {0x2189, 0x218B},
  {0x2190, 0x2429},
  {0x2440, 0x244A},
  {0x2460, 0x27FF},
  {0x2900, 0x2B73},
  {0x2B76, 0x2BFF},
  {0x2E00, 0x2E5D},
  {0x2FF0, 0x3004},
  {0x3006, 0x3006},
  {0x3008, 0x3020},
  {0x3030, 0x3037},
  {0x303C, 0x303F},
  {0x309B, 0x309C},
  {0x30A0, 0x30A0},
  {0x30FB, 0x30FC},
  {0x3190, 0x319F},
  {0x31C0, 0x31E5},
  {0x31EF, 0x31EF},
  {0x3220, 0x325F},
  {0x327F, 0x32CF},
  {0x32FF, 0x32FF},
  {0x3358, 0x33FF},
  {0x4DC0, 0x4DFF},
  {0xA700, 0xA721},
  {0xA788, 0xA78A},
  {0xA830, 0xA839},
  {0xA92E, 0xA92E},
  {0xA9CF, 0xA9CF},
  {0xAB5B, 0xAB5B},
  {0xAB6A, 0xAB6B},
  {0xFD3E, 0xFD3F},
  {0xFE10, 0xFE19},
  {0xFE30, 0xFE52},
  {0xFE54, 0xFE66},
  {0xFE68, 0xFE6B},
  {0xFEFF, 0xFEFF},
  {0xFF01, 0xFF20},
  {0xFF3B, 0xFF40},
  {0xFF5B, 0xFF65},
  {0xFF70, 0xFF70},
  {0xFF9E, 0xFF9F},
  {0xFFE0, 0xFFE6},
  {0xFFE8, 0xFFEE},
  {0xFFF9, 0xFFFD},
  {0x10100, 0x10102},
  {0x10107, 0x10133},
  {0x10137, 0x1013F},
  {0x10190, 0x1019C},
  {0x101D0, 0x101FC},
  {0x102E1, 0x102FB},
  {0x1BCA0, 0x1BCA3},
  {0x1CC00, 0x1CCFC},
  {0x1CD00, 0x1CEB3},
  {0x1CEBA, 0x1CED0},
  {0x1CEE0, 0x1CEF0},
  {0x1CF50, 0x1CFC3},
  {0x1D000, 0x1D0F5},
  {0x1D100, 0x1D126},
  {0x1D129, 0x1D166},
  {0x1D16A, 0x1D17A},
  {0x1D183, 0x1D184},
  {0x1D18C, 0x1D1A9},
  {0x1D1AE, 0x1D1EA},
  {0x1D2C0, 0x1D2D3},
  {0x1D2E0, 0x1D2F3},
  {0x1D300, 0x1D356},
  {0x1D360, 0x1D378},
  {0x1D400, 0x1D454},
  {0x1D456, 0x1D49C},
  {0x1D49E, 0x1D49F},
  {0x1D4A2, 0x1D4A2},
  {0x1D4A5, 0x1D4A6},
  {0x1D4A9, 0x1D4AC},
  {0x1D4AE, 0x1D4B9},
  {0x1D4BB, 0x1D4BB},
  {0x1D4BD, 0x1D4C3},
  {0x1D4C5, 0x1D505},
  {0x1D507, 0x1D50A},
  {0x1D50D, 0x1D514},
  {0x1D516, 0x1D51C},
  {0x1D51E, 0x1D539},
  {0x1D53B, 0x1D53E},
  {0x1D540, 0x1D544},
  {0x1D546, 0x1D546},
  {0x1D54A, 0x1D550},
  {0x1D552, 0x1D6A5},
  {0x1D6A8, 0x1D7CB},
  {0x1D7CE, 0x1D7FF},
  {0x1EC71, 0x1ECB4},
  {0x1ED01, 0x1ED3D},
  {0x1F000, 0x1F02B},
  {0x1F030, 0x1F093},
  {0x1F0A0, 0x1F0AE},
  {0x1F0B1, 0x1F0BF},
  {0x1F0C1, 0x1F0CF},
  {0x1F0D1, 0x1F0F5},
  {0x1F100, 0x1F1AD},
  {0x1F1E6, 0x1F1FF},
  {0x1F201, 0x1F202},
  {0x1F210, 0x1F23B},
  {0x1F240, 0x1F248},
  {0x1F250, 0x1F251},
  {0x1F260, 0x1F265},
  {0x1F300, 0x1F6D8},
  {0x1F6DC, 0x1F6EC},
  {0x1F6F0, 0x1F6FC},
  {0x1F700, 0x1F7D9},
  {0x1F7E0, 0x1F7EB},
  {0x1F7F0, 0x1F7F0},
  {0x1F800, 0x1F80B},
  {0x1F810, 0x1F847},
  {0x1F850, 0x1F859},
  {0x1F860, 0x1F887},
  {0x1F890, 0x1F8AD},
  {0x1F8B0, 0x1F8BB},
  {0x1F8C0, 0x1F8C1},
  {0x1F8D0, 0x1F8D8},
  {0x1F900, 0x1FA57},
  {0x1FA60, 0x1FA6D},
  {0x1FA70, 0x1FA7C},
  {0x1FA80, 0x1FA8A},
  {0x1FA8E, 0x1FAC6},
  {0x1FAC8, 0x1FAC8},
  {0x1FACD, 0x1FADC},
  {0x1FADF, 0x1FAEA},
  {0x1FAEF, 0x1FAF8},
  {0x1FB00, 0x1FB92},
  {0x1FB94, 0x1FBFA},
  {0xE0001, 0xE0001},
  {0xE0020, 0xE007F},
  {0x0378, 0x0379},
  {0x0380, 0x0383},
  {0x038B, 0x038B},
  {0x038D, 0x038D},
  {0x03A2, 0x03A2},
  {0x0530, 0x0530},
  {0x0557, 0x0558},
  {0x058B, 0x058C},
  {0x0590, 0x0590},
  {0x05C8, 0x05CF},
  {0x05EB, 0x05EE},
  {0x05F5, 0x05FF},
  {0x070E, 0x070E},
  {0x074B, 0x074C},
  {0x07B2, 0x07BF},
  {0x07FB, 0x07FC},
  {0x082E, 0x082F},
  {0x083F, 0x083F},
  {0x085C, 0x085D},
  {0x085F, 0x085F},
  {0x086B, 0x086F},
  {0x0892, 0x0896},
  {0x0984, 0x0984},
  {0x098D, 0x098E},
  {0x0991, 0x0992},
  {0x09A9, 0x09A9},
  {0x09B1, 0x09B1},
  {0x09B3, 0x09B5},
  {0x09BA, 0x09BB},
  {0x09C5, 0x09C6},
  {0x09C9, 0x09CA},
  {0x09CF, 0x09D6},
  {0x09D8, 0x09DB},
  {0x09DE, 0x09DE},
  {0x09E4, 0x09E5},
  {0x09FF, 0x0A00},
  {0x0A04, 0x0A04},
  {0x0A0B, 0x0A0E},
  {0x0A11, 0x0A12},
  {0x0A29, 0x0A29},
  {0x0A31, 0x0A31},
  {0x0A34, 0x0A34},
  {0x0A37, 0x0A37},
  {0x0A3A, 0x0A3B},
  {0x0A3D, 0x0A3D},
  {0x0A43, 0x0A46},
  {0x0A49, 0x0A4A},
  {0x0A4E, 0x0A50},
  {0x0A52, 0x0A58},
  {0x0A5D, 0x0A5D},
  {0x0A5F, 0x0A65},
  {0x0A77, 0x0A80},
  {0x0A84, 0x0A84},
  {0x0A8E, 0x0A8E},
  {0x0A92, 0x0A92},
  {0x0AA9, 0x0AA9},
  {0x0AB1, 0x0AB1},
  {0x0AB4, 0x0AB4},
  {0x0ABA, 0x0ABB},
  {0x0AC6, 0x0AC6},
  {0x0ACA, 0x0ACA},
  {0x0ACE, 0x0ACF},
  {0x0AD1, 0x0ADF},
  {0x0AE4, 0x0AE5},
  {0x0AF2, 0x0AF8},
  {0x0B00, 0x0B00},
  {0x0B04, 0x0B04},
  {0x0B0D, 0x0B0E},
  {0x0B11, 0x0B12},
  {0x0B29, 0x0B29},
  {0x0B31, 0x0B31},
  {0x0B34, 0x0B34},
  {0x0B3A, 0x0B3B},
  {0x0B45, 0x0B46},
  {0x0B49, 0x0B4A},
  {0x0B4E, 0x0B54},
  {0x0B58, 0x0B5B},
  {0x0B5E, 0x0B5E},
  {0x0B64, 0x0B65},
  {0x0B78, 0x0B81},
  {0x0B84, 0x0B84},
  {0x0B8B, 0x0B8D},
  {0x0B91, 0x0B91},
  {0x0B96, 0x0B98},
  {0x0B9B, 0x0B9B},
  {0x0B9D, 0x0B9D},
  {0x0BA0, 0x0BA2},
  {0x0BA5, 0x0BA7},
  {0x0BAB, 0x0BAD},
  {0x0BBA, 0x0BBD},
  {0x0BC3, 0x0BC5},
  {0x0BC9, 0x0BC9},
  {0x0BCE, 0x0BCF},
  {0x0BD1, 0x0BD6},
  {0x0BD8, 0x0BE5},
  {0x0BFB, 0x0BFF},
  {0x0C0D, 0x0C0D},
  {0x0C11, 0x0C11},
  {0x0C29, 0x0C29},
  {0x0C3A, 0x0C3B},
  {0x0C45, 0x0C45},
  {0x0C49, 0x0C49},
  {0x0C4E, 0x0C54},
  {0x0C57, 0x0C57},
  {0x0C5B, 0x0C5B},
  {0x0C5E, 0x0C5F},
  {0x0C64, 0x0C65},
  {0x0C70, 0x0C76},
  {0x0C8D, 0x0C8D},
  {0x0C91, 0x0C91},
  {0x0CA9, 0x0CA9},
  {0x0CB4, 0x0CB4},
  {0x0CBA, 0x0CBB},
  {0x0CC5, 0x0CC5},
  {0x0CC9, 0x0CC9},
  {0x0CCE, 0x0CD4},
  {0x0CD7, 0x0CDB},
  {0x0CDF, 0x0CDF},
  {0x0CE4, 0x0CE5},
  {0x0CF0, 0x0CF0},
  {0x0CF4, 0x0CFF},
  {0x0D0D, 0x0D0D},
  {0x0D11, 0x0D11},
  {0x0D45, 0x0D45},
  {0x0D49, 0x0D49},
  {0x0D50, 0x0D53},
  {0x0D64, 0x0D65},
  {0x0D80, 0x0D80},
  {0x0D84, 0x0D84},
  {0x0D97, 0x0D99},
  {0x0DB2, 0x0DB2},
  {0x0DBC, 0x0DBC},
  {0x0DBE, 0x0DBF},
  {0x0DC7, 0x0DC9},
  {0x0DCB, 0x0DCE},
  {0x0DD5, 0x0DD5},
  {0x0DD7, 0x0DD7},
  {0x0DE0, 0x0DE5},
  {0x0DF0, 0x0DF1},
  {0x0DF5, 0x0E00},
  {0x0E3B, 0x0E3E},
  {0x0E5C, 0x0E80},
  {0x0E83, 0x0E83},
  {0x0E85, 0x0E85},
  {0x0E8B, 0x0E8B},
  {0x0EA4, 0x0EA4},
  {0x0EA6, 0x0EA6},
  {0x0EBE, 0x0EBF},
  {0x0EC5, 0x0EC5},
  {0x0EC7, 0x0EC7},
  {0x0ECF, 0x0ECF},
  {0x0EDA, 0x0EDB},
  {0x0EE0, 0x0EFF},
  {0x0F48, 0x0F48},
  {0x0F6D, 0x0F70},
  {0x0F98, 0x0F98},
  {0x0FBD, 0x0FBD},
  {0x0FCD, 0x0FCD},
  {0x0FDB, 0x0FFF},
  {0x10C6, 0x10C6},
  {0x10C8, 0x10CC},
  {0x10CE, 0x10CF},
  {0x1249, 0x1249},
  {0x124E, 0x124F},
  {0x1257, 0x1257},
  {0x1259, 0x1259},
  {0x125E, 0x125F},
  {0x1289, 0x1289},
  {0x128E, 0x128F},
  {0x12B1, 0x12B1},
  {0x12B6, 0x12B7},
  {0x12BF, 0x12BF},
  {0x12C1, 0x12C1},
  {0x12C6, 0x12C7},
  {0x12D7, 0x12D7},
  {0x1311, 0x1311},
  {0x1316, 0x1317},
  {0x135B, 0x135C},
  {0x137D, 0x137F},
  {0x139A, 0x139F},
  {0x13F6, 0x13F7},
  {0x13FE, 0x13FF},
  {0x169D, 0x169F},
  {0x16F9, 0x16FF},
  {0x1716, 0x171E},
  {0x1737, 0x173F},
  {0x1754, 0x175F},
  {0x176D, 0x176D},
  {0x1771, 0x1771},
  {0x1774, 0x177F},
  {0x17DE, 0x17DF},
  {0x17EA, 0x17EF},
  {0x17FA, 0x17FF},
  {0x181A, 0x181F},
  {0x1879, 0x187F},
  {0x18AB, 0x18AF},
  {0x18F6, 0x18FF},
  {0x191F, 0x191F},
  {0x192C, 0x192F},
  {0x193C, 0x193F},
  {0x1941, 0x1943},
  {0x196E, 0x196F},
  {0x1975, 0x197F},
  {0x19AC, 0x19AF},
  {0x19CA, 0x19CF},
  {0x19DB, 0x19DD},
  {0x1A1C, 0x1A1D},
  {0x1A5F, 0x1A5F},
  {0x1A7D, 0x1A7E},
  {0x1A8A, 0x1A8F},
  {0x1A9A, 0x1A9F},
  {0x1AAE, 0x1AAF},
  {0x1ADE, 0x1ADF},
  {0x1AEC, 0x1AFF},
  {0x1B4D, 0x1B4D},
  {0x1BF4, 0x1BFB},
  {0x1C38, 0x1C3A},
  {0x1C4A, 0x1C4C},
  {0x1C8B, 0x1C8F},
  {0x1CBB, 0x1CBC},
  {0x1CC8, 0x1CCF},
  {0x1CFB, 0x1CFF},
  {0x1F16, 0x1F17},
  {0x1F1E, 0x1F1F},
  {0x1F46, 0x1F47},
  {0x1F4E, 0x1F4F},
  {0x1F58, 0x1F58},
  {0x1F5A, 0x1F5A},
  {0x1F5C, 0x1F5C},
  {0x1F5E, 0x1F5E},
  {0x1F7E, 0x1F7F},
  {0x1FB5, 0x1FB5},
  {0x1FC5, 0x1FC5},
  {0x1FD4, 0x1FD5},
  {0x1FDC, 0x1FDC},
  {0x1FF0, 0x1FF1},
  {0x1FF5, 0x1FF5},
  {0x1FFF, 0x1FFF},
  {0x2065, 0x2065},
  {0x2072, 0x2073},
  {0x208F, 0x208F},
  {0x209D, 0x209F},
  {0x20C2, 0x20CF},
  {0x20F1, 0x20FF},
  {0x218C, 0x218F},
  {0x242A, 0x243F},
  {0x244B, 0x245F},
  {0x2B74, 0x2B75},
  {0x2CF4, 0x2CF8},
  {0x2D26, 0x2D26},
  {0x2D28, 0x2D2C},
  {0x2D2E, 0x2D2F},
  {0x2D68, 0x2D6E},
  {0x2D71, 0x2D7E},
  {0x2D97, 0x2D9F},
  {0x2DA7, 0x2DA7},
  {0x2DAF, 0x2DAF},
  {0x2DB7, 0x2DB7},
  {0x2DBF, 0x2DBF},
  {0x2DC7, 0x2DC7},
  {0x2DCF, 0x2DCF},
  {0x2DD7, 0x2DD7},
  {0x2DDF, 0x2DDF},
  {0x2E5E, 0x2E7F},
  {0x2E9A, 0x2E9A},
  {0x2EF4, 0x2EFF},
  {0x2FD6, 0x2FEF},
  {0x3040, 0x3040},
  {0x3097, 0x3098},
  {0x3100, 0x3104},
  {0x3130, 0x3130},
  {0x318F, 0x318F},
  {0x31E6, 0x31EE},
  {0x321F, 0x321F},
  {0xA48D, 0xA48F},
  {0xA4C7, 0xA4CF},
  {0xA62C, 0xA63F},
  {0xA6F8, 0xA6FF},
  {0xA7DD, 0xA7F0},
  {0xA82D, 0xA82F},
  {0xA83A, 0xA83F},
  {0xA878, 0xA87F},
  {0xA8C6, 0xA8CD},
  {0xA8DA, 0xA8DF},
  {0xA954, 0xA95E},
  {0xA97D, 0xA97F},
  {0xA9CE, 0xA9CE},
  {0xA9DA, 0xA9DD},
  {0xA9FF, 0xA9FF},
  {0xAA37, 0xAA3F},
  {0xAA4E, 0xAA4F},
  {0xAA5A, 0xAA5B},
  {0xAAC3, 0xAADA},
  {0xAAF7, 0xAB00},
  {0xAB07, 0xAB08},
  {0xAB0F, 0xAB10},
  {0xAB17, 0xAB1F},
  {0xAB27, 0xAB27},
  {0xAB2F, 0xAB2F},
  {0xAB6C, 0xAB6F},
  {0xABEE, 0xABEF},
  {0xABFA, 0xABFF},
  {0xD7A4, 0xD7AF},
  {0xD7C7, 0xD7CA},
  {0xD7FC, 0xF8FF},
  {0xFA6E, 0xFA6F},
  {0xFADA, 0xFAFF},
  {0xFB07, 0xFB12},
  {0xFB18, 0xFB1C},
  {0xFB37, 0xFB37},
  {0xFB3D, 0xFB3D},
  {0xFB3F, 0xFB3F},
  {0xFB42, 0xFB42},
  {0xFB45, 0xFB45},
  {0xFDD0, 0xFDEF},
  {0xFE1A, 0xFE1F},
  {0xFE53, 0xFE53},
  {0xFE67, 0xFE67},
  {0xFE6C, 0xFE6F},
  {0xFE75, 0xFE75},
  {0xFEFD, 0xFEFE},
  {0xFF00, 0xFF00},
  {0xFFBF, 0xFFC1},
  {0xFFC8, 0xFFC9},
  {0xFFD0, 0xFFD1},
  {0xFFD8, 0xFFD9},
  {0xFFDD, 0xFFDF},
  {0xFFE7, 0xFFE7},
  {0xFFEF, 0xFFF8},
  {0xFFFE, 0xFFFF},
  {0x1000C, 0x1000C},
  {0x10027, 0x10027},
  {0x1003B, 0x1003B},
  {0x1003E, 0x1003E},
  {0x1004E, 0x1004F},
  {0x1005E, 0x1007F},
  {0x100FB, 0x100FF},
  {0x10103, 0x10106},
  {0x10134, 0x10136},
  {0x1018F, 0x1018F},
  {0x1019D, 0x1019F},
  {0x101A1, 0x101CF},
  {0x101FE, 0x1027F},
  {0x1029D, 0x1029F},
  {0x102D1, 0x102DF},
  {0x102FC, 0x102FF},
  {0x10324, 0x1032C},
  {0x1034B, 0x1034F},
  {0x1037B, 0x1037F},
  {0x1039E, 0x1039E},
  {0x103C4, 0x103C7},
  {0x103D6, 0x103FF},
  {0x1049E, 0x1049F},
  {0x104AA, 0x104AF},
  {0x104D4, 0x104D7},
  {0x104FC, 0x104FF},
  {0x10528, 0x1052F},
  {0x10564, 0x1056E},
  {0x1057B, 0x1057B},
  {0x1058B, 0x1058B},
  {0x10593, 0x10593},
  {0x10596, 0x10596},
  {0x105A2, 0x105A2},
  {0x105B2, 0x105B2},
  {0x105BA, 0x105BA},
  {0x105BD, 0x105BF},
  {0x105F4, 0x105FF},
  {0x10737, 0x1073F},
  {0x10756, 0x1075F},
  {0x10768, 0x1077F},
  {0x10786, 0x10786},
  {0x107B1, 0x107B1},
  {0x107BB, 0x107FF},
  {0x10806, 0x10807},
  {0x10809, 0x10809},
  {0x10836, 0x10836},
  {0x10839, 0x1083B},
  {0x1083D, 0x1083E},
  {0x10856, 0x10856},
  {0x1089F, 0x108A6},
  {0x108B0, 0x108DF},
  {0x108F3, 0x108F3},
  {0x108F6, 0x108FA},
  {0x1091C, 0x1091E},
  {0x1093A, 0x1093E},
  {0x1095A, 0x1097F},
  {0x109B8, 0x109BB},
  {0x109D0, 0x109D1},
  {0x10A04, 0x10A04},
  {0x10A07, 0x10A0B},
  {0x10A14, 0x10A14},
  {0x10A18, 0x10A18},
  {0x10A36, 0x10A37},
  {0x10A3B, 0x10A3E},
  {0x10A49, 0x10A4F},
  {0x10A59, 0x10A5F},
  {0x10AA0, 0x10ABF},
  {0x10AE7, 0x10AEA},
  {0x10AF7, 0x10AFF},
  {0x10B36, 0x10B38},
  {0x10B56, 0x10B57},
  {0x10B73, 0x10B77},
  {0x10B92, 0x10B98},
  {0x10B9D, 0x10BA8},
  {0x10BB0, 0x10BFF},
  {0x10C49, 0x10C7F},
  {0x10CB3, 0x10CBF},
  {0x10CF3, 0x10CF9},
  {0x10D28, 0x10D2F},
  {0x10D3A, 0x10D3F},
  {0x10D66, 0x10D68},
  {0x10D86, 0x10D8D},
  {0x10D90, 0x10E5F},
  {0x10E7F, 0x10E7F},
  {0x10EAA, 0x10EAA},
  {0x10EAE, 0x10EAF},
  {0x10EB2, 0x10EC1},
  {0x10EC8, 0x10ECF},
  {0x10ED9, 0x10EF9},
  {0x10F28, 0x10F2F},
  {0x10F5A, 0x10F6F},
  {0x10F8A, 0x10FAF},
  {0x10FCC, 0x10FDF},
  {0x10FF7, 0x10FFF},
  {0x1104E, 0x11051},
  {0x11076, 0x1107E},
  {0x110C3, 0x110CC},
  {0x110CE, 0x110CF},
  {0x110E9, 0x110EF},
  {0x110FA, 0x110FF},
  {0x11135, 0x11135},
  {0x11148, 0x1114F},
  {0x11177, 0x1117F},
  {0x111E0, 0x111E0},
  {0x111F5, 0x111FF},
  {0x11212, 0x11212},
  {0x11242, 0x1127F},
  {0x11287, 0x11287},
  {0x11289, 0x11289},
  {0x1128E, 0x1128E},
  {0x1129E, 0x1129E},
  {0x112AA, 0x112AF},
  {0x112EB, 0x112EF},
  {0x112FA, 0x112FF},
  {0x11304, 0x11304},
  {0x1130D, 0x1130E},
  {0x11311, 0x11312},
  {0x11329, 0x11329},
  {0x11331, 0x11331},
  {0x11334, 0x11334},
  {0x1133A, 0x1133A},
  {0x11345, 0x11346},
  {0x11349, 0x1134A},
  {0x1134E, 0x1134F},
  {0x11351, 0x11356},
  {0x11358, 0x1135C},
  {0x11364, 0x11365},
  {0x1136D, 0x1136F},
  {0x11375, 0x1137F},
  {0x1138A, 0x1138A},
  {0x1138C, 0x1138D},
  {0x1138F, 0x1138F},
  {0x113B6, 0x113B6},
  {0x113C1, 0x113C1},
  {0x113C3, 0x113C4},
  {0x113C6, 0x113C6},
  {0x113CB, 0x113CB},
  {0x113D6, 0x113D6},
  {0x113D9, 0x113E0},
  {0x113E3, 0x113FF},
  {0x1145C, 0x1145C},
  {0x11462, 0x1147F},
  {0x114C8, 0x114CF},
  {0x114DA, 0x1157F},
  {0x115B6, 0x115B7},
  {0x115DE, 0x115FF},
  {0x11645, 0x1164F},
  {0x1165A, 0x1165F},
  {0x1166D, 0x1167F},
  {0x116BA, 0x116BF},
  {0x116CA, 0x116CF},
  {0x116E4, 0x116FF},
  {0x1171B, 0x1171C},
  {0x1172C, 0x1172F},
  {0x11747, 0x117FF},
  {0x1183C, 0x1189F},
  {0x118F3, 0x118FE},
  {0x11907, 0x11908},
  {0x1190A, 0x1190B},
  {0x11914, 0x11914},
  {0x11917, 0x11917},
  {0x11936, 0x11936},
  {0x11939, 0x1193A},
  {0x11947, 0x1194F},
  {0x1195A, 0x1199F},
  {0x119A8, 0x119A9},
  {0x119D8, 0x119D9},
  {0x119E5, 0x119FF},
  {0x11A48, 0x11A4F},
  {0x11AA3, 0x11AAF},
  {0x11AF9, 0x11AFF},
  {0x11B0A, 0x11B5F},
  {0x11B68, 0x11BBF},
  {0x11BE2, 0x11BEF},
  {0x11BFA, 0x11BFF},
  {0x11C09, 0x11C09},
  {0x11C37, 0x11C37},
  {0x11C46, 0x11C4F},
  {0x11C6D, 0x11C6F},
  {0x11C90, 0x11C91},
  {0x11CA8, 0x11CA8},
  {0x11CB7, 0x11CFF},
  {0x11D07, 0x11D07},
  {0x11D0A, 0x11D0A},
  {0x11D37, 0x11D39},
  {0x11D3B, 0x11D3B},
  {0x11D3E, 0x11D3E},
  {0x11D48, 0x11D4F},
  {0x11D5A, 0x11D5F},
  {0x11D66, 0x11D66},
  {0x11D69, 0x11D69},
  {0x11D8F, 0x11D8F},
  {0x11D92, 0x11D92},
  {0x11D99, 0x11D9F},
  {0x11DAA, 0x11DAF},
  {0x11DDC, 0x11DDF},
  {0x11DEA, 0x11EDF},
  {0x11EF9, 0x11EFF},
  {0x11F11, 0x11F11},
  {0x11F3B, 0x11F3D},
  {0x11F5B, 0x11FAF},
  {0x11FB1, 0x11FBF},
  {0x11FF2, 0x11FFE},
  {0x1239A, 0x123FF},
  {0x1246F, 0x1246F},
  {0x12475, 0x1247F},
  {0x12544, 0x12F8F},
  {0x12FF3, 0x12FFF},
  {0x13456, 0x1345F},
  {0x143FB, 0x143FF},
  {0x14647, 0x160FF},
  {0x1613A, 0x167FF},
  {0x16A39, 0x16A3F},
  {0x16A5F, 0x16A5F},
  {0x16A6A, 0x16A6D},
  {0x16ABF, 0x16ABF},
  {0x16ACA, 0x16ACF},
  {0x16AEE, 0x16AEF},
  {0x16AF6, 0x16AFF},
  {0x16B46, 0x16B4F},
  {0x16B5A, 0x16B5A},
  {0x16B62, 0x16B62},
  {0x16B78, 0x16B7C},
  {0x16B90, 0x16D3F},
  {0x16D7A, 0x16E3F},
  {0x16E9B, 0x16E9F},
  {0x16EB9, 0x16EBA},
  {0x16ED4, 0x16EFF},
  {0x16F4B, 0x16F4E},
  {0x16F88, 0x16F8E},
  {0x16FA0, 0x16FDF},
  {0x16FE5, 0x16FEF},
  {0x16FF7, 0x16FFF},
  {0x18CD6, 0x18CFE},
  {0x18D1F, 0x18D7F},
  {0x18DF3, 0x1AFEF},
  {0x1AFF4, 0x1AFF4},
  {0x1AFFC, 0x1AFFC},
  {0x1AFFF, 0x1AFFF},
  {0x1B123, 0x1B131},
  {0x1B133, 0x1B14F},
  {0x1B153, 0x1B154},
  {0x1B156, 0x1B163},
  {0x1B168, 0x1B16F},
  {0x1B2FC, 0x1BBFF},
  {0x1BC6B, 0x1BC6F},
  {0x1BC7D, 0x1BC7F},
  {0x1BC89, 0x1BC8F},
  {0x1BC9A, 0x1BC9B},
  {0x1BCA4, 0x1CBFF},
  {0x1CCFD, 0x1CCFF},
  {0x1CEB4, 0x1CEB9},
  {0x1CED1, 0x1CEDF},
  {0x1CEF1, 0x1CEFF},
  {0x1CF2E, 0x1CF2F},
  {0x1CF47, 0x1CF4F},
  {0x1CFC4, 0x1CFFF},
  {0x1D0F6, 0x1D0FF},
  {0x1D127, 0x1D128},
  {0x1D1EB, 0x1D1FF},
  {0x1D246, 0x1D2BF},
  {0x1D2D4, 0x1D2DF},
  {0x1D2F4, 0x1D2FF},
  {0x1D357, 0x1D35F},
  {0x1D379, 0x1D3FF},
  {0x1D455, 0x1D455},
  {0x1D49D, 0x1D49D},
  {0x1D4A0, 0x1D4A1},
  {0x1D4A3, 0x1D4A4},
  {0x1D4A7, 0x1D4A8},
  {0x1D4AD, 0x1D4AD},
  {0x1D4BA, 0x1D4BA},
  {0x1D4BC, 0x1D4BC},
  {0x1D4C4, 0x1D4C4},
  {0x1D506, 0x1D506},
  {0x1D50B, 0x1D50C},
  {0x1D515, 0x1D515},
  {0x1D51D, 0x1D51D},
  {0x1D53A, 0x1D53A},
  {0x1D53F, 0x1D53F},
  {0x1D545, 0x1D545},
  {0x1D547, 0x1D549},
  {0x1D551, 0x1D551},
  {0x1D6A6, 0x1D6A7},
  {0x1D7CC, 0x1D7CD},
  {0x1DA8C, 0x1DA9A},
  {0x1DAA0, 0x1DAA0},
  {0x1DAB0, 0x1DEFF},
  {0x1DF1F, 0x1DF24},
  {0x1DF2B, 0x1DFFF},
  {0x1E007, 0x1E007},
  {0x1E019, 0x1E01A},
  {0x1E022, 0x1E022},
  {0x1E025, 0x1E025},
  {0x1E02B, 0x1E02F},
  {0x1E06E, 0x1E08E},
  {0x1E090, 0x1E0FF},
  {0x1E12D, 0x1E12F},
  {0x1E13E, 0x1E13F},
  {0x1E14A, 0x1E14D},
  {0x1E150, 0x1E28F},
  {0x1E2AF, 0x1E2BF},
  {0x1E2FA, 0x1E2FE},
  {0x1E300, 0x1E4CF},
  {0x1E4FA, 0x1E5CF},
  {0x1E5FB, 0x1E5FE},
  {0x1E600, 0x1E6BF},
  {0x1E6DF, 0x1E6DF},
  {0x1E6F6, 0x1E6FD},
  {0x1E700, 0x1E7DF},
  {0x1E7E7, 0x1E7E7},
  {0x1E7EC, 0x1E7EC},
  {0x1E7EF, 0x1E7EF},
  {0x1E7FF, 0x1E7FF},
  {0x1E8C5, 0x1E8C6},
  {0x1E8D7, 0x1E8FF},
  {0x1E94C, 0x1E94F},
  {0x1E95A, 0x1E95D},
  {0x1E960, 0x1EC70},
  {0x1ECB5, 0x1ED00},
  {0x1ED3E, 0x1EDFF},
  {0x1EE04, 0x1EE04},
  {0x1EE20, 0x1EE20},
  {0x1EE23, 0x1EE23},
  {0x1EE25, 0x1EE26},
  {0x1EE28, 0x1EE28},
  {0x1EE33, 0x1EE33},
  {0x1EE38, 0x1EE38},
  {0x1EE3A, 0x1EE3A},
  {0x1EE3C, 0x1EE41},
  {0x1EE43, 0x1EE46},
  {0x1EE48, 0x1EE48},
  {0x1EE4A, 0x1EE4A},
  {0x1EE4C, 0x1EE4C},
  {0x1EE50, 0x1EE50},
  {0x1EE53, 0x1EE53},
  {0x1EE55, 0x1EE56},
  {0x1EE58, 0x1EE58},
  {0x1EE5A, 0x1EE5A},
  {0x1EE5C, 0x1EE5C},
  {0x1EE5E, 0x1EE5E},
  {0x1EE60, 0x1EE60},
  {0x1EE63, 0x1EE63},
  {0x1EE65, 0x1EE66},
  {0x1EE6B, 0x1EE6B},
  {0x1EE73, 0x1EE73},
  {0x1EE78, 0x1EE78},
  {0x1EE7D, 0x1EE7D},
  {0x1EE7F, 0x1EE7F},
  {0x1EE8A, 0x1EE8A},
  {0x1EE9C, 0x1EEA0},
  {0x1EEA4, 0x1EEA4},
  {0x1EEAA, 0x1EEAA},
  {0x1EEBC, 0x1EEEF},
  {0x1EEF2, 0x1EFFF},
  {0x1F02C, 0x1F02F},
  {0x1F094, 0x1F09F},
  {0x1F0AF, 0x1F0B0},
  {0x1F0C0, 0x1F0C0},
  {0x1F0D0, 0x1F0D0},
  {0x1F0F6, 0x1F0FF},
  {0x1F1AE, 0x1F1E5},
  {0x1F203, 0x1F20F},
  {0x1F23C, 0x1F23F},
  {0x1F249, 0x1F24F},
  {0x1F252, 0x1F25F},
  {0x1F266, 0x1F2FF},
  {0x1F6D9, 0x1F6DB},
  {0x1F6ED, 0x1F6EF},
  {0x1F6FD, 0x1F6FF},
  {0x1F7DA, 0x1F7DF},
  {0x1F7EC, 0x1F7EF},
  {0x1F7F1, 0x1F7FF},
  {0x1F80C, 0x1F80F},
  {0x1F848, 0x1F84F},
  {0x1F85A, 0x1F85F},
  {0x1F888, 0x1F88F},
  {0x1F8AE, 0x1F8AF},
  {0x1F8BC, 0x1F8BF},
  {0x1F8C2, 0x1F8CF},
  {0x1F8D9, 0x1F8FF},
  {0x1FA58, 0x1FA5F},
  {0x1FA6E, 0x1FA6F},
  {0x1FA7D, 0x1FA7F},
  {0x1FA8B, 0x1FA8D},
  {0x1FAC7, 0x1FAC7},
  {0x1FAC9, 0x1FACC},
  {0x1FADD, 0x1FADE},
  {0x1FAEB, 0x1FAEE},
  {0x1FAF9, 0x1FAFF},
  {0x1FB93, 0x1FB93},
  {0x1FBFB, 0x1FFFF},
  {0x2A6E0, 0x2A6FF},
  {0x2B81E, 0x2B81F},
  {0x2CEAE, 0x2CEAF},
  {0x2EBE1, 0x2EBEF},
  {0x2EE5E, 0x2F7FF},
  {0x2FA1E, 0x2FFFF},
  {0x3134B, 0x3134F},
  {0x3347A, 0xE0000},
  {0xE0002, 0xE001F},
  {0xE0080, 0xE00FF},
  {0xE01F0, 0x10FFFF},
  {0x061F, 0x061F},
  {0x0640, 0x0640},
  {0x204F, 0x204F},
  {0x2E41, 0x2E41},
  {0x1E900, 0x1E94B},
  {0x1E950, 0x1E959},
  {0x1E95E, 0x1E95F},
  {0x0304, 0x0304},
  {0x0331, 0x0331},
  {0x035E, 0x035E},
  {0x10530, 0x10563},
  {0x1056F, 0x1056F},
  {0x0600, 0x0604},
  {0x0606, 0x06DC},
  {0x06DE, 0x06FF},
  {0x0750, 0x077F},
  {0x0870, 0x0891},
  {0x0897, 0x08E1},
  {0x08E3, 0x08FF},
  {0x204F, 0x204F},
  {0x2E41, 0x2E41},
  {0xFB50, 0xFDCF},
  {0xFDF0, 0xFDFF},
  {0xFE70, 0xFE74},
  {0xFE76, 0xFEFC},
  {0x102E0, 0x102FB},
  {0x10E60, 0x10E7E},
  {0x10EC2, 0x10EC7},
  {0x10ED0, 0x10ED8},
  {0x10EFA, 0x10EFF},
  {0x1EE00, 0x1EE03},
  {0x1EE05, 0x1EE1F},
  {0x1EE21, 0x1EE22},
  {0x1EE24, 0x1EE24},
  {0x1EE27, 0x1EE27},
  {0x1EE29, 0x1EE32},
  {0x1EE34, 0x1EE37},
  {0x1EE39, 0x1EE39},
  {0x1EE3B, 0x1EE3B},
  {0x1EE42, 0x1EE42},
  {0x1EE47, 0x1EE47},
  {0x1EE49, 0x1EE49},
  {0x1EE4B, 0x1EE4B},
  {0x1EE4D, 0x1EE4F},
  {0x1EE51, 0x1EE52},
  {0x1EE54, 0x1EE54},
  {0x1EE57, 0x1EE57},
  {0x1EE59, 0x1EE59},
  {0x1EE5B, 0x1EE5B},
  {0x1EE5D, 0x1EE5D},
  {0x1EE5F, 0x1EE5F},
  {0x1EE61, 0x1EE62},
  {0x1EE64, 0x1EE64},
  {0x1EE67, 0x1EE6A},
  {0x1EE6C, 0x1EE72},
  {0x1EE74, 0x1EE77},
  {0x1EE79, 0x1EE7C},
  {0x1EE7E, 0x1EE7E},
  {0x1EE80, 0x1EE89},
  {0x1EE8B, 0x1EE9B},
  {0x1EEA1, 0x1EEA3},
  {0x1EEA5, 0x1EEA9},
  {0x1EEAB, 0x1EEBB},
  {0x1EEF0, 0x1EEF1},
  {0x0308, 0x0308},
  {0x0531, 0x0556},
  {0x0559, 0x058A},
  {0x058D, 0x058F},
  {0xFB13, 0xFB17},
  {0x00B7, 0x00B7},
  {0x2E30, 0x2E31},
  {0x10B00, 0x10B35},
  {0x10B39, 0x10B3F},
  {0x02BC, 0x02BC},
  {0x0951, 0x0952},
  {0x0964, 0x0965},
  {0x0980, 0x0983},
  {0x0985, 0x098C},
  {0x098F, 0x0990},
  {0x0993, 0x09A8},
  {0x09AA, 0x09B0},
  {0x09B2, 0x09B2},
  {0x09B6, 0x09B9},
  {0x09BC, 0x09C4},
  {0x09C7, 0x09C8},
  {0x09CB, 0x09CE},
  {0x09D7, 0x09D7},
  {0x09DC, 0x09DD},
  {0x09DF, 0x09E3},
  {0x09E6, 0x09FE},
  {0x1CD0, 0x1CD0},
  {0x1CD2, 0x1CD2},
  {0x1CD5, 0x1CD6},
  {0x1CD8, 0x1CD8},
  {0x1CE1, 0x1CE1},
  {0x1CEA, 0x1CEA},
  {0x1CED, 0x1CED},
  {0x1CF2, 0x1CF2},
  {0x1CF5, 0x1CF7},
  {0xA8F1, 0xA8F1},
  {0x02C7, 0x02C7},
  {0x02C9, 0x02CB},
  {0x02D9, 0x02D9},
  {0x02EA, 0x02EB},
  {0x3001, 0x3003},
  {0x3008, 0x3011},
  {0x3013, 0x301F},
  {0x302A, 0x302D},
  {0x3030, 0x3030},
  {0x3037, 0x3037},
  {0x30FB, 0x30FB},
  {0x3105, 0x312F},
  {0x31A0, 0x31BF},
  {0xFE45, 0xFE46},
  {0xFF61, 0xFF65},
  {0x1A00, 0x1A1B},
  {0x1A1E, 0x1A1F},
  {0xA9CF, 0xA9CF},
  {0x1735, 0x1736},
  {0x1740, 0x1753},
  {0x09E6, 0x09EF},
  {0x1040, 0x1049},
  {0x11100, 0x11134},
  {0x11136, 0x11147},
  {0x00B7, 0x00B7},
  {0x205A, 0x205A},
  {0x205D, 0x205D},
  {0x2E31, 0x2E31},
  {0x102A0, 0x102D0},
  {0x0300, 0x0302},
  {0x0304, 0x0304},
  {0x030B, 0x030C},
  {0x0323, 0x0324},
  {0x0330, 0x0331},
  {0x13A0, 0x13F5},
  {0x13F8, 0x13FD},
  {0xAB70, 0xABBF},
  {0x00B7, 0x00B7},
  {0x0300, 0x0300},
  {0x0304, 0x0305},
  {0x0307, 0x0307},
  {0x0374, 0x0375},
  {0x03E2, 0x03EF},
  {0x2C80, 0x2CF3},
  {0x2CF9, 0x2CFF},
  {0x2E17, 0x2E17},
  {0x102E0, 0x102FB},
  {0x10100, 0x10101},
  {0x12F90, 0x12FF2},
  {0x10100, 0x10102},
  {0x10107, 0x10133},
  {0x10137, 0x1013F},
  {0x10800, 0x10805},
  {0x10808, 0x10808},
  {0x1080A, 0x10835},
  {0x10837, 0x10838},
  {0x1083C, 0x1083C},
  {0x1083F, 0x1083F},
  {0x02BC, 0x02BC},
  {0x0300, 0x0302},
  {0x0304, 0x0304},
  {0x0306, 0x0306},
  {0x0308, 0x0308},
  {0x030B, 0x030B},
  {0x0311, 0x0311},
  {0x0400, 0x052F},
  {0x1C80, 0x1C8A},
  {0x1D2B, 0x1D2B},
  {0x1D78, 0x1D78},
  {0x1DF8, 0x1DF8},
  {0x2DE0, 0x2DFF},
  {0x2E43, 0x2E43},
  {0xA640, 0xA69F},
  {0xFE2E, 0xFE2F},
  {0x1E030, 0x1E06D},
  {0x1E08F, 0x1E08F},
  {0x02BC, 0x02BC},
  {0x0900, 0x0952},
  {0x0955, 0x097F},
  {0x1CD0, 0x1CF6},
  {0x1CF8, 0x1CF9},
  {0x20F0, 0x20F0},
  {0xA830, 0xA839},
  {0xA8E0, 0xA8FF},
  {0x11B00, 0x11B09},
  {0x0964, 0x096F},
  {0xA830, 0xA839},
  {0x11800, 0x1183B},
  {0x00B7, 0x00B7},
  {0x0307, 0x0308},
  {0x030A, 0x030A},
  {0x0323, 0x0324},
  {0x2E3C, 0x2E3C},
  {0x1BC00, 0x1BC6A},
  {0x1BC70, 0x1BC7C},
  {0x1BC80, 0x1BC88},
  {0x1BC90, 0x1BC99},
  {0x1BC9C, 0x1BCA3},
  {0x00B7, 0x00B7},
  {0x0305, 0x0305},
  {0x10500, 0x10527},
  {0x030E, 0x030E},
  {0x1200, 0x1248},
  {0x124A, 0x124D},
  {0x1250, 0x1256},
  {0x1258, 0x1258},
  {0x125A, 0x125D},
  {0x1260, 0x1288},
  {0x128A, 0x128D},
  {0x1290, 0x12B0},
  {0x12B2, 0x12B5},
  {0x12B8, 0x12BE},
  {0x12C0, 0x12C0},
  {0x12C2, 0x12C5},
  {0x12C8, 0x12D6},
  {0x12D8, 0x1310},
  {0x1312, 0x1315},
  {0x1318, 0x135A},
  {0x135D, 0x137C},
  {0x1380, 0x1399},
  {0x2D80, 0x2D96},
  {0x2DA0, 0x2DA6},
  {0x2DA8, 0x2DAE},
  {0x2DB0, 0x2DB6},
  {0x2DB8, 0x2DBE},
  {0x2DC0, 0x2DC6},
  {0x2DC8, 0x2DCE},
  {0x2DD0, 0x2DD6},
  {0x2DD8, 0x2DDE},
  {0xAB01, 0xAB06},
  {0xAB09, 0xAB0E},
  {0xAB11, 0xAB16},
  {0xAB20, 0xAB26},
  {0xAB28, 0xAB2E},
  {0x1E7E0, 0x1E7E6},
  {0x1E7E8, 0x1E7EB},
  {0x1E7ED, 0x1E7EE},
  {0x1E7F0, 0x1E7FE},
  {0x060C, 0x060C},
  {0x061B, 0x061B},
  {0x061F, 0x061F},
  {0x10D40, 0x10D65},
  {0x10D69, 0x10D85},
  {0x10D8E, 0x10D8F},
  {0x00B7, 0x00B7},
  {0x0589, 0x0589},
  {0x10A0, 0x10C5},
  {0x10C7, 0x10C7},
  {0x10CD, 0x10CD},
  {0x10D0, 0x10FF},
  {0x1C90, 0x1CBA},
  {0x1CBD, 0x1CBF},
  {0x205A, 0x205A},
  {0x2D00, 0x2D25},
  {0x2D27, 0x2D27},
  {0x2D2D, 0x2D2D},
  {0x2E31, 0x2E31},
  {0x00B7, 0x00B7},
  {0x0303, 0x0303},
  {0x0305, 0x0305},
  {0x0484, 0x0484},
  {0x0487, 0x0487},
  {0x0589, 0x0589},
  {0x10FB, 0x10FB},
  {0x205A, 0x205A},
  {0x2C00, 0x2C5F},
  {0x2E43, 0x2E43},
  {0xA66F, 0xA66F},
  {0x1E000, 0x1E006},
  {0x1E008, 0x1E018},
  {0x1E01B, 0x1E021},
  {0x1E023, 0x1E024},
  {0x1E026, 0x1E02A},
  {0x00B7, 0x00B7},
  {0x0964, 0x0965},
  {0x11D60, 0x11D65},
  {0x11D67, 0x11D68},
  {0x11D6A, 0x11D8E},
  {0x11D90, 0x11D91},
  {0x11D93, 0x11D98},
  {0x11DA0, 0x11DA9},
  {0x0964, 0x0965},
  {0x11D00, 0x11D06},
  {0x11D08, 0x11D09},
  {0x11D0B, 0x11D36},
  {0x11D3A, 0x11D3A},
  {0x11D3C, 0x11D3D},
  {0x11D3F, 0x11D47},
  {0x11D50, 0x11D59},
  {0x00B7, 0x00B7},
  {0x0304, 0x0305},
  {0x0308, 0x0308},
  {0x0331, 0x0331},
  {0x10330, 0x1034A},
  {0x0951, 0x0952},
  {0x0964, 0x0965},
  {0x0BE6, 0x0BF3},
  {0x1CD0, 0x1CD0},
  {0x1CD2, 0x1CD3},
  {0x1CF2, 0x1CF4},
  {0x1CF8, 0x1CF9},
  {0x20F0, 0x20F0},
  {0x11300, 0x11303},
  {0x11305, 0x1130C},
  {0x1130F, 0x11310},
  {0x11313, 0x11328},
  {0x1132A, 0x11330},
  {0x11332, 0x11333},
  {0x11335, 0x11339},
  {0x1133B, 0x11344},
  {0x11347, 0x11348},
  {0x1134B, 0x1134D},
  {0x11350, 0x11350},
  {0x11357, 0x11357},
  {0x1135D, 0x11363},
  {0x11366, 0x1136C},
  {0x11370, 0x11374},
  {0x11FD0, 0x11FD1},
  {0x11FD3, 0x11FD3},
  {0x00B7, 0x00B7},
  {0x0300, 0x0301},
  {0x0304, 0x0304},
  {0x0306, 0x0306},
  {0x0308, 0x0308},
  {0x0313, 0x0313},
  {0x0342, 0x0342},
  {0x0345, 0x0345},
  {0x0370, 0x0377},
  {0x037A, 0x037D},
  {0x037F, 0x037F},
  {0x0384, 0x0384},
  {0x0386, 0x0386},
  {0x0388, 0x038A},
  {0x038C, 0x038C},
  {0x038E, 0x03A1},
  {0x03A3, 0x03E1},
  {0x03F0, 0x03FF},
  {0x1D26, 0x1D2A},
  {0x1D5D, 0x1D61},
  {0x1D66, 0x1D6A},
  {0x1DBF, 0x1DC1},
  {0x1F00, 0x1F15},
  {0x1F18, 0x1F1D},
  {0x1F20, 0x1F45},
  {0x1F48, 0x1F4D},
  {0x1F50, 0x1F57},
  {0x1F59, 0x1F59},
  {0x1F5B, 0x1F5B},
  {0x1F5D, 0x1F5D},
  {0x1F5F, 0x1F7D},
  {0x1F80, 0x1FB4},
  {0x1FB6, 0x1FC4},
  {0x1FC6, 0x1FD3},
  {0x1FD6, 0x1FDB},
  {0x1FDD, 0x1FEF},
  {0x1FF2, 0x1FF4},
  {0x1FF6, 0x1FFE},
  {0x205D, 0x205D},
  {0x2126, 0x2126},
  {0xAB65, 0xAB65},
  {0x10140, 0x1018E},
  {0x101A0, 0x101A0},
  {0x1D200, 0x1D245},
  {0x0951, 0x0952},
  {0x0964, 0x0965},
  {0x0A81, 0x0A83},
  {0x0A85, 0x0A8D},
  {0x0A8F, 0x0A91},
  {0x0A93, 0x0AA8},
  {0x0AAA, 0x0AB0},
  {0x0AB2, 0x0AB3},
  {0x0AB5, 0x0AB9},
  {0x0ABC, 0x0AC5},
  {0x0AC7, 0x0AC9},
  {0x0ACB, 0x0ACD},
  {0x0AD0, 0x0AD0},
  {0x0AE0, 0x0AE3},
  {0x0AE6, 0x0AF1},
  {0x0AF9, 0x0AFF},
  {0xA830, 0xA839},
  {0x0965, 0x0965},
  {0x16100, 0x16139},
  {0x0951, 0x0952},
  {0x0964, 0x0965},
  {0x0A01, 0x0A03},
  {0x0A05, 0x0A0A},
  {0x0A0F, 0x0A10},
  {0x0A13, 0x0A28},
  {0x0A2A, 0x0A30},
  {0x0A32, 0x0A33},
  {0x0A35, 0x0A36},
  {0x0A38, 0x0A39},
  {0x0A3C, 0x0A3C},
  {0x0A3E, 0x0A42},
  {0x0A47, 0x0A48},
  {0x0A4B, 0x0A4D},
  {0x0A51, 0x0A51},
  {0x0A59, 0x0A5C},
  {0x0A5E, 0x0A5E},
  {0x0A66, 0x0A76},
  {0xA830, 0xA839},
  {0x1100, 0x11FF},
  {0x3001, 0x3003},
  {0x3008, 0x3011},
  {0x3013, 0x301F},
  {0x302E, 0x3030},
  {0x3037, 0x3037},
  {0x30FB, 0x30FB},
  {0x3131, 0x318E},
  {0x3200, 0x321E},
  {0x3260, 0x327E},
  {0xA960, 0xA97C},
  {0xAC00, 0xD7A3},
  {0xD7B0, 0xD7C6},
  {0xD7CB, 0xD7FB},
  {0xFE45, 0xFE46},
  {0xFF61, 0xFF65},
  {0xFFA0, 0xFFBE},
  {0xFFC2, 0xFFC7},
  {0xFFCA, 0xFFCF},
  {0xFFD2, 0xFFD7},
  {0xFFDA, 0xFFDC},
  {0x00B7, 0x00B7},
  {0x2E80, 0x2E99},
  {0x2E9B, 0x2EF3},
  {0x2F00, 0x2FD5},
  {0x2FF0, 0x2FFF},
  {0x3001, 0x3003},
  {0x3005, 0x3011},
  {0x3013, 0x301F},
  {0x3021, 0x302D},
  {0x3030, 0x3030},
  {0x3037, 0x303F},
  {0x30FB, 0x30FB},
  {0x3190, 0x319F},
  {0x31C0, 0x31E5},
  {0x31EF, 0x31EF},
  {0x3220, 0x3247},
  {0x3280, 0x32B0},
  {0x32C0, 0x32CB},
  {0x32FF, 0x32FF},
  {0x3358, 0x3370},
  {0x337B, 0x337F},
  {0x33E0, 0x33FE},
  {0x3400, 0x4DBF},
  {0x4E00, 0x9FFF},
  {0xA700, 0xA707},
  {0xF900, 0xFA6D},
  {0xFA70, 0xFAD9},
  {0xFE45, 0xFE46},
  {0xFF61, 0xFF65},
  {0x16FE2, 0x16FE3},
  {0x16FF0, 0x16FF6},
  {0x1D360, 0x1D371},
  {0x1F250, 0x1F251},
  {0x20000, 0x2A6DF},
  {0x2A700, 0x2B81D},
  {0x2B820, 0x2CEAD},
  {0x2CEB0, 0x2EBE0},
  {0x2EBF0, 0x2EE5D},
  {0x2F800, 0x2FA1D},
  {0x30000, 0x3134A},
  {0x31350, 0x33479},
  {0x1720, 0x1736},
  {0x0307, 0x0308},
  {0x0591, 0x05C7},
  {0x05D0, 0x05EA},
  {0x05EF, 0x05F4},
  {0xFB1D, 0xFB36},
  {0xFB38, 0xFB3C},
  {0xFB3E, 0xFB3E},
  {0xFB40, 0xFB41},
  {0xFB43, 0xFB44},
  {0xFB46, 0xFB4F},
  {0x3001, 0x3003},
  {0x3008, 0x3011},
  {0x3013, 0x301F},
  {0x3030, 0x3035},
  {0x3037, 0x3037},
  {0x303C, 0x303D},
  {0x3041, 0x3096},
  {0x3099, 0x30A0},
  {0x30FB, 0x30FC},
  {0xFE45, 0xFE46},
  {0xFF61, 0xFF65},
  {0xFF70, 0xFF70},
  {0xFF9E, 0xFF9F},
  {0x1B001, 0x1B11F},
  {0x1B132, 0x1B132},
  {0x1B150, 0x1B152},
  {0x1F200, 0x1F200},
  {0x205A, 0x205A},
  {0x205D, 0x205D},
  {0x2E31, 0x2E31},
  {0x2E41, 0x2E41},
  {0x10C80, 0x10CB2},
  {0x10CC0, 0x10CF2},
  {0x10CFA, 0x10CFF},
  {0xA980, 0xA9CD},
  {0xA9CF, 0xA9D9},
  {0xA9DE, 0xA9DF},
  {0xA900, 0xA92F},
  {0x0305, 0x0305},
  {0x0323, 0x0323},
  {0x3001, 0x3003},
  {0x3008, 0x3011},
  {0x3013, 0x301F},
  {0x3030, 0x3035},
  {0x3037, 0x3037},
  {0x303C, 0x303D},
  {0x3099, 0x309C},
  {0x30A0, 0x30FF},
  {0x31F0, 0x31FF},
  {0x32D0, 0x32FE},
  {0x3300, 0x3357},
  {0xFE45, 0xFE46},
  {0xFF61, 0xFF9F},
  {0x1AFF0, 0x1AFF3},
  {0x1AFF5, 0x1AFFB},
  {0x1AFFD, 0x1AFFE},
  {0x1B000, 0x1B000},
  {0x1B120, 0x1B122},
  {0x1B155, 0x1B155},
  {0x1B164, 0x1B167},
  {0x0AE6, 0x0AEF},
  {0xA830, 0xA839},
  {0x11200, 0x11211},
  {0x11213, 0x11241},
  {0x0951, 0x0952},
  {0x0964, 0x0965},
  {0x0C80, 0x0C8C},
  {0x0C8E, 0x0C90},
  {0x0C92, 0x0CA8},
  {0x0CAA, 0x0CB3},
  {0x0CB5, 0x0CB9},
  {0x0CBC, 0x0CC4},
  {0x0CC6, 0x0CC8},
  {0x0CCA, 0x0CCD},
  {0x0CD5, 0x0CD6},
  {0x0CDC, 0x0CDE},
  {0x0CE0, 0x0CE3},
  {0x0CE6, 0x0CEF},
  {0x0CF1, 0x0CF3},
  {0x1CD0, 0x1CD0},
  {0x1CD2, 0x1CD3},
  {0x1CDA, 0x1CDA},
  {0x1CF2, 0x1CF2},
  {0x1CF4, 0x1CF4},
  {0xA830, 0xA835},
  {0x0966, 0x096F},
  {0x2E31, 0x2E31},
  {0xA830, 0xA839},
  {0x11080, 0x110C2},
  {0x110CD, 0x110CD},
  {0x0041, 0x005A},
  {0x0061, 0x007A},
  {0x00AA, 0x00AA},
  {0x00B7, 0x00B7},
  {0x00BA, 0x00BA},
  {0x00C0, 0x00D6},
  {0x00D8, 0x00F6},
  {0x00F8, 0x02B8},
  {0x02BC, 0x02BC},
  {0x02C7, 0x02C7},
  {0x02C9, 0x02CB},
  {0x02CD, 0x02CD},
  {0x02D7, 0x02D7},
  {0x02D9, 0x02D9},
  {0x02E0, 0x02E4},
  {0x0300, 0x030E},
  {0x0310, 0x0311},
  {0x0313, 0x0313},
  {0x0323, 0x0325},
  {0x032D, 0x032E},
  {0x0330, 0x0331},
  {0x0358, 0x0358},
  {0x035E, 0x035E},
  {0x0363, 0x036F},
  {0x0485, 0x0486},
  {0x0951, 0x0952},
  {0x10FB, 0x10FB},
  {0x1D00, 0x1D25},
  {0x1D2C, 0x1D5C},
  {0x1D62, 0x1D65},
  {0x1D6B, 0x1D77},
  {0x1D79, 0x1DBE},
  {0x1DF8, 0x1DF8},
  {0x1E00, 0x1EFF},
  {0x202F, 0x202F},
  {0x2071, 0x2071},
  {0x207F, 0x207F},
  {0x2090, 0x209C},
  {0x20F0, 0x20F0},
  {0x212A, 0x212B},
  {0x2132, 0x2132},
  {0x214E, 0x214E},
  {0x2160, 0x2188},
  {0x2C60, 0x2C7F},
  {0x2E17, 0x2E17},
  {0xA700, 0xA707},
  {0xA722, 0xA787},
  {0xA78B, 0xA7DC},
  {0xA7F1, 0xA7FF},
  {0xA92E, 0xA92E},
  {0xAB30, 0xAB5A},
  {0xAB5C, 0xAB64},
  {0xAB66, 0xAB69},
  {0xFB00, 0xFB06},
  {0xFF21, 0xFF3A},
  {0xFF41, 0xFF5A},
  {0x10780, 0x10785},
  {0x10787, 0x107B0},
  {0x107B2, 0x107BA},
  {0x1DF00, 0x1DF1E},
  {0x1DF25, 0x1DF2A},
  {0x0965, 0x0965},
  {0x1900, 0x191E},
  {0x1920, 0x192B},
  {0x1930, 0x193B},
  {0x1940, 0x1940},
  {0x1944, 0x194F},
  {0x10107, 0x10133},
  {0x10600, 0x10736},
  {0x10740, 0x10755},
  {0x10760, 0x10767},
  {0x10000, 0x1000B},
  {0x1000D, 0x10026},
  {0x10028, 0x1003A},
  {0x1003C, 0x1003D},
  {0x1003F, 0x1004D},
  {0x10050, 0x1005D},
  {0x10080, 0x100FA},
  {0x10100, 0x10102},
  {0x10107, 0x10133},
  {0x10137, 0x1013F},
  {0x02BC, 0x02BC},
  {0x02CD, 0x02CD},
  {0x300A, 0x300B},
  {0xA4D0, 0xA4FF},
  {0x11FB0, 0x11FB0},
  {0x205A, 0x205A},
  {0x10280, 0x1029C},
  {0x00B7, 0x00B7},
  {0x2E31, 0x2E31},
  {0x10920, 0x10939},
  {0x1093F, 0x1093F},
  {0x00B7, 0x00B7},
  {0x0964, 0x096F},
  {0xA830, 0xA839},
  {0x11150, 0x11176},
  {0x0640, 0x0640},
  {0x0840, 0x085B},
  {0x085E, 0x085E},
  {0x0640, 0x0640},
  {0x10AC0, 0x10AE6},
  {0x10AEB, 0x10AF6},
  {0x205D, 0x205D},
  {0x10980, 0x1099F},
  {0x0951, 0x0952},
  {0x0964, 0x0965},
  {0x0D00, 0x0D0C},
  {0x0D0E, 0x0D10},
  {0x0D12, 0x0D44},
  {0x0D46, 0x0D48},
  {0x0D4A, 0x0D4F},
  {0x0D54, 0x0D63},
  {0x0D66, 0x0D7F},
  {0x1CDA, 0x1CDA},
  {0x1CF2, 0x1CF2},
  {0xA830, 0xA832},
  {0xA830, 0xA839},
  {0x11600, 0x11644},
  {0x11650, 0x11659},
  {0x1800, 0x1819},
  {0x1820, 0x1878},
  {0x1880, 0x18AA},
  {0x202F, 0x202F},
  {0x3001, 0x3002},
  {0x3008, 0x300B},
  {0x11660, 0x1166C},
  {0x0A66, 0x0A6F},
  {0x11280, 0x11286},
  {0x11288, 0x11288},
  {0x1128A, 0x1128D},
  {0x1128F, 0x1129D},
  {0x1129F, 0x112A9},
  {0x1000, 0x109F},
  {0xA92E, 0xA92E},
  {0xA9E0, 0xA9FE},
  {0xAA60, 0xAA7F},
  {0x116D0, 0x116E3},
  {0x0951, 0x0951},
  {0x0964, 0x0965},
  {0x0CE6, 0x0CEF},
  {0x1CE9, 0x1CE9},
  {0x1CF2, 0x1CF2},
  {0x1CFA, 0x1CFA},
  {0xA830, 0xA835},
  {0x119A0, 0x119A7},
  {0x119AA, 0x119D7},
  {0x119DA, 0x119E4},
  {0x0951, 0x0952},
  {0x1CD5, 0x1CD5},
  {0x1CD7, 0x1CD8},
  {0x1CE2, 0x1CE2},
  {0x1CE9, 0x1CE9},
  {0x1CEB, 0x1CEB},
  {0x1CED, 0x1CED},
  {0x11400, 0x1145B},
  {0x1145D, 0x11461},
  {0x060C, 0x060C},
  {0x061B, 0x061B},
  {0x061F, 0x061F},
  {0x07C0, 0x07FA},
  {0x07FD, 0x07FF},
  {0xFD3E, 0xFD3F},
  {0x0964, 0x0965},
  {0x1E5D0, 0x1E5FA},
  {0x1E5FF, 0x1E5FF},
  {0x205A, 0x205A},
  {0x2E30, 0x2E30},
  {0x10C00, 0x10C48},
  {0x0951, 0x0952},
  {0x0964, 0x0965},
  {0x0B01, 0x0B03},
  {0x0B05, 0x0B0C},
  {0x0B0F, 0x0B10},
  {0x0B13, 0x0B28},
  {0x0B2A, 0x0B30},
  {0x0B32, 0x0B33},
  {0x0B35, 0x0B39},
  {0x0B3C, 0x0B44},
  {0x0B47, 0x0B48},
  {0x0B4B, 0x0B4D},
  {0x0B55, 0x0B57},
  {0x0B5C, 0x0B5D},
  {0x0B5F, 0x0B63},
  {0x0B66, 0x0B77},
  {0x1CDA, 0x1CDA},
  {0x1CF2, 0x1CF2},
  {0x0301, 0x0301},
  {0x0304, 0x0304},
  {0x030B, 0x030B},
  {0x0358, 0x0358},
  {0x104B0, 0x104D3},
  {0x104D8, 0x104FB},
  {0x0640, 0x0640},
  {0x10AF2, 0x10AF2},
  {0x10F70, 0x10F89},
  {0x00B7, 0x00B7},
  {0x0300, 0x0300},
  {0x0306, 0x0308},
  {0x0313, 0x0313},
  {0x0483, 0x0483},
  {0x10350, 0x1037A},
  {0x1802, 0x1803},
  {0x1805, 0x1805},
  {0x202F, 0x202F},
  {0x3002, 0x3002},
  {0xA840, 0xA877},
  {0x0640, 0x0640},
  {0x10B80, 0x10B91},
  {0x10B99, 0x10B9C},
  {0x10BA9, 0x10BAF},
  {0x060C, 0x060C},
  {0x061B, 0x061B},
  {0x061F, 0x061F},
  {0x0640, 0x0640},
  {0x06D4, 0x06D4},
  {0x10D00, 0x10D27},
  {0x10D30, 0x10D39},
  {0x16A0, 0x16F8},
  {0x0800, 0x082D},
  {0x0830, 0x083E},
  {0x2E31, 0x2E31},
  {0x00B7, 0x00B7},
  {0x10450, 0x1047F},
  {0x0951, 0x0951},
  {0x1CD7, 0x1CD7},
  {0x1CD9, 0x1CD9},
  {0x1CDC, 0x1CDD},
  {0x1CE0, 0x1CE0},
  {0x1CEA, 0x1CEA},
  {0x1CED, 0x1CED},
  {0xA830, 0xA835},
  {0xA838, 0xA838},
  {0x11180, 0x111DF},
  {0x11B60, 0x11B67},
  {0x0964, 0x0965},
  {0xA830, 0xA839},
  {0x112B0, 0x112EA},
  {0x112F0, 0x112F9},
  {0x0964, 0x0965},
  {0x0D81, 0x0D83},
  {0x0D85, 0x0D96},
  {0x0D9A, 0x0DB1},
  {0x0DB3, 0x0DBB},
  {0x0DBD, 0x0DBD},
  {0x0DC0, 0x0DC6},
  {0x0DCA, 0x0DCA},
  {0x0DCF, 0x0DD4},
  {0x0DD6, 0x0DD6},
  {0x0DD8, 0x0DDF},
  {0x0DE6, 0x0DEF},
  {0x0DF2, 0x0DF4},
  {0x1CF2, 0x1CF2},
  {0x111E1, 0x111F4},
  {0x0640, 0x0640},
  {0x10F30, 0x10F59},
  {0x0300, 0x0301},
  {0x0303, 0x0303},
  {0x030D, 0x030D},
  {0x0310, 0x0310},
  {0x032D, 0x032D},
  {0x0331, 0x0331},
  {0x11BC0, 0x11BE1},
  {0x11BF0, 0x11BF9},
  {0x0964, 0x0965},
  {0x09E6, 0x09EF},
  {0xA800, 0xA82C},
  {0x0303, 0x0304},
  {0x0307, 0x0308},
  {0x030A, 0x030A},
  {0x0323, 0x0325},
  {0x032D, 0x032E},
  {0x0330, 0x0331},
  {0x060C, 0x060C},
  {0x061B, 0x061C},
  {0x061F, 0x061F},
  {0x0640, 0x0640},
  {0x064B, 0x0655},
  {0x0670, 0x0670},
  {0x0700, 0x070D},
  {0x070F, 0x074A},
  {0x074D, 0x074F},
  {0x0860, 0x086A},
  {0x1DF8, 0x1DF8},
  {0x1DFA, 0x1DFA},
  {0x1735, 0x1736},
  {0x1760, 0x176C},
  {0x176E, 0x1770},
  {0x1772, 0x1773},
  {0x0964, 0x0965},
  {0xA830, 0xA839},
  {0x11680, 0x116B9},
  {0x116C0, 0x116C9},
  {0x0300, 0x0301},
  {0x0307, 0x0308},
  {0x030C, 0x030C},
  {0x1040, 0x1049},
  {0x1950, 0x196D},
  {0x1970, 0x1974},
  {0x0951, 0x0952},
  {0x0964, 0x0965},
  {0x0B82, 0x0B83},
  {0x0B85, 0x0B8A},
  {0x0B8E, 0x0B90},
  {0x0B92, 0x0B95},
  {0x0B99, 0x0B9A},
  {0x0B9C, 0x0B9C},
  {0x0B9E, 0x0B9F},
  {0x0BA3, 0x0BA4},
  {0x0BA8, 0x0BAA},
  {0x0BAE, 0x0BB9},
  {0x0BBE, 0x0BC2},
  {0x0BC6, 0x0BC8},
  {0x0BCA, 0x0BCD},
  {0x0BD0, 0x0BD0},
  {0x0BD7, 0x0BD7},
  {0x0BE6, 0x0BFA},
  {0x1CDA, 0x1CDA},
  {0xA8F3, 0xA8F3},
  {0x11301, 0x11301},
  {0x11303, 0x11303},
  {0x1133B, 0x1133C},
  {0x11FC0, 0x11FF1},
  {0x11FFF, 0x11FFF},
  {0x2FF0, 0x2FFF},
  {0x31EF, 0x31EF},
  {0x16FE0, 0x16FE0},
  {0x17000, 0x18AFF},
  {0x18D00, 0x18D1E},
  {0x18D80, 0x18DF2},
  {0x0951, 0x0952},
  {0x0964, 0x0965},
  {0x0C00, 0x0C0C},
  {0x0C0E, 0x0C10},
  {0x0C12, 0x0C28},
  {0x0C2A, 0x0C39},
  {0x0C3C, 0x0C44},
  {0x0C46, 0x0C48},
  {0x0C4A, 0x0C4D},
  {0x0C55, 0x0C56},
  {0x0C58, 0x0C5A},
  {0x0C5C, 0x0C5D},
  {0x0C60, 0x0C63},
  {0x0C66, 0x0C6F},
  {0x0C77, 0x0C7F},
  {0x1CD5, 0x1CD6},
  {0x1CD8, 0x1CD8},
  {0x1CDA, 0x1CDA},
  {0x1CF2, 0x1CF2},
  {0x0302, 0x0302},
  {0x0304, 0x0304},
  {0x0306, 0x0309},
  {0x0323, 0x0323},
  {0x2D30, 0x2D67},
  {0x2D6F, 0x2D70},
  {0x2D7F, 0x2D7F},
  {0x1700, 0x1715},
  {0x171F, 0x171F},
  {0x1735, 0x1736},
  {0x060C, 0x060C},
  {0x061B, 0x061C},
  {0x061F, 0x061F},
  {0x0660, 0x0669},
  {0x0780, 0x07B1},
  {0xFDF2, 0xFDF2},
  {0xFDFD, 0xFDFD},
  {0x02BC, 0x02BC},
  {0x02D7, 0x02D7},
  {0x0303, 0x0303},
  {0x0331, 0x0331},
  {0x0E01, 0x0E3A},
  {0x0E40, 0x0E5B},
  {0x0F00, 0x0F47},
  {0x0F49, 0x0F6C},
  {0x0F71, 0x0F97},
  {0x0F99, 0x0FBC},
  {0x0FBE, 0x0FCC},
  {0x0FCE, 0x0FD4},
  {0x0FD9, 0x0FDA},
  {0x3008, 0x300B},
  {0x0951, 0x0952},
  {0x0964, 0x0965},
  {0x1CD5, 0x1CD5},
  {0x1CE2, 0x1CE2},
  {0x1CF2, 0x1CF2},
  {0xA830, 0xA839},
  {0x11480, 0x114C7},
  {0x114D0, 0x114D9},
  {0x0301, 0x0301},
  {0x0304, 0x0304},
  {0x0307, 0x0307},
  {0x0311, 0x0311},
  {0x0313, 0x0313},
  {0x035E, 0x035E},
  {0x105C0, 0x105F3},
  {0x02BC, 0x02BC},
  {0x1E290, 0x1E2AE},
  {0x0CE6, 0x0CEF},
  {0x1CF2, 0x1CF2},
  {0x1CF4, 0x1CF4},
  {0xA830, 0xA835},
  {0xA8F1, 0xA8F1},
  {0x11380, 0x11389},
  {0x1138B, 0x1138B},
  {0x1138E, 0x1138E},
  {0x11390, 0x113B5},
  {0x113B7, 0x113C0},
  {0x113C2, 0x113C2},
  {0x113C5, 0x113C5},
  {0x113C7, 0x113CA},
  {0x113CC, 0x113D5},
  {0x113D7, 0x113D8},
  {0x113E1, 0x113E2},
  {0x060C, 0x060C},
  {0x061B, 0x061B},
  {0x061F, 0x061F},
  {0x0660, 0x0669},
  {0x10E80, 0x10EA9},
  {0x10EAB, 0x10EAD},
  {0x10EB0, 0x10EB1},
  {0x3001, 0x3002},
  {0x3008, 0x3011},
  {0x3014, 0x301B},
  {0x30FB, 0x30FB},
  {0xA000, 0xA48C},
  {0xA490, 0xA4C6},
  {0xFF61, 0xFF65},
  {0x030F, 0x030F},
  {0x0312, 0x0312},
  {0x0314, 0x0322},
  {0x0326, 0x032C},
  {0x032F, 0x032F},
  {0x0332, 0x0341},
  {0x0343, 0x0344},
  {0x0346, 0x0357},
  {0x0359, 0x035D},
  {0x035F, 0x0362},
  {0x0953, 0x0954},
  {0x1AB0, 0x1ADD},
  {0x1AE0, 0x1AEB},
  {0x1DC2, 0x1DF7},
  {0x1DF9, 0x1DF9},
  {0x1DFB, 0x1DFF},
  {0x200C, 0x200D},
  {0x20D0, 0x20EF},
  {0xFE00, 0xFE0F},
  {0xFE20, 0xFE2D},
  {0x101FD, 0x101FD},
  {0x1CF00, 0x1CF2D},
  {0x1CF30, 0x1CF46},
  {0x1D167, 0x1D169},
  {0x1D17B, 0x1D182},
  {0x1D185, 0x1D18B},
  {0x1D1AA, 0x1D1AD},
  {0xE0100, 0xE01EF},
  {0x0000, 0x0040},
  {0x005B, 0x0060},
  {0x007B, 0x00A9},
  {0x00AB, 0x00B6},
  {0x00B8, 0x00B9},
  {0x00BB, 0x00BF},
  {0x00D7, 0x00D7},
  {0x00F7, 0x00F7},
  {0x02B9, 0x02BB},
  {0x02BD, 0x02C6},
  {0x02C8, 0x02C8},
  {0x02CC, 0x02CC},
  {0x02CE, 0x02D6},
  {0x02D8, 0x02D8},
  {0x02DA, 0x02DF},
  {0x02E5, 0x02E9},
  {0x02EC, 0x02FF},
  {0x037E, 0x037E},
  {0x0385, 0x0385},
  {0x0387, 0x0387},
  {0x0605, 0x0605},
  {0x06DD, 0x06DD},
  {0x08E2, 0x08E2},
  {0x0E3F, 0x0E3F},
  {0x0FD5, 0x0FD8},
  {0x2000, 0x200B},
  {0x200E, 0x202E},
  {0x2030, 0x204E},
  {0x2050, 0x2059},
  {0x205B, 0x205C},
  {0x205E, 0x2064},
  {0x2066, 0x2070},
  {0x2074, 0x207E},
  {0x2080, 0x208E},
  {0x20A0, 0x20C1},
  {0x2100, 0x2125},
  {0x2127, 0x2129},
  {0x212C, 0x2131},
  {0x2133, 0x214D},
  {0x214F, 0x215F},
  {0x2189, 0x218B},
  {0x2190, 0x2429},
  {0x2440, 0x244A},
  {0x2460, 0x27FF},
  {0x2900, 0x2B73},
  {0x2B76, 0x2BFF},
  {0x2E00, 0x2E16},
  {0x2E18, 0x2E2F},
  {0x2E32, 0x2E3B},
  {0x2E3D, 0x2E40},
  {0x2E42, 0x2E42},
  {0x2E44, 0x2E5D},
  {0x3000, 0x3000},
  {0x3004, 0x3004},
  {0x3012, 0x3012},
  {0x3020, 0x3020},
  {0x3036, 0x3036},
  {0x3248, 0x325F},
  {0x327F, 0x327F},
  {0x32B1, 0x32BF},
  {0x32CC, 0x32CF},
  {0x3371, 0x337A},
  {0x3380, 0x33DF},
  {0x33FF, 0x33FF},
  {0x4DC0, 0x4DFF},
  {0xA708, 0xA721},
  {0xA788, 0xA78A},
  {0xAB5B, 0xAB5B},
  {0xAB6A, 0xAB6B},
  {0xFE10, 0xFE19},
  {0xFE30, 0xFE44},
  {0xFE47, 0xFE52},
  {0xFE54, 0xFE66},
  {0xFE68, 0xFE6B},
  {0xFEFF, 0xFEFF},
  {0xFF01, 0xFF20},
  {0xFF3B, 0xFF40},
  {0xFF5B, 0xFF60},
  {0xFFE0, 0xFFE6},
  {0xFFE8, 0xFFEE},
  {0xFFF9, 0xFFFD},
  {0x10190, 0x1019C},
  {0x101D0, 0x101FC},
  {0x1CC00, 0x1CCFC},
  {0x1CD00, 0x1CEB3},
  {0x1CEBA, 0x1CED0},
  {0x1CEE0, 0x1CEF0},
  {0x1CF50, 0x1CFC3},
  {0x1D000, 0x1D0F5},
  {0x1D100, 0x1D126},
  {0x1D129, 0x1D166},
  {0x1D16A, 0x1D17A},
  {0x1D183, 0x1D184},
  {0x1D18C, 0x1D1A9},
  {0x1D1AE, 0x1D1EA},
  {0x1D2C0, 0x1D2D3},
  {0x1D2E0, 0x1D2F3},
  {0x1D300, 0x1D356},
  {0x1D372, 0x1D378},
  {0x1D400, 0x1D454},
  {0x1D456, 0x1D49C},
  {0x1D49E, 0x1D49F},
  {0x1D4A2, 0x1D4A2},
  {0x1D4A5, 0x1D4A6},
  {0x1D4A9, 0x1D4AC},
  {0x1D4AE, 0x1D4B9},
  {0x1D4BB, 0x1D4BB},
  {0x1D4BD, 0x1D4C3},
  {0x1D4C5, 0x1D505},
  {0x1D507, 0x1D50A},
  {0x1D50D, 0x1D514},
  {0x1D516, 0x1D51C},
  {0x1D51E, 0x1D539},
  {0x1D53B, 0x1D53E},
  {0x1D540, 0x1D544},
  {0x1D546, 0x1D546},
  {0x1D54A, 0x1D550},
  {0x1D552, 0x1D6A5},
  {0x1D6A8, 0x1D7CB},
  {0x1D7CE, 0x1D7FF},
  {0x1EC71, 0x1ECB4},
  {0x1ED01, 0x1ED3D},
  {0x1F000, 0x1F02B},
  {0x1F030, 0x1F093},
  {0x1F0A0, 0x1F0AE},
  {0x1F0B1, 0x1F0BF},
  {0x1F0C1, 0x1F0CF},
  {0x1F0D1, 0x1F0F5},
  {0x1F100, 0x1F1AD},
  {0x1F1E6, 0x1F1FF},
  {0x1F201, 0x1F202},
  {0x1F210, 0x1F23B},
  {0x1F240, 0x1F248},
  {0x1F260, 0x1F265},
  {0x1F300, 0x1F6D8},
  {0x1F6DC, 0x1F6EC},
  {0x1F6F0, 0x1F6FC},
  {0x1F700, 0x1F7D9},
  {0x1F7E0, 0x1F7EB},
  {0x1F7F0, 0x1F7F0},
  {0x1F800, 0x1F80B},
  {0x1F810, 0x1F847},
  {0x1F850, 0x1F859},
  {0x1F860, 0x1F887},
  {0x1F890, 0x1F8AD},
  {0x1F8B0, 0x1F8BB},
  {0x1F8C0, 0x1F8C1},
  {0x1F8D0, 0x1F8D8},
  {0x1F900, 0x1FA57},
  {0x1FA60, 0x1FA6D},
  {0x1FA70, 0x1FA7C},
  {0x1FA80, 0x1FA8A},
  {0x1FA8E, 0x1FAC6},
  {0x1FAC8, 0x1FAC8},
  {0x1FACD, 0x1FADC},
  {0x1FADF, 0x1FAEA},
  {0x1FAEF, 0x1FAF8},
  {0x1FB00, 0x1FB92},
  {0x1FB94, 0x1FBFA},
  {0xE0001, 0xE0001},
  {0xE0020, 0xE007F},
};

const UnicodeProperty::Data UnicodeProperty::DATA[] = {
  {0, 1, 0}, // ASCII
  {1, 3, 1}, // ASCII_Hex_Digit
  {4, 761, 2}, // Alphabetic
  {765, 1, 3}, // Any
  {766, 735, 4}, // Assigned
  {1501, 4, 5}, // Bidi_Control
  {1505, 114, 6}, // Bidi_Mirrored
  {1619, 464, 7}, // Case_Ignorable
  {2083, 158, 8}, // Cased
  {2241, 630, 9}, // Changes_When_Casefolded
  {2871, 131, 10}, // Changes_When_Casemapped
  {3002, 618, 11}, // Changes_When_Lowercased
  {3620, 633, 12}, // Changes_When_Titlecased
  {4253, 634, 13}, // Changes_When_Uppercased
  {4887, 24, 14}, // Dash
  {4911, 17, 15}, // Default_Ignorable_Code_Point
  {4928, 8, 16}, // Deprecated
  {4936, 220, 17}, // Diacritic
  {5156, 151, 18}, // Emoji
  {5307, 10, 19}, // Emoji_Component
  {5317, 1, 20}, // Emoji_Modifier
  {5318, 40, 21}, // Emoji_Modifier_Base
  {5358, 81, 22}, // Emoji_Presentation
  {5439, 156, 23}, // Extended_Pictographic
  {5595, 43, 24}, // Extender
  {5638, 904, 25}, // Grapheme_Base
  {6542, 383, 26}, // Grapheme_Extend
  {6925, 58, 27}, // Grapheme_Link
  {6983, 6, 28}, // Hex_Digit
  {6989, 10, 29}, // Hyphen
  {6999, 3, 30}, // IDS_Binary_Operator
  {7002, 1, 31}, // IDS_Trinary_Operator
  {7003, 1, 32}, // IDS_Unary_Operator
  {7004, 18, 33}, // ID_Compat_Math_Continue
  {7022, 13, 34}, // ID_Compat_Math_Start
  {7035, 799, 35}, // ID_Continue
  {7834, 684, 36}, // ID_Start
  {8518, 21, 37}, // Ideographic
  {8539, 1, 38}, // Join_Control
  {8540, 7, 39}, // Logical_Order_Exception
  {8547, 677, 40}, // Lowercase
  {9224, 141, 41}, // Math
  {9365, 9, 42}, // Modifier_Combining_Mark
  {9374, 18, 43}, // Noncharacter_Code_Point
  {9392, 255, 44}, // Other_Alphabetic
  {9647, 11, 45}, // Other_Default_Ignorable_Code_Point
  {9658, 49, 46}, // Other_Grapheme_Extend
  {9707, 7, 47}, // Other_ID_Continue
  {9714, 4, 48}, // Other_ID_Start
  {9718, 28, 49}, // Other_Lowercase
  {9746, 134, 50}, // Other_Math
  {9880, 5, 51}, // Other_Uppercase
  {9885, 28, 52}, // Pattern_Syntax
  {9913, 5, 53}, // Pattern_White_Space
  {9918, 7, 54}, // Prepended_Concatenation_Mark
  {9925, 13, 55}, // Quotation_Mark
  {9938, 3, 56}, // Radical
  {9941, 1, 57}, // Regional_Indicator
  {9942, 88, 58}, // Sentence_Terminal
  {10030, 34, 59}, // Soft_Dotted
  {10064, 116, 60}, // Terminal_Punctuation
  {10180, 16, 61}, // Unified_Ideograph
  {10196, 660, 62}, // Uppercase
  {10856, 4, 63}, // Variation_Selector
  {10860, 10, 64}, // White_Space
  {10870, 806, 65}, // XID_Continue
  {11676, 691, 66}, // XID_Start
  {12367, 778, 67}, // Xan
  {13145, 11, 68}, // Xsp
  {13156, 939, 69}, // Xwd
  {14095, 32, 70}, // bc=AL
  {14127, 9, 71}, // bc=AN
  {14136, 5, 72}, // bc=B
  {14141, 32, 73}, // bc=BN
  {14173, 13, 74}, // bc=CS
  {14186, 14, 75}, // bc=EN
  {14200, 9, 76}, // bc=ES
  {14209, 24, 77}, // bc=ET
  {14233, 1, 78}, // bc=FSI
  {14234, 504, 79}, // bc=L
  {14738, 1, 80}, // bc=LRE
  {14739, 1, 81}, // bc=LRI
  {14740, 1, 82}, // bc=LRO
  {14741, 360, 83}, // bc=NSM
  {15101, 205, 84}, // bc=ON
  {15306, 1, 85}, // bc=PDF
  {15307, 1, 86}, // bc=PDI
  {15308, 41, 87}, // bc=R
  {15349, 1, 88}, // bc=RLE
  {15350, 1, 89}, // bc=RLI
  {15351, 1, 90}, // bc=RLO
  {15352, 3, 91}, // bc=S
  {15355, 7, 92}, // bc=WS
  {15362, 741, 93}, // gc=C
  {16103, 2, 94}, // gc=Cc
  {16105, 21, 95}, // gc=Cf
  {16126, 735, 96}, // gc=Cn
  {16861, 3, 97}, // gc=Co
  {16864, 1, 98}, // gc=Cs
  {16865, 684, 99}, // gc=L
  {17549, 144, 100}, // gc=LC
  {17693, 664, 100}, // gc=Ll
  {18357, 79, 102}, // gc=Lm
  {18436, 537, 103}, // gc=Lo
  {18973, 10, 100}, // gc=Lt
  {18983, 655, 100}, // gc=Lu
  {19638, 327, 106}, // gc=M
  {19965, 193, 107}, // gc=Mc
  {20158, 5, 108}, // gc=Me
  {20163, 365, 109}, // gc=Mn
  {20528, 146, 110}, // gc=N
  {20674, 72, 111}, // gc=Nd
  {20746, 13, 112}, // gc=Nl
  {20759, 72, 113}, // gc=No
  {20831, 199, 114}, // gc=P
  {21030, 6, 115}, // gc=Pc
  {21036, 20, 116}, // gc=Pd
  {21056, 76, 117}, // gc=Pe
  {21132, 10, 118}, // gc=Pf
  {21142, 11, 119}, // gc=Pi
  {21153, 194, 120}, // gc=Po
  {21347, 79, 121}, // gc=Ps
  {21426, 242, 122}, // gc=S
  {21668, 21, 123}, // gc=Sc
  {21689, 31, 124}, // gc=Sk
  {21720, 67, 125}, // gc=Sm
  {21787, 193, 126}, // gc=So
  {21980, 8, 127}, // gc=Z
  {21988, 1, 128}, // gc=Zl
  {21989, 1, 129}, // gc=Zp
  {21990, 7, 130}, // gc=Zs
  {21997, 3, 131}, // sc=Adlm
  {22000, 2, 132}, // sc=Aghb
  {22002, 3, 133}, // sc=Ahom
  {22005, 56, 134}, // sc=Arab
  {22061, 2, 135}, // sc=Armi
  {22063, 4, 136}, // sc=Armn
  {22067, 2, 137}, // sc=Avst
  {22069, 2, 138}, // sc=Bali
  {22071, 2, 139}, // sc=Bamu
  {22073, 2, 140}, // sc=Bass
  {22075, 2, 141}, // sc=Batk
  {22077, 14, 142}, // sc=Beng
  {22091, 2, 143}, // sc=Berf
  {22093, 4, 144}, // sc=Bhks
  {22097, 3, 145}, // sc=Bopo
  {22100, 3, 146}, // sc=Brah
  {22103, 1, 147}, // sc=Brai
  {22104, 2, 148}, // sc=Bugi
  {22106, 1, 149}, // sc=Buhd
  {22107, 2, 150}, // sc=Cakm
  {22109, 3, 151}, // sc=Cans
  {22112, 1, 152}, // sc=Cari
  {22113, 4, 153}, // sc=Cham
  {22117, 3, 154}, // sc=Cher
  {22120, 1, 155}, // sc=Chrs
  {22121, 3, 156}, // sc=Copt
  {22124, 1, 157}, // sc=Cpmn
  {22125, 6, 158}, // sc=Cprt
  {22131, 10, 159}, // sc=Cyrl
  {22141, 5, 160}, // sc=Deva
  {22146, 8, 161}, // sc=Diak
  {22154, 1, 162}, // sc=Dogr
  {22155, 1, 163}, // sc=Dsrt
  {22156, 5, 164}, // sc=Dupl
  {22161, 2, 165}, // sc=Egyp
  {22163, 1, 166}, // sc=Elba
  {22164, 1, 167}, // sc=Elym
  {22165, 36, 168}, // sc=Ethi
  {22201, 3, 169}, // sc=Gara
  {22204, 10, 170}, // sc=Geor
  {22214, 6, 171}, // sc=Glag
  {22220, 6, 172}, // sc=Gong
  {22226, 7, 173}, // sc=Gonm
  {22233, 1, 174}, // sc=Goth
  {22234, 15, 175}, // sc=Gran
  {22249, 36, 176}, // sc=Grek
  {22285, 14, 177}, // sc=Gujr
  {22299, 1, 178}, // sc=Gukh
  {22300, 16, 179}, // sc=Guru
  {22316, 14, 180}, // sc=Hang
  {22330, 21, 181}, // sc=Hani
  {22351, 1, 182}, // sc=Hano
  {22352, 3, 183}, // sc=Hatr
  {22355, 9, 184}, // sc=Hebr
  {22364, 6, 185}, // sc=Hira
  {22370, 1, 186}, // sc=Hluw
  {22371, 5, 187}, // sc=Hmng
  {22376, 4, 188}, // sc=Hmnp
  {22380, 0, 189}, // sc=Hrkt
  {22380, 3, 190}, // sc=Hung
  {22383, 2, 191}, // sc=Ital
  {22385, 3, 192}, // sc=Java
  {22388, 2, 193}, // sc=Kali
  {22390, 14, 194}, // sc=Kana
  {22404, 3, 195}, // sc=Kawi
  {22407, 8, 196}, // sc=Khar
  {22415, 4, 197}, // sc=Khmr
  {22419, 2, 198}, // sc=Khoj
  {22421, 3, 199}, // sc=Kits
  {22424, 13, 200}, // sc=Knda
  {22437, 1, 201}, // sc=Krai
  {22438, 2, 202}, // sc=Kthi
  {22440, 5, 203}, // sc=Lana
  {22445, 11, 204}, // sc=Laoo
  {22456, 36, 205}, // sc=Latn
  {22492, 3, 206}, // sc=Lepc
  {22495, 5, 207}, // sc=Limb
  {22500, 3, 208}, // sc=Lina
  {22503, 7, 209}, // sc=Linb
  {22510, 2, 210}, // sc=Lisu
  {22512, 1, 211}, // sc=Lyci
  {22513, 2, 212}, // sc=Lydi
  {22515, 1, 213}, // sc=Mahj
  {22516, 1, 214}, // sc=Maka
  {22517, 2, 215}, // sc=Mand
  {22519, 2, 216}, // sc=Mani
  {22521, 3, 217}, // sc=Marc
  {22524, 1, 218}, // sc=Medf
  {22525, 2, 219}, // sc=Mend
  {22527, 3, 220}, // sc=Merc
  {22530, 1, 221}, // sc=Mero
  {22531, 7, 222}, // sc=Mlym
  {22538, 2, 223}, // sc=Modi
  {22540, 6, 224}, // sc=Mong
  {22546, 3, 225}, // sc=Mroo
  {22549, 3, 226}, // sc=Mtei
  {22552, 5, 227}, // sc=Mult
  {22557, 4, 228}, // sc=Mymr
  {22561, 1, 229}, // sc=Nagm
  {22562, 3, 230}, // sc=Nand
  {22565, 1, 231}, // sc=Narb
  {22566, 2, 232}, // sc=Nbat
  {22568, 2, 233}, // sc=Newa
  {22570, 2, 234}, // sc=Nkoo
  {22572, 2, 235}, // sc=Nshu
  {22574, 1, 236}, // sc=Ogam
  {22575, 1, 237}, // sc=Olck
  {22576, 2, 238}, // sc=Onao
  {22578, 1, 239}, // sc=Orkh
  {22579, 14, 240}, // sc=Orya
  {22593, 2, 241}, // sc=Osge
  {22595, 2, 242}, // sc=Osma
  {22597, 1, 243}, // sc=Ougr
  {22598, 1, 244}, // sc=Palm
  {22599, 1, 245}, // sc=Pauc
  {22600, 1, 246}, // sc=Perm
  {22601, 1, 247}, // sc=Phag
  {22602, 2, 248}, // sc=Phli
  {22604, 3, 249}, // sc=Phlp
  {22607, 2, 250}, // sc=Phnx
  {22609, 3, 251}, // sc=Plrd
  {22612, 2, 252}, // sc=Prti
  {22614, 2, 253}, // sc=Rjng
  {22616, 2, 254}, // sc=Rohg
  {22618, 2, 255}, // sc=Runr
  {22620, 2, 256}, // sc=Samr
  {22622, 1, 257}, // sc=Sarb
  {22623, 2, 258}, // sc=Saur
  {22625, 3, 259}, // sc=Sgnw
  {22628, 1, 260}, // sc=Shaw
  {22629, 2, 261}, // sc=Shrd
  {22631, 2, 262}, // sc=Sidd
  {22633, 1, 263}, // sc=Sidt
  {22634, 2, 264}, // sc=Sind
  {22636, 13, 265}, // sc=Sinh
  {22649, 1, 266}, // sc=Sogd
  {22650, 1, 267}, // sc=Sogo
  {22651, 2, 268}, // sc=Sora
  {22653, 1, 269}, // sc=Soyo
  {22654, 2, 270}, // sc=Sund
  {22656, 2, 271}, // sc=Sunu
  {22658, 1, 272}, // sc=Sylo
  {22659, 4, 273}, // sc=Syrc
  {22663, 3, 274}, // sc=Tagb
  {22666, 2, 275}, // sc=Takr
  {22668, 2, 276}, // sc=Tale
  {22670, 4, 277}, // sc=Talu
  {22674, 18, 278}, // sc=Taml
  {22692, 4, 279}, // sc=Tang
  {22696, 2, 280}, // sc=Tavt
  {22698, 3, 281}, // sc=Tayo
  {22701, 13, 282}, // sc=Telu
  {22714, 3, 283}, // sc=Tfng
  {22717, 2, 284}, // sc=Tglg
  {22719, 1, 285}, // sc=Thaa
  {22720, 2, 286}, // sc=Thai
  {22722, 7, 287}, // sc=Tibt
  {22729, 2, 288}, // sc=Tirh
  {22731, 2, 289}, // sc=Tnsa
  {22733, 1, 290}, // sc=Todr
  {22734, 2, 291}, // sc=Tols
  {22736, 1, 292}, // sc=Toto
  {22737, 11, 293}, // sc=Tutg
  {22748, 2, 294}, // sc=Ugar
  {22750, 1, 295}, // sc=Vaii
  {22751, 8, 296}, // sc=Vith
  {22759, 2, 297}, // sc=Wara
  {22761, 2, 298}, // sc=Wcho
  {22763, 2, 299}, // sc=Xpeo
  {22765, 4, 300}, // sc=Xsux
  {22769, 3, 301}, // sc=Yezi
  {22772, 2, 302}, // sc=Yiii
  {22774, 1, 303}, // sc=Zanb
  {22775, 30, 304}, // sc=Zinh
  {22805, 176, 305}, // sc=Zyyy
  {22981, 733, 306}, // sc=Zzzz
  {23714, 7, 307}, // scx=Adlm
  {23721, 5, 308}, // scx=Aghb
  {22002, 3, 309}, // scx=Ahom
  {23726, 52, 310}, // scx=Arab
  {22061, 2, 311}, // scx=Armi
  {23778, 5, 312}, // scx=Armn
  {23783, 4, 313}, // scx=Avst
  {22069, 2, 314}, // scx=Bali
  {22071, 2, 315}, // scx=Bamu
  {22073, 2, 316}, // scx=Bass
  {22075, 2, 317}, // scx=Batk
  {23787, 27, 318}, // scx=Beng
  {22091, 2, 319}, // scx=Berf
  {22093, 4, 320}, // scx=Bhks
  {23814, 15, 321}, // scx=Bopo
  {22100, 3, 322}, // scx=Brah
  {22103, 1, 323}, // scx=Brai
  {23829, 3, 324}, // scx=Bugi
  {23832, 2, 325}, // scx=Buhd
  {23834, 4, 326}, // scx=Cakm
  {22109, 3, 327}, // scx=Cans
  {23838, 5, 328}, // scx=Cari
  {22113, 4, 329}, // scx=Cham
  {23843, 8, 330}, // scx=Cher
  {22120, 1, 331}, // scx=Chrs
  {23851, 10, 332}, // scx=Copt
  {23861, 2, 333}, // scx=Cpmn
  {23863, 9, 334}, // scx=Cprt
  {23872, 18, 335}, // scx=Cyrl
  {23890, 9, 336}, // scx=Deva
  {22146, 8, 337}, // scx=Diak
  {23899, 3, 338}, // scx=Dogr
  {22155, 1, 339}, // scx=Dsrt
  {23902, 10, 340}, // scx=Dupl
  {22161, 2, 341}, // scx=Egyp
  {23912, 3, 342}, // scx=Elba
  {22164, 1, 343}, // scx=Elym
  {23915, 37, 344}, // scx=Ethi
  {23952, 6, 345}, // scx=Gara
  {23958, 13, 346}, // scx=Geor
  {23971, 16, 347}, // scx=Glag
  {23987, 8, 348}, // scx=Gong
  {23995, 8, 349}, // scx=Gonm
  {24003, 5, 350}, // scx=Goth
  {24008, 25, 351}, // scx=Gran
  {24033, 44, 352}, // scx=Grek
  {24077, 17, 353}, // scx=Gujr
  {24094, 2, 354}, // scx=Gukh
  {24096, 19, 355}, // scx=Guru
  {24115, 21, 356}, // scx=Hang
  {24136, 41, 357}, // scx=Hani
  {24177, 1, 358}, // scx=Hano
  {22352, 3, 359}, // scx=Hatr
  {24178, 10, 360}, // scx=Hebr
  {24188, 17, 361}, // scx=Hira
  {22370, 1, 362}, // scx=Hluw
  {22371, 5, 363}, // scx=Hmng
  {22376, 4, 364}, // scx=Hmnp
  {22380, 0, 365}, // scx=Hrkt
  {24205, 7, 366}, // scx=Hung
  {22383, 2, 367}, // scx=Ital
  {24212, 3, 368}, // scx=Java
  {24215, 1, 369}, // scx=Kali
  {24216, 22, 370}, // scx=Kana
  {22404, 3, 371}, // scx=Kawi
  {22407, 8, 372}, // scx=Khar
  {22415, 4, 373}, // scx=Khmr
  {24238, 4, 374}, // scx=Khoj
  {22421, 3, 375}, // scx=Kits
  {24242, 21, 376}, // scx=Knda
  {22437, 1, 377}, // scx=Krai
  {24263, 5, 378}, // scx=Kthi
  {22440, 5, 379}, // scx=Lana
  {22445, 11, 380}, // scx=Laoo
  {24268, 61, 381}, // scx=Latn
  {22492, 3, 382}, // scx=Lepc
  {24329, 6, 383}, // scx=Limb
  {24335, 4, 384}, // scx=Lina
  {24339, 10, 385}, // scx=Linb
  {24349, 5, 386}, // scx=Lisu
  {24354, 2, 387}, // scx=Lyci
  {24356, 4, 388}, // scx=Lydi
  {24360, 4, 389}, // scx=Mahj
  {22516, 1, 390}, // scx=Maka
  {24364, 3, 391}, // scx=Mand
  {24367, 3, 392}, // scx=Mani
  {22521, 3, 393}, // scx=Marc
  {22524, 1, 394}, // scx=Medf
  {22525, 2, 395}, // scx=Mend
  {22527, 3, 396}, // scx=Merc
  {24370, 2, 397}, // scx=Mero
  {24372, 12, 398}, // scx=Mlym
  {24384, 3, 399}, // scx=Modi
  {24387, 7, 400}, // scx=Mong
  {22546, 3, 401}, // scx=Mroo
  {22549, 3, 402}, // scx=Mtei
  {24394, 6, 403}, // scx=Mult
  {24400, 5, 404}, // scx=Mymr
  {22561, 1, 405}, // scx=Nagm
  {24405, 10, 406}, // scx=Nand
  {22565, 1, 407}, // scx=Narb
  {22566, 2, 408}, // scx=Nbat
  {24415, 9, 409}, // scx=Newa
  {24424, 6, 410}, // scx=Nkoo
  {22572, 2, 411}, // scx=Nshu
  {22574, 1, 412}, // scx=Ogam
  {22575, 1, 413}, // scx=Olck
  {24430, 3, 414}, // scx=Onao
  {24433, 3, 415}, // scx=Orkh
  {24436, 18, 416}, // scx=Orya
  {24454, 6, 417}, // scx=Osge
  {22595, 2, 418}, // scx=Osma
  {24460, 3, 419}, // scx=Ougr
  {22598, 1, 420}, // scx=Palm
  {22599, 1, 421}, // scx=Pauc
  {24463, 6, 422}, // scx=Perm
  {24469, 5, 423}, // scx=Phag
  {22602, 2, 424}, // scx=Phli
  {24474, 4, 425}, // scx=Phlp
  {22607, 2, 426}, // scx=Phnx
  {22609, 3, 427}, // scx=Plrd
  {22612, 2, 428}, // scx=Prti
  {22614, 2, 429}, // scx=Rjng
  {24478, 7, 430}, // scx=Rohg
  {24485, 1, 431}, // scx=Runr
  {24486, 3, 432}, // scx=Samr
  {22622, 1, 433}, // scx=Sarb
  {22623, 2, 434}, // scx=Saur
  {22625, 3, 435}, // scx=Sgnw
  {24489, 2, 436}, // scx=Shaw
  {24491, 11, 437}, // scx=Shrd
  {22631, 2, 438}, // scx=Sidd
  {22633, 1, 439}, // scx=Sidt
  {24502, 4, 440}, // scx=Sind
  {24506, 15, 441}, // scx=Sinh
  {24521, 2, 442}, // scx=Sogd
  {22650, 1, 443}, // scx=Sogo
  {22651, 2, 444}, // scx=Sora
  {22653, 1, 445}, // scx=Soyo
  {22654, 2, 446}, // scx=Sund
  {24523, 8, 447}, // scx=Sunu
  {24531, 3, 448}, // scx=Sylo
  {24534, 18, 449}, // scx=Syrc
  {24552, 4, 450}, // scx=Tagb
  {24556, 4, 451}, // scx=Takr
  {24560, 6, 452}, // scx=Tale
  {22670, 4, 453}, // scx=Talu
  {24566, 25, 454}, // scx=Taml
  {24591, 6, 455}, // scx=Tang
  {22696, 2, 456}, // scx=Tavt
  {22698, 3, 457}, // scx=Tayo
  {24597, 19, 458}, // scx=Telu
  {24616, 7, 459}, // scx=Tfng
  {24623, 3, 460}, // scx=Tglg
  {24626, 7, 461}, // scx=Thaa
  {24633, 6, 462}, // scx=Thai
  {24639, 8, 463}, // scx=Tibt
  {24647, 8, 464}, // scx=Tirh
  {22731, 2, 465}, // scx=Tnsa
  {24655, 7, 466}, // scx=Todr
  {22734, 2, 467}, // scx=Tols
  {24662, 2, 468}, // scx=Toto
  {24664, 16, 469}, // scx=Tutg
  {22748, 2, 470}, // scx=Ugar
  {22750, 1, 471}, // scx=Vaii
  {22751, 8, 472}, // scx=Vith
  {22759, 2, 473}, // scx=Wara
  {22761, 2, 474}, // scx=Wcho
  {22763, 2, 475}, // scx=Xpeo
  {22765, 4, 476}, // scx=Xsux
  {24680, 7, 477}, // scx=Yezi
  {24687, 7, 478}, // scx=Yiii
  {22774, 1, 479}, // scx=Zanb
  {24694, 28, 480}, // scx=Zinh
  {24722, 161, 481}, // scx=Zyyy
  {22981, 733, 482}, // scx=Zzzz
};

const UnicodeProperty::Name UnicodeProperty::NAMES[] = {
  {"adlam", 307},
  {"adlm", 307},
  {"aghb", 308},
  {"ahex", 1},
  {"ahom", 309},
  {"alpha", 2},
  {"alphabetic", 2},
  {"anatolianhieroglyphs", 362},
  {"any", 3},
  {"arab", 310},
  {"arabic", 310},
  {"armenian", 312},
  {"armi", 311},
  {"armn", 312},
  {"ascii", 0},
  {"asciihexdigit", 1},
  {"assigned", 4},
  {"avestan", 313},
  {"avst", 313},
  {"bali", 314},
  {"balinese", 314},
  {"bamu", 315},
  {"bamum", 315},
  {"bass", 316},
  {"bassavah", 316},
  {"batak", 317},
  {"batk", 317},
  {"bc=al", 70},
  {"bc=an", 71},
  {"bc=arabicletter", 70},
  {"bc=arabicnumber", 71},
  {"bc=b", 72},
  {"bc=bn", 73},
  {"bc=boundaryneutral", 73},
  {"bc=commonseparator", 74},
  {"bc=cs", 74},
  {"bc=en", 75},
  {"bc=es", 76},
  {"bc=et", 77},
  {"bc=europeannumber", 75},
  {"bc=europeanseparator", 76},
  {"bc=europeanterminator", 77},
  {"bc=firststrongisolate", 78},
  {"bc=fsi", 78},
  {"bc=l", 79},
  {"bc=lefttoright", 79},
  {"bc=lefttorightembedding", 80},
  {"bc=lefttorightisolate", 81},
  {"bc=lefttorightoverride", 82},
  {"bc=lre", 80},
  {"bc=lri", 81},
  {"bc=lro", 82},
  {"bc=nonspacingmark", 83},
  {"bc=nsm", 83},
  {"bc=on", 84},
  {"bc=otherneutral", 84},
  {"bc=paragraphseparator", 72},
  {"bc=pdf", 85},
  {"bc=pdi", 86},
  {"bc=popdirectionalformat", 85},
  {"bc=popdirectionalisolate", 86},
  {"bc=r", 87},
  {"bc=righttoleft", 87},
  {"bc=righttoleftembedding", 88},
  {"bc=righttoleftisolate", 89},
  {"bc=righttoleftoverride", 90},
  {"bc=rle", 88},
  {"bc=rli", 89},
  {"bc=rlo", 90},
  {"bc=s", 91},
  {"bc=segmentseparator", 91},
  {"bc=whitespace", 92},
  {"bc=ws", 92},
  {"beng", 318},
  {"bengali", 318},
  {"berf", 319},
  {"beriaerfe", 319},
  {"bhaiksuki", 320},
  {"bhks", 320},
  {"bidic", 5},
  {"bidiclass=al", 70},
  {"bidiclass=an", 71},
  {"bidiclass=arabicletter", 70},
  {"bidiclass=arabicnumber", 71},
  {"bidiclass=b", 72},
  {"bidiclass=bn", 73},
  {"bidiclass=boundaryneutral", 73},
  {"bidiclass=commonseparator", 74},
  {"bidiclass=cs", 74},
  {"bidiclass=en", 75},
  {"bidiclass=es", 76},
  {"bidiclass=et", 77},
  {"bidiclass=europeannumber", 75},
  {"bidiclass=europeanseparator", 76},
  {"bidiclass=europeanterminator", 77},
  {"bidiclass=firststrongisolate", 78},
  {"bidiclass=fsi", 78},
  {"bidiclass=l", 79},
  {"bidiclass=lefttoright", 79},
  {"bidiclass=lefttorightembedding", 80},
  {"bidiclass=lefttorightisolate", 81},
  {"bidiclass=lefttorightoverride", 82},
  {"bidiclass=lre", 80},
  {"bidiclass=lri", 81},
  {"bidiclass=lro", 82},
  {"bidiclass=nonspacingmark", 83},
  {"bidiclass=nsm", 83},
  {"bidiclass=on", 84},
  {"bidiclass=otherneutral", 84},
  {"bidiclass=paragraphseparator", 72},
  {"bidiclass=pdf", 85},
  {"bidiclass=pdi", 86},
  {"bidiclass=popdirectionalformat", 85},
  {"bidiclass=popdirectionalisolate", 86},
  {"bidiclass=r", 87},
  {"bidiclass=righttoleft", 87},
  {"bidiclass=righttoleftembedding", 88},
  {"bidiclass=righttoleftisolate", 89},
  {"bidiclass=righttoleftoverride", 90},
  {"bidiclass=rle", 88},
  {"bidiclass=rli", 89},
  {"bidiclass=rlo", 90},
  {"bidiclass=s", 91},
  {"bidiclass=segmentseparator", 91},
  {"bidiclass=whitespace", 92},
  {"bidiclass=ws", 92},
  {"bidicontrol", 5},
  {"bidim", 6},
  {"bidimirrored", 6},
  {"bopo", 321},
  {"bopomofo", 321},
  {"brah", 322},
  {"brahmi", 322},
  {"brai", 323},
  {"braille", 323},
  {"bugi", 324},
  {"buginese", 324},
  {"buhd", 325},
  {"buhid", 325},
  {"c", 93},
  {"cakm", 326},
  {"canadianaboriginal", 327},
  {"cans", 327},
  {"cari", 328},
  {"carian", 328},
  {"cased", 8},
  {"casedletter", 100},
  {"caseignorable", 7},
  {"caucasianalbanian", 308},
  {"cc", 94},
  {"cf", 95},
  {"chakma", 326},
  {"cham", 329},
  {"changeswhencasefolded", 9},
  {"changeswhencasemapped", 10},
  {"changeswhenlowercased", 11},
  {"changeswhentitlecased", 12},
  {"changeswhenuppercased", 13},
  {"cher", 330},
  {"cherokee", 330},
  {"chorasmian", 331},
  {"chrs", 331},
  {"ci", 7},
  {"closepunctuation", 117},
  {"cn", 96},
  {"cntrl", 94},
  {"co", 97},
  {"combiningmark", 106},
  {"common", 481},
  {"connectorpunctuation", 115},
  {"control", 94},
  {"copt", 332},
  {"coptic", 332},
  {"cpmn", 333},
  {"cprt", 334},
  {"cs", 98},
  {"cuneiform", 476},
  {"currencysymbol", 123},
  {"cwcf", 9},
  {"cwcm", 10},
  {"cwl", 11},
  {"cwt", 12},
  {"cwu", 13},
  {"cypriot", 334},
  {"cyprominoan", 333},
  {"cyrillic", 335},
  {"cyrl", 335},
  {"dash", 14},
  {"dashpunctuation", 116},
  {"decimalnumber", 111},
  {"defaultignorablecodepoint", 15},
  {"dep", 16},
  {"deprecated", 16},
  {"deseret", 339},
  {"deva", 336},
  {"devanagari", 336},
  {"di", 15},
  {"dia", 17},
  {"diacritic", 17},
  {"diak", 337},
  {"digit", 111},
  {"divesakuru", 337},
  {"dogr", 338},
  {"dogra", 338},
  {"dsrt", 339},
  {"dupl", 340},
  {"duployan", 340},
  {"ebase", 21},
  {"ecomp", 19},
  {"egyp", 341},
  {"egyptianhieroglyphs", 341},
  {"elba", 342},
  {"elbasan", 342},
  {"elym", 343},
  {"elymaic", 343},
  {"emod", 20},
  {"emoji", 18},
  {"emojicomponent", 19},
  {"emojimodifier", 20},
  {"emojimodifierbase", 21},
  {"emojipresentation", 22},
  {"enclosingmark", 108},
  {"epres", 22},
  {"ethi", 344},
  {"ethiopic", 344},
  {"ext", 24},
  {"extendedpictographic", 23},
  {"extender", 24},
  {"extpict", 23},
  {"finalpunctuation", 118},
  {"format", 95},
  {"gara", 345},
  {"garay", 345},
  {"gc=c", 93},
  {"gc=casedletter", 100},
  {"gc=cc", 94},
  {"gc=cf", 95},
  {"gc=closepunctuation", 117},
  {"gc=cn", 96},
  {"gc=cntrl", 94},
  {"gc=co", 97},
  {"gc=combiningmark", 106},
  {"gc=connectorpunctuation", 115},
  {"gc=control", 94},
  {"gc=cs", 98},
  {"gc=currencysymbol", 123},
  {"gc=dashpunctuation", 116},
  {"gc=decimalnumber", 111},
  {"gc=digit", 111},
  {"gc=enclosingmark", 108},
  {"gc=finalpunctuation", 118},
  {"gc=format", 95},
  {"gc=initialpunctuation", 119},
  {"gc=l", 99},
  {"gc=lc", 100},
  {"gc=letter", 99},
  {"gc=letternumber", 112},
  {"gc=lineseparator", 128},
  {"gc=ll", 101},
  {"gc=lm", 102},
  {"gc=lo", 103},
  {"gc=lowercaseletter", 101},
  {"gc=lt", 104},
  {"gc=lu", 105},
  {"gc=m", 106},
  {"gc=mark", 106},
  {"gc=mathsymbol", 125},
  {"gc=mc", 107},
  {"gc=me", 108},
  {"gc=mn", 109},
  {"gc=modifierletter", 102},
  {"gc=modifiersymbol", 124},
  {"gc=n", 110},
  {"gc=nd", 111},
  {"gc=nl", 112},
  {"gc=no", 113},
  {"gc=nonspacingmark", 109},
  {"gc=number", 110},
  {"gc=openpunctuation", 121},
  {"gc=other", 93},
  {"gc=otherletter", 103},
  {"gc=othernumber", 113},
  {"gc=otherpunctuation", 120},
  {"gc=othersymbol", 126},
  {"gc=p", 114},
  {"gc=paragraphseparator", 129},
  {"gc=pc", 115},
  {"gc=pd", 116},
  {"gc=pe", 117},
  {"gc=pf", 118},
  {"gc=pi", 119},
  {"gc=po", 120},
  {"gc=privateuse", 97},
  {"gc=ps", 121},
  {"gc=punct", 114},
  {"gc=punctuation", 114},
  {"gc=s", 122},
  {"gc=sc", 123},
  {"gc=separator", 127},
  {"gc=sk", 124},
  {"gc=sm", 125},
  {"gc=so", 126},
  {"gc=spaceseparator", 130},
  {"gc=spacingmark", 107},
  {"gc=surrogate", 98},
  {"gc=symbol", 122},
  {"gc=titlecaseletter", 104},
  {"gc=unassigned", 96},
  {"gc=uppercaseletter", 105},
  {"gc=z", 127},
  {"gc=zl", 128},
  {"gc=zp", 129},
  {"gc=zs", 130},
  {"generalcategory=c", 93},
  {"generalcategory=casedletter", 100},
  {"generalcategory=cc", 94},
  {"generalcategory=cf", 95},
  {"generalcategory=closepunctuation", 117},
  {"generalcategory=cn", 96},
  {"generalcategory=cntrl", 94},
  {"generalcategory=co", 97},
  {"generalcategory=combiningmark", 106},
  {"generalcategory=connectorpunctuation", 115},
  {"generalcategory=control", 94},
  {"generalcategory=cs", 98},
  {"generalcategory=currencysymbol", 123},
  {"generalcategory=dashpunctuation", 116},
  {"generalcategory=decimalnumber", 111},
  {"generalcategory=digit", 111},
  {"generalcategory=enclosingmark", 108},
  {"generalcategory=finalpunctuation", 118},
  {"generalcategory=format", 95},
  {"generalcategory=initialpunctuation", 119},
  {"generalcategory=l", 99},
  {"generalcategory=lc", 100},
  {"generalcategory=letter", 99},
  {"generalcategory=letternumber", 112},
  {"generalcategory=lineseparator", 128},
  {"generalcategory=ll", 101},
  {"generalcategory=lm", 102},
  {"generalcategory=lo", 103},
  {"generalcategory=lowercaseletter", 101},
  {"generalcategory=lt", 104},
  {"generalcategory=lu", 105},
  {"generalcategory=m", 106},
  {"generalcategory=mark", 106},
  {"generalcategory=mathsymbol", 125},
  {"generalcategory=mc", 107},
  {"generalcategory=me", 108},
  {"generalcategory=mn", 109},
  {"generalcategory=modifierletter", 102},
  {"generalcategory=modifiersymbol", 124},
  {"generalcategory=n", 110},
  {"generalcategory=nd", 111},
  {"generalcategory=nl", 112},
  {"generalcategory=no", 113},
  {"generalcategory=nonspacingmark", 109},
  {"generalcategory=number", 110},
  {"generalcategory=openpunctuation", 121},
  {"generalcategory=other", 93},
  {"generalcategory=otherletter", 103},
  {"generalcategory=othernumber", 113},
  {"generalcategory=otherpunctuation", 120},
  {"generalcategory=othersymbol", 126},
  {"generalcategory=p", 114},
  {"generalcategory=paragraphseparator", 129},
  {"generalcategory=pc", 115},
  {"generalcategory=pd", 116},
  {"generalcategory=pe", 117},
  {"generalcategory=pf", 118},
  {"generalcategory=pi", 119},
  {"generalcategory=po", 120},
  {"generalcategory=privateuse", 97},
  {"generalcategory=ps", 121},
  {"generalcategory=punct", 114},
  {"generalcategory=punctuation", 114},
  {"generalcategory=s", 122},
  {"generalcategory=sc", 123},
  {"generalcategory=separator", 127},
  {"generalcategory=sk", 124},
  {"generalcategory=sm", 125},
  {"generalcategory=so", 126},
  {"generalcategory=spaceseparator", 130},
  {"generalcategory=spacingmark", 107},
  {"generalcategory=surrogate", 98},
  {"generalcategory=symbol", 122},
  {"generalcategory=titlecaseletter", 104},
  {"generalcategory=unassigned", 96},
  {"generalcategory=uppercaseletter", 105},
  {"generalcategory=z", 127},
  {"generalcategory=zl", 128},
  {"generalcategory=zp", 129},
  {"generalcategory=zs", 130},
  {"geor", 346},
  {"georgian", 346},
  {"glag", 347},
  {"glagolitic", 347},
  {"gong", 348},
  {"gonm", 349},
  {"goth", 350},
  {"gothic", 350},
  {"gran", 351},
  {"grantha", 351},
  {"graphemebase", 25},
  {"graphemeextend", 26},
  {"graphemelink", 27},
  {"grbase", 25},
  {"greek", 352},
  {"grek", 352},
  {"grext", 26},
  {"grlink", 27},
  {"gujarati", 353},
  {"gujr", 353},
  {"gukh", 354},
  {"gunjalagondi", 348},
  {"gurmukhi", 355},
  {"guru", 355},
  {"gurungkhema", 354},
  {"han", 357},
  {"hang", 356},
  {"hangul", 356},
  {"hani", 357},
  {"hanifirohingya", 430},
  {"hano", 358},
  {"hanunoo", 358},
  {"hatr", 359},
  {"hatran", 359},
  {"hebr", 360},
  {"hebrew", 360},
  {"hex", 28},
  {"hexdigit", 28},
  {"hira", 361},
  {"hiragana", 361},
  {"hluw", 362},
  {"hmng", 363},
  {"hmnp", 364},
  {"hrkt", 365},
  {"hung", 366},
  {"hyphen", 29},
  {"idc", 35},
  {"idcompatmathcontinue", 33},
  {"idcompatmathstart", 34},
  {"idcontinue", 35},
  {"ideo", 37},
  {"ideographic", 37},
  {"ids", 36},
  {"idsb", 30},
  {"idsbinaryoperator", 30},
  {"idst", 31},
  {"idstart", 36},
  {"idstrinaryoperator", 31},
  {"idsu", 32},
  {"idsunaryoperator", 32},
  {"imperialaramaic", 311},
  {"inherited", 480},
  {"initialpunctuation", 119},
  {"inscriptionalpahlavi", 424},
  {"inscriptionalparthian", 428},
  {"ital", 367},
  {"java", 368},
  {"javanese", 368},
  {"joinc", 38},
  {"joincontrol", 38},
  {"kaithi", 378},
  {"kali", 369},
  {"kana", 370},
  {"kannada", 376},
  {"katakana", 370},
  {"katakanaorhiragana", 365},
  {"kawi", 371},
  {"kayahli", 369},
  {"khar", 372},
  {"kharoshthi", 372},
  {"khitansmallscript", 375},
  {"khmer", 373},
  {"khmr", 373},
  {"khoj", 374},
  {"khojki", 374},
  {"khudawadi", 440},
  {"kiratrai", 377},
  {"kits", 375},
  {"knda", 376},
  {"krai", 377},
  {"kthi", 378},
  {"l", 99},
  {"l&", 100},
  {"lana", 379},
  {"lao", 380},
  {"laoo", 380},
  {"latin", 381},
  {"latn", 381},
  {"lc", 100},
  {"lepc", 382},
  {"lepcha", 382},
  {"letter", 99},
  {"letternumber", 112},
  {"limb", 383},
  {"limbu", 383},
  {"lina", 384},
  {"linb", 385},
  {"lineara", 384},
  {"linearb", 385},
  {"lineseparator", 128},
  {"lisu", 386},
  {"ll", 101},
  {"lm", 102},
  {"lo", 103},
  {"loe", 39},
  {"logicalorderexception", 39},
  {"lower", 40},
  {"lowercase", 40},
  {"lowercaseletter", 101},
  {"lt", 104},
  {"lu", 105},
  {"lyci", 387},
  {"lycian", 387},
  {"lydi", 388},
  {"lydian", 388},
  {"m", 106},
  {"mahajani", 389},
  {"mahj", 389},
  {"maka", 390},
  {"makasar", 390},
  {"malayalam", 398},
  {"mand", 391},
  {"mandaic", 391},
  {"mani", 392},
  {"manichaean", 392},
  {"marc", 393},
  {"marchen", 393},
  {"mark", 106},
  {"masaramgondi", 349},
  {"math", 41},
  {"mathsymbol", 125},
  {"mc", 107},
  {"mcm", 42},
  {"me", 108},
  {"medefaidrin", 394},
  {"medf", 394},
  {"meeteimayek", 402},
  {"mend", 395},
  {"mendekikakui", 395},
  {"merc", 396},
  {"mero", 397},
  {"meroiticcursive", 396},
  {"meroitichieroglyphs", 397},
  {"miao", 427},
  {"mlym", 398},
  {"mn", 109},
  {"modi", 399},
  {"modifiercombiningmark", 42},
  {"modifierletter", 102},
  {"modifiersymbol", 124},
  {"mong", 400},
  {"mongolian", 400},
  {"mro", 401},
  {"mroo", 401},
  {"mtei", 402},
  {"mult", 403},
  {"multani", 403},
  {"myanmar", 404},
  {"mymr", 404},
  {"n", 110},
  {"nabataean", 408},
  {"nagm", 405},
  {"nagmundari", 405},
  {"nand", 406},
  {"nandinagari", 406},
  {"narb", 407},
  {"nbat", 408},
  {"nchar", 43},
  {"nd", 111},
  {"newa", 409},
  {"newtailue", 453},
  {"nko", 410},
  {"nkoo", 410},
  {"nl", 112},
  {"no", 113},
  {"noncharactercodepoint", 43},
  {"nonspacingmark", 109},
  {"nshu", 411},
  {"number", 110},
  {"nushu", 411},
  {"nyiakengpuachuehmong", 364},
  {"oalpha", 44},
  {"odi", 45},
  {"ogam", 412},
  {"ogham", 412},
  {"ogrext", 46},
  {"oidc", 47},
  {"oids", 48},
  {"olchiki", 413},
  {"olck", 413},
  {"oldhungarian", 366},
  {"olditalic", 367},
  {"oldnortharabian", 407},
  {"oldpermic", 422},
  {"oldpersian", 475},
  {"oldsogdian", 443},
  {"oldsoutharabian", 433},
  {"oldturkic", 415},
  {"olduyghur", 419},
  {"olonal", 414},
  {"olower", 49},
  {"omath", 50},
  {"onao", 414},
  {"openpunctuation", 121},
  {"oriya", 416},
  {"orkh", 415},
  {"orya", 416},
  {"osage", 417},
  {"osge", 417},
  {"osma", 418},
  {"osmanya", 418},
  {"other", 93},
  {"otheralphabetic", 44},
  {"otherdefaultignorablecodepoint", 45},
  {"othergraphemeextend", 46},
  {"otheridcontinue", 47},
  {"otheridstart", 48},
  {"otherletter", 103},
  {"otherlowercase", 49},
  {"othermath", 50},
  {"othernumber", 113},
  {"otherpunctuation", 120},
  {"othersymbol", 126},
  {"otheruppercase", 51},
  {"ougr", 419},
  {"oupper", 51},
  {"p", 114},
  {"pahawhhmong", 363},
  {"palm", 420},
  {"palmyrene", 420},
  {"paragraphseparator", 129},
  {"patsyn", 52},
  {"patternsyntax", 52},
  {"patternwhitespace", 53},
  {"patws", 53},
  {"pauc", 421},
  {"paucinhau", 421},
  {"pc", 115},
  {"pcm", 54},
  {"pd", 116},
  {"pe", 117},
  {"perm", 422},
  {"pf", 118},
  {"phag", 423},
  {"phagspa", 423},
  {"phli", 424},
  {"phlp", 425},
  {"phnx", 426},
  {"phoenician", 426},
  {"pi", 119},
  {"plrd", 427},
  {"po", 120},
  {"prependedconcatenationmark", 54},
  {"privateuse", 97},
  {"prti", 428},
  {"ps", 121},
  {"psalterpahlavi", 425},
  {"punct", 114},
  {"punctuation", 114},
  {"qaac", 332},
  {"qaai", 480},
  {"qmark", 55},
  {"quotationmark", 55},
  {"radical", 56},
  {"regionalindicator", 57},
  {"rejang", 429},
  {"ri", 57},
  {"rjng", 429},
  {"rohg", 430},
  {"runic", 431},
  {"runr", 431},
  {"s", 122},
  {"samaritan", 432},
  {"samr", 432},
  {"sarb", 433},
  {"saur", 434},
  {"saurashtra", 434},
  {"sc", 123},
  {"sc=adlam", 131},
  {"sc=adlm", 131},
  {"sc=aghb", 132},
  {"sc=ahom", 133},
  {"sc=anatolianhieroglyphs", 186},
  {"sc=arab", 134},
  {"sc=arabic", 134},
  {"sc=armenian", 136},
  {"sc=armi", 135},
  {"sc=armn", 136},
  {"sc=avestan", 137},
  {"sc=avst", 137},
  {"sc=bali", 138},
  {"sc=balinese", 138},
  {"sc=bamu", 139},
  {"sc=bamum", 139},
  {"sc=bass", 140},
  {"sc=bassavah", 140},
  {"sc=batak", 141},
  {"sc=batk", 141},
  {"sc=beng", 142},
  {"sc=bengali", 142},
  {"sc=berf", 143},
  {"sc=beriaerfe", 143},
  {"sc=bhaiksuki", 144},
  {"sc=bhks", 144},
  {"sc=bopo", 145},
  {"sc=bopomofo", 145},
  {"sc=brah", 146},
  {"sc=brahmi", 146},
  {"sc=brai", 147},
  {"sc=braille", 147},
  {"sc=bugi", 148},
  {"sc=buginese", 148},
  {"sc=buhd", 149},
  {"sc=buhid", 149},
  {"sc=cakm", 150},
  {"sc=canadianaboriginal", 151},
  {"sc=cans", 151},
  {"sc=cari", 152},
  {"sc=carian", 152},
  {"sc=caucasianalbanian", 132},
  {"sc=chakma", 150},
  {"sc=cham", 153},
  {"sc=cher", 154},
  {"sc=cherokee", 154},
  {"sc=chorasmian", 155},
  {"sc=chrs", 155},
  {"sc=common", 305},
  {"sc=copt", 156},
  {"sc=coptic", 156},
  {"sc=cpmn", 157},
  {"sc=cprt", 158},
  {"sc=cuneiform", 300},
  {"sc=cypriot", 158},
  {"sc=cyprominoan", 157},
  {"sc=cyrillic", 159},
  {"sc=cyrl", 159},
  {"sc=deseret", 163},
  {"sc=deva", 160},
  {"sc=devanagari", 160},
  {"sc=diak", 161},
  {"sc=divesakuru", 161},
  {"sc=dogr", 162},
  {"sc=dogra", 162},
  {"sc=dsrt", 163},
  {"sc=dupl", 164},
  {"sc=duployan", 164},
  {"sc=egyp", 165},
  {"sc=egyptianhieroglyphs", 165},
  {"sc=elba", 166},
  {"sc=elbasan", 166},
  {"sc=elym", 167},
  {"sc=elymaic", 167},
  {"sc=ethi", 168},
  {"sc=ethiopic", 168},
  {"sc=gara", 169},
  {"sc=garay", 169},
  {"sc=geor", 170},
  {"sc=georgian", 170},
  {"sc=glag", 171},
  {"sc=glagolitic", 171},
  {"sc=gong", 172},
  {"sc=gonm", 173},
  {"sc=goth", 174},
  {"sc=gothic", 174},
  {"sc=gran", 175},
  {"sc=grantha", 175},
  {"sc=greek", 176},
  {"sc=grek", 176},
  {"sc=gujarati", 177},
  {"sc=gujr", 177},
  {"sc=gukh", 178},
  {"sc=gunjalagondi", 172},
  {"sc=gurmukhi", 179},
  {"sc=guru", 179},
  {"sc=gurungkhema", 178},
  {"sc=han", 181},
  {"sc=hang", 180},
  {"sc=hangul", 180},
  {"sc=hani", 181},
  {"sc=hanifirohingya", 254},
  {"sc=hano", 182},
  {"sc=hanunoo", 182},
  {"sc=hatr", 183},
  {"sc=hatran", 183},
  {"sc=hebr", 184},
  {"sc=hebrew", 184},
  {"sc=hira", 185},
  {"sc=hiragana", 185},
  {"sc=hluw", 186},
  {"sc=hmng", 187},
  {"sc=hmnp", 188},
  {"sc=hrkt", 189},
  {"sc=hung", 190},
  {"sc=imperialaramaic", 135},
  {"sc=inherited", 304},
  {"sc=inscriptionalpahlavi", 248},
  {"sc=inscriptionalparthian", 252},
  {"sc=ital", 191},
  {"sc=java", 192},
  {"sc=javanese", 192},
  {"sc=kaithi", 202},
  {"sc=kali", 193},
  {"sc=kana", 194},
  {"sc=kannada", 200},
  {"sc=katakana", 194},
  {"sc=katakanaorhiragana", 189},
  {"sc=kawi", 195},
  {"sc=kayahli", 193},
  {"sc=khar", 196},
  {"sc=kharoshthi", 196},
  {"sc=khitansmallscript", 199},
  {"sc=khmer", 197},
  {"sc=khmr", 197},
  {"sc=khoj", 198},
  {"sc=khojki", 198},
  {"sc=khudawadi", 264},
  {"sc=kiratrai", 201},
  {"sc=kits", 199},
  {"sc=knda", 200},
  {"sc=krai", 201},
  {"sc=kthi", 202},
  {"sc=lana", 203},
  {"sc=lao", 204},
  {"sc=laoo", 204},
  {"sc=latin", 205},
  {"sc=latn", 205},
  {"sc=lepc", 206},
  {"sc=lepcha", 206},
  {"sc=limb", 207},
  {"sc=limbu", 207},
  {"sc=lina", 208},
  {"sc=linb", 209},
  {"sc=lineara", 208},
  {"sc=linearb", 209},
  {"sc=lisu", 210},
  {"sc=lyci", 211},
  {"sc=lycian", 211},
  {"sc=lydi", 212},
  {"sc=lydian", 212},
  {"sc=mahajani", 213},
  {"sc=mahj", 213},
  {"sc=maka", 214},
  {"sc=makasar", 214},
  {"sc=malayalam", 222},
  {"sc=mand", 215},
  {"sc=mandaic", 215},
  {"sc=mani", 216},
  {"sc=manichaean", 216},
  {"sc=marc", 217},
  {"sc=marchen", 217},
  {"sc=masaramgondi", 173},
  {"sc=medefaidrin", 218},
  {"sc=medf", 218},
  {"sc=meeteimayek", 226},
  {"sc=mend", 219},
  {"sc=mendekikakui", 219},
  {"sc=merc", 220},
  {"sc=mero", 221},
  {"sc=meroiticcursive", 220},
  {"sc=meroitichieroglyphs", 221},
  {"sc=miao", 251},
  {"sc=mlym", 222},
  {"sc=modi", 223},
  {"sc=mong", 224},
  {"sc=mongolian", 224},
  {"sc=mro", 225},
  {"sc=mroo", 225},
  {"sc=mtei", 226},
  {"sc=mult", 227},
  {"sc=multani", 227},
  {"sc=myanmar", 228},
  {"sc=mymr", 228},
  {"sc=nabataean", 232},
  {"sc=nagm", 229},
  {"sc=nagmundari", 229},
  {"sc=nand", 230},
  {"sc=nandinagari", 230},
  {"sc=narb", 231},
  {"sc=nbat", 232},
  {"sc=newa", 233},
  {"sc=newtailue", 277},
  {"sc=nko", 234},
  {"sc=nkoo", 234},
  {"sc=nshu", 235},
  {"sc=nushu", 235},
  {"sc=nyiakengpuachuehmong", 188},
  {"sc=ogam", 236},
  {"sc=ogham", 236},
  {"sc=olchiki", 237},
  {"sc=olck", 237},
  {"sc=oldhungarian", 190},
  {"sc=olditalic", 191},
  {"sc=oldnortharabian", 231},
  {"sc=oldpermic", 246},
  {"sc=oldpersian", 299},
  {"sc=oldsogdian", 267},
  {"sc=oldsoutharabian", 257},
  {"sc=oldturkic", 239},
  {"sc=olduyghur", 243},
  {"sc=olonal", 238},
  {"sc=onao", 238},
  {"sc=oriya", 240},
  {"sc=orkh", 239},
  {"sc=orya", 240},
  {"sc=osage", 241},
  {"sc=osge", 241},
  {"sc=osma", 242},
  {"sc=osmanya", 242},
  {"sc=ougr", 243},
  {"sc=pahawhhmong", 187},
  {"sc=palm", 244},
  {"sc=palmyrene", 244},
  {"sc=pauc", 245},
  {"sc=paucinhau", 245},
  {"sc=perm", 246},
  {"sc=phag", 247},
  {"sc=phagspa", 247},
  {"sc=phli", 248},
  {"sc=phlp", 249},
  {"sc=phnx", 250},
  {"sc=phoenician", 250},
  {"sc=plrd", 251},
  {"sc=prti", 252},
  {"sc=psalterpahlavi", 249},
  {"sc=qaac", 156},
  {"sc=qaai", 304},
  {"sc=rejang", 253},
  {"sc=rjng", 253},
  {"sc=rohg", 254},
  {"sc=runic", 255},
  {"sc=runr", 255},
  {"sc=samaritan", 256},
  {"sc=samr", 256},
  {"sc=sarb", 257},
  {"sc=saur", 258},
  {"sc=saurashtra", 258},
  {"sc=sgnw", 259},
  {"sc=sharada", 261},
  {"sc=shavian", 260},
  {"sc=shaw", 260},
  {"sc=shrd", 261},
  {"sc=sidd", 262},
  {"sc=siddham", 262},
  {"sc=sidetic", 263},
  {"sc=sidt", 263},
  {"sc=signwriting", 259},
  {"sc=sind", 264},
  {"sc=sinh", 265},
  {"sc=sinhala", 265},
  {"sc=sogd", 266},
  {"sc=sogdian", 266},
  {"sc=sogo", 267},
  {"sc=sora", 268},
  {"sc=sorasompeng", 268},
  {"sc=soyo", 269},
  {"sc=soyombo", 269},
  {"sc=sund", 270},
  {"sc=sundanese", 270},
  {"sc=sunu", 271},
  {"sc=sunuwar", 271},
  {"sc=sylo", 272},
  {"sc=sylotinagri", 272},
  {"sc=syrc", 273},
  {"sc=syriac", 273},
  {"sc=tagalog", 284},
  {"sc=tagb", 274},
  {"sc=tagbanwa", 274},
  {"sc=taile", 276},
  {"sc=taitham", 203},
  {"sc=taiviet", 280},
  {"sc=taiyo", 281},
  {"sc=takr", 275},
  {"sc=takri", 275},
  {"sc=tale", 276},
  {"sc=talu", 277},
  {"sc=tamil", 278},
  {"sc=taml", 278},
  {"sc=tang", 279},
  {"sc=tangsa", 289},
  {"sc=tangut", 279},
  {"sc=tavt", 280},
  {"sc=tayo", 281},
  {"sc=telu", 282},
  {"sc=telugu", 282},
  {"sc=tfng", 283},
  {"sc=tglg", 284},
  {"sc=thaa", 285},
  {"sc=thaana", 285},
  {"sc=thai", 286},
  {"sc=tibetan", 287},
  {"sc=tibt", 287},
  {"sc=tifinagh", 283},
  {"sc=tirh", 288},
  {"sc=tirhuta", 288},
  {"sc=tnsa", 289},
  {"sc=todhri", 290},
  {"sc=todr", 290},
  {"sc=tolongsiki", 291},
  {"sc=tols", 291},
  {"sc=toto", 292},
  {"sc=tulutigalari", 293},
  {"sc=tutg", 293},
  {"sc=ugar", 294},
  {"sc=ugaritic", 294},
  {"sc=unknown", 306},
  {"sc=vai", 295},
  {"sc=vaii", 295},
  {"sc=vith", 296},
  {"sc=vithkuqi", 296},
  {"sc=wancho", 298},
  {"sc=wara", 297},
  {"sc=warangciti", 297},
  {"sc=wcho", 298},
  {"sc=xpeo", 299},
  {"sc=xsux", 300},
  {"sc=yezi", 301},
  {"sc=yezidi", 301},
  {"sc=yi", 302},
  {"sc=yiii", 302},
  {"sc=zanabazarsquare", 303},
  {"sc=zanb", 303},
  {"sc=zinh", 304},
  {"sc=zyyy", 305},
  {"sc=zzzz", 306},
  {"script=adlam", 131},
  {"script=adlm", 131},
  {"script=aghb", 132},
  {"script=ahom", 133},
  {"script=anatolianhieroglyphs", 186},
  {"script=arab", 134},
  {"script=arabic", 134},
  {"script=armenian", 136},
  {"script=armi", 135},
  {"script=armn", 136},
  {"script=avestan", 137},
  {"script=avst", 137},
  {"script=bali", 138},
  {"script=balinese", 138},
  {"script=bamu", 139},
  {"script=bamum", 139},
  {"script=bass", 140},
  {"script=bassavah", 140},
  {"script=batak", 141},
  {"script=batk", 141},
  {"script=beng", 142},
  {"script=bengali", 142},
  {"script=berf", 143},
  {"script=beriaerfe", 143},
  {"script=bhaiksuki", 144},
  {"script=bhks", 144},
  {"script=bopo", 145},
  {"script=bopomofo", 145},
  {"script=brah", 146},
  {"script=brahmi", 146},
  {"script=brai", 147},
  {"script=braille", 147},
  {"script=bugi", 148},
  {"script=buginese", 148},
  {"script=buhd", 149},
  {"script=buhid", 149},
  {"script=cakm", 150},
  {"script=canadianaboriginal", 151},
  {"script=cans", 151},
  {"script=cari", 152},
  {"script=carian", 152},
  {"script=caucasianalbanian", 132},
  {"script=chakma", 150},
  {"script=cham", 153},
  {"script=cher", 154},
  {"script=cherokee", 154},
  {"script=chorasmian", 155},
  {"script=chrs", 155},
  {"script=common", 305},
  {"script=copt", 156},
  {"script=coptic", 156},
  {"script=cpmn", 157},
  {"script=cprt", 158},
  {"script=cuneiform", 300},
  {"script=cypriot", 158},
  {"script=cyprominoan", 157},
  {"script=cyrillic", 159},
  {"script=cyrl", 159},
  {"script=deseret", 163},
  {"script=deva", 160},
  {"script=devanagari", 160},
  {"script=diak", 161},
  {"script=divesakuru", 161},
  {"script=dogr", 162},
  {"script=dogra", 162},
  {"script=dsrt", 163},
  {"script=dupl", 164},
  {"script=duployan", 164},
  {"script=egyp", 165},
  {"script=egyptianhieroglyphs", 165},
  {"script=elba", 166},
  {"script=elbasan", 166},
  {"script=elym", 167},
  {"script=elymaic", 167},
  {"script=ethi", 168},
  {"script=ethiopic", 168},
  {"script=gara", 169},
  {"script=garay", 169},
  {"script=geor", 170},
  {"script=georgian", 170},
  {"script=glag", 171},
  {"script=glagolitic", 171},
  {"script=gong", 172},
  {"script=gonm", 173},
  {"script=goth", 174},
  {"script=gothic", 174},
  {"script=gran", 175},
  {"script=grantha", 175},
  {"script=greek", 176},
  {"script=grek", 176},
  {"script=gujarati", 177},
  {"script=gujr", 177},
  {"script=gukh", 178},
  {"script=gunjalagondi", 172},
  {"script=gurmukhi", 179},
  {"script=guru", 179},
  {"script=gurungkhema", 178},
  {"script=han", 181},
  {"script=hang", 180},
  {"script=hangul", 180},
  {"script=hani", 181},
  {"script=hanifirohingya", 254},
  {"script=hano", 182},
  {"script=hanunoo", 182},
  {"script=hatr", 183},
  {"script=hatran", 183},
  {"script=hebr", 184},
  {"script=hebrew", 184},
  {"script=hira", 185},
  {"script=hiragana", 185},
  {"script=hluw", 186},
  {"script=hmng", 187},
  {"script=hmnp", 188},
  {"script=hrkt", 189},
  {"script=hung", 190},
  {"script=imperialaramaic", 135},
  {"script=inherited", 304},
  {"script=inscriptionalpahlavi", 248},
  {"script=inscriptionalparthian", 252},
  {"script=ital", 191},
  {"script=java", 192},
  {"script=javanese", 192},
  {"script=kaithi", 202},
  {"script=kali", 193},
  {"script=kana", 194},
  {"script=kannada", 200},
  {"script=katakana", 194},
  {"script=katakanaorhiragana", 189},
  {"script=kawi", 195},
  {"script=kayahli", 193},
  {"script=khar", 196},
  {"script=kharoshthi", 196},
  {"script=khitansmallscript", 199},
  {"script=khmer", 197},
  {"script=khmr", 197},
  {"script=khoj", 198},
  {"script=khojki", 198},
  {"script=khudawadi", 264},
  {"script=kiratrai", 201},
  {"script=kits", 199},
  {"script=knda", 200},
  {"script=krai", 201},
  {"script=kthi", 202},
  {"script=lana", 203},
  {"script=lao", 204},
  {"script=laoo", 204},
  {"script=latin", 205},
  {"script=latn", 205},
  {"script=lepc", 206},
  {"script=lepcha", 206},
  {"script=limb", 207},
  {"script=limbu", 207},
  {"script=lina", 208},
  {"script=linb", 209},
  {"script=lineara", 208},
  {"script=linearb", 209},
  {"script=lisu", 210},
  {"script=lyci", 211},
  {"script=lycian", 211},
  {"script=lydi", 212},
  {"script=lydian", 212},
  {"script=mahajani", 213},
  {"script=mahj", 213},
  {"script=maka", 214},
  {"script=makasar", 214},
  {"script=malayalam", 222},
  {"script=mand", 215},
  {"script=mandaic", 215},
  {"script=mani", 216},
  {"script=manichaean", 216},
  {"script=marc", 217},
  {"script=marchen", 217},
  {"script=masaramgondi", 173},
  {"script=medefaidrin", 218},
  {"script=medf", 218},
  {"script=meeteimayek", 226},
  {"script=mend", 219},
  {"script=mendekikakui", 219},
  {"script=merc", 220},
  {"script=mero", 221},
  {"script=meroiticcursive", 220},
  {"script=meroitichieroglyphs", 221},
  {"script=miao", 251},
  {"script=mlym", 222},
  {"script=modi", 223},
  {"script=mong", 224},
  {"script=mongolian", 224},
  {"script=mro", 225},
  {"script=mroo", 225},
  {"script=mtei", 226},
  {"script=mult", 227},
  {"script=multani", 227},
  {"script=myanmar", 228},
  {"script=mymr", 228},
  {"script=nabataean", 232},
  {"script=nagm", 229},
  {"script=nagmundari", 229},
  {"script=nand", 230},
  {"script=nandinagari", 230},
  {"script=narb", 231},
  {"script=nbat", 232},
  {"script=newa", 233},
  {"script=newtailue", 277},
  {"script=nko", 234},
  {"script=nkoo", 234},
  {"script=nshu", 235},
  {"script=nushu", 235},
  {"script=nyiakengpuachuehmong", 188},
  {"script=ogam", 236},
  {"script=ogham", 236},
  {"script=olchiki", 237},
  {"script=olck", 237},
  {"script=oldhungarian", 190},
  {"script=olditalic", 191},
  {"script=oldnortharabian", 231},
  {"script=oldpermic", 246},
  {"script=oldpersian", 299},
  {"script=oldsogdian", 267},
  {"script=oldsoutharabian", 257},
  {"script=oldturkic", 239},
  {"script=olduyghur", 243},
  {"script=olonal", 238},
  {"script=onao", 238},
  {"script=oriya", 240},
  {"script=orkh", 239},
  {"script=orya", 240},
  {"script=osage", 241},
  {"script=osge", 241},
  {"script=osma", 242},
  {"script=osmanya", 242},
  {"script=ougr", 243},
  {"script=pahawhhmong", 187},
  {"script=palm", 244},
  {"script=palmyrene", 244},
  {"script=pauc", 245},
  {"script=paucinhau", 245},
  {"script=perm", 246},
  {"script=phag", 247},
  {"script=phagspa", 247},
  {"script=phli", 248},
  {"script=phlp", 249},
  {"script=phnx", 250},
  {"script=phoenician", 250},
  {"script=plrd", 251},
  {"script=prti", 252},
  {"script=psalterpahlavi", 249},
  {"script=qaac", 156},
  {"script=qaai", 304},
  {"script=rejang", 253},
  {"script=rjng", 253},
  {"script=rohg", 254},
  {"script=runic", 255},
  {"script=runr", 255},
  {"script=samaritan", 256},
  {"script=samr", 256},
  {"script=sarb", 257},
  {"script=saur", 258},
  {"script=saurashtra", 258},
  {"script=sgnw", 259},
  {"script=sharada", 261},
  {"script=shavian", 260},
  {"script=shaw", 260},
  {"script=shrd", 261},
  {"script=sidd", 262},
  {"script=siddham", 262},
  {"script=sidetic", 263},
  {"script=sidt", 263},
  {"script=signwriting", 259},
  {"script=sind", 264},
  {"script=sinh", 265},
  {"script=sinhala", 265},
  {"script=sogd", 266},
  {"script=sogdian", 266},
  {"script=sogo", 267},
  {"script=sora", 268},
  {"script=sorasompeng", 268},
  {"script=soyo", 269},
  {"script=soyombo", 269},
  {"script=sund", 270},
  {"script=sundanese", 270},
  {"script=sunu", 271},
  {"script=sunuwar", 271},
  {"script=sylo", 272},
  {"script=sylotinagri", 272},
  {"script=syrc", 273},
  {"script=syriac", 273},
  {"script=tagalog", 284},
  {"script=tagb", 274},
  {"script=tagbanwa", 274},
  {"script=taile", 276},
  {"script=taitham", 203},
  {"script=taiviet", 280},
  {"script=taiyo", 281},
  {"script=takr", 275},
  {"script=takri", 275},
  {"script=tale", 276},
  {"script=talu", 277},
  {"script=tamil", 278},
  {"script=taml", 278},
  {"script=tang", 279},
  {"script=tangsa", 289},
  {"script=tangut", 279},
  {"script=tavt", 280},
  {"script=tayo", 281},
  {"script=telu", 282},
  {"script=telugu", 282},
  {"script=tfng", 283},
  {"script=tglg", 284},
  {"script=thaa", 285},
  {"script=thaana", 285},
  {"script=thai", 286},
  {"script=tibetan", 287},
  {"script=tibt", 287},
  {"script=tifinagh", 283},
  {"script=tirh", 288},
  {"script=tirhuta", 288},
  {"script=tnsa", 289},
  {"script=todhri", 290},
  {"script=todr", 290},
  {"script=tolongsiki", 291},
  {"script=tols", 291},
  {"script=toto", 292},
  {"script=tulutigalari", 293},
  {"script=tutg", 293},
  {"script=ugar", 294},
  {"script=ugaritic", 294},
  {"script=unknown", 306},
  {"script=vai", 295},
  {"script=vaii", 295},
  {"script=vith", 296},
  {"script=vithkuqi", 296},
  {"script=wancho", 298},
  {"script=wara", 297},
  {"script=warangciti", 297},
  {"script=wcho", 298},
  {"script=xpeo", 299},
  {"script=xsux", 300},
  {"script=yezi", 301},
  {"script=yezidi", 301},
  {"script=yi", 302},
  {"script=yiii", 302},
  {"script=zanabazarsquare", 303},
  {"script=zanb", 303},
  {"script=zinh", 304},
  {"script=zyyy", 305},
  {"script=zzzz", 306},
  {"scriptextensions=adlam", 307},
  {"scriptextensions=adlm", 307},
  {"scriptextensions=aghb", 308},
  {"scriptextensions=ahom", 309},
  {"scriptextensions=anatolianhieroglyphs", 362},
  {"scriptextensions=arab", 310},
  {"scriptextensions=arabic", 310},
  {"scriptextensions=armenian", 312},
  {"scriptextensions=armi", 311},
  {"scriptextensions=armn", 312},
  {"scriptextensions=avestan", 313},
  {"scriptextensions=avst", 313},
  {"scriptextensions=bali", 314},
  {"scriptextensions=balinese", 314},
  {"scriptextensions=bamu", 315},
  {"scriptextensions=bamum", 315},
  {"scriptextensions=bass", 316},
  {"scriptextensions=bassavah", 316},
  {"scriptextensions=batak", 317},
  {"scriptextensions=batk", 317},
  {"scriptextensions=beng", 318},
  {"scriptextensions=bengali", 318},
  {"scriptextensions=berf", 319},
  {"scriptextensions=beriaerfe", 319},
  {"scriptextensions=bhaiksuki", 320},
  {"scriptextensions=bhks", 320},
  {"scriptextensions=bopo", 321},
  {"scriptextensions=bopomofo", 321},
  {"scriptextensions=brah", 322},
  {"scriptextensions=brahmi", 322},
  {"scriptextensions=brai", 323},
  {"scriptextensions=braille", 323},
  {"scriptextensions=bugi", 324},
  {"scriptextensions=buginese", 324},
  {"scriptextensions=buhd", 325},
  {"scriptextensions=buhid", 325},
  {"scriptextensions=cakm", 326},
  {"scriptextensions=canadianaboriginal", 327},
  {"scriptextensions=cans", 327},
  {"scriptextensions=cari", 328},
  {"scriptextensions=carian", 328},
  {"scriptextensions=caucasianalbanian", 308},
  {"scriptextensions=chakma", 326},
  {"scriptextensions=cham", 329},
  {"scriptextensions=cher", 330},
  {"scriptextensions=cherokee", 330},
  {"scriptextensions=chorasmian", 331},
  {"scriptextensions=chrs", 331},
  {"scriptextensions=common", 481},
  {"scriptextensions=copt", 332},
  {"scriptextensions=coptic", 332},
  {"scriptextensions=cpmn", 333},
  {"scriptextensions=cprt", 334},
  {"scriptextensions=cuneiform", 476},
  {"scriptextensions=cypriot", 334},
  {"scriptextensions=cyprominoan", 333},
  {"scriptextensions=cyrillic", 335},
  {"scriptextensions=cyrl", 335},
  {"scriptextensions=deseret", 339},
  {"scriptextensions=deva", 336},
  {"scriptextensions=devanagari", 336},
  {"scriptextensions=diak", 337},
  {"scriptextensions=divesakuru", 337},
  {"scriptextensions=dogr", 338},
  {"scriptextensions=dogra", 338},
  {"scriptextensions=dsrt", 339},
  {"scriptextensions=dupl", 340},
  {"scriptextensions=duployan", 340},
  {"scriptextensions=egyp", 341},
  {"scriptextensions=egyptianhieroglyphs", 341},
  {"scriptextensions=elba", 342},
  {"scriptextensions=elbasan", 342},
  {"scriptextensions=elym", 343},
  {"scriptextensions=elymaic", 343},
  {"scriptextensions=ethi", 344},
  {"scriptextensions=ethiopic", 344},
  {"scriptextensions=gara", 345},
  {"scriptextensions=garay", 345},
  {"scriptextensions=geor", 346},
  {"scriptextensions=georgian", 346},
  {"scriptextensions=glag", 347},
  {"scriptextensions=glagolitic", 347},
  {"scriptextensions=gong", 348},
  {"scriptextensions=gonm", 349},
  {"scriptextensions=goth", 350},
  {"scriptextensions=gothic", 350},
  {"scriptextensions=gran", 351},
  {"scriptextensions=grantha", 351},
  {"scriptextensions=greek", 352},
  {"scriptextensions=grek", 352},
  {"scriptextensions=gujarati", 353},
  {"scriptextensions=gujr", 353},
  {"scriptextensions=gukh", 354},
  {"scriptextensions=gunjalagondi", 348},
  {"scriptextensions=gurmukhi", 355},
  {"scriptextensions=guru", 355},
  {"scriptextensions=gurungkhema", 354},
  {"scriptextensions=han", 357},
  {"scriptextensions=hang", 356},
  {"scriptextensions=hangul", 356},
  {"scriptextensions=hani", 357},
  {"scriptextensions=hanifirohingya", 430},
  {"scriptextensions=hano", 358},
  {"scriptextensions=hanunoo", 358},
  {"scriptextensions=hatr", 359},
  {"scriptextensions=hatran", 359},
  {"scriptextensions=hebr", 360},
  {"scriptextensions=hebrew", 360},
  {"scriptextensions=hira", 361},
  {"scriptextensions=hiragana", 361},
  {"scriptextensions=hluw", 362},
  {"scriptextensions=hmng", 363},
  {"scriptextensions=hmnp", 364},
  {"scriptextensions=hrkt", 365},
  {"scriptextensions=hung", 366},
  {"scriptextensions=imperialaramaic", 311},
  {"scriptextensions=inherited", 480},
  {"scriptextensions=inscriptionalpahlavi", 424},
  {"scriptextensions=inscriptionalparthian", 428},
  {"scriptextensions=ital", 367},
  {"scriptextensions=java", 368},
  {"scriptextensions=javanese", 368},
  {"scriptextensions=kaithi", 378},
  {"scriptextensions=kali", 369},
  {"scriptextensions=kana", 370},
  {"scriptextensions=kannada", 376},
  {"scriptextensions=katakana", 370},
  {"scriptextensions=katakanaorhiragana", 365},
  {"scriptextensions=kawi", 371},
  {"scriptextensions=kayahli", 369},
  {"scriptextensions=khar", 372},
  {"scriptextensions=kharoshthi", 372},
  {"scriptextensions=khitansmallscript", 375},
  {"scriptextensions=khmer", 373},
  {"scriptextensions=khmr", 373},
  {"scriptextensions=khoj", 374},
  {"scriptextensions=khojki", 374},
  {"scriptextensions=khudawadi", 440},
  {"scriptextensions=kiratrai", 377},
  {"scriptextensions=kits", 375},
  {"scriptextensions=knda", 376},
  {"scriptextensions=krai", 377},
  {"scriptextensions=kthi", 378},
  {"scriptextensions=lana", 379},
  {"scriptextensions=lao", 380},
  {"scriptextensions=laoo", 380},
  {"scriptextensions=latin", 381},
  {"scriptextensions=latn", 381},
  {"scriptextensions=lepc", 382},
  {"scriptextensions=lepcha", 382},
  {"scriptextensions=limb", 383},
  {"scriptextensions=limbu", 383},
  {"scriptextensions=lina", 384},
  {"scriptextensions=linb", 385},
  {"scriptextensions=lineara", 384},
  {"scriptextensions=linearb", 385},
  {"scriptextensions=lisu", 386},
  {"scriptextensions=lyci", 387},
  {"scriptextensions=lycian", 387},
  {"scriptextensions=lydi", 388},
  {"scriptextensions=lydian", 388},
  {"scriptextensions=mahajani", 389},
  {"scriptextensions=mahj", 389},
  {"scriptextensions=maka", 390},
  {"scriptextensions=makasar", 390},
  {"scriptextensions=malayalam", 398},
  {"scriptextensions=mand", 391},
  {"scriptextensions=mandaic", 391},
  {"scriptextensions=mani", 392},
  {"scriptextensions=manichaean", 392},
  {"scriptextensions=marc", 393},
  {"scriptextensions=marchen", 393},
  {"scriptextensions=masaramgondi", 349},
  {"scriptextensions=medefaidrin", 394},
  {"scriptextensions=medf", 394},
  {"scriptextensions=meeteimayek", 402},
  {"scriptextensions=mend", 395},
  {"scriptextensions=mendekikakui", 395},
  {"scriptextensions=merc", 396},
  {"scriptextensions=mero", 397},
  {"scriptextensions=meroiticcursive", 396},
  {"scriptextensions=meroitichieroglyphs", 397},
  {"scriptextensions=miao", 427},
  {"scriptextensions=mlym", 398},
  {"scriptextensions=modi", 399},
  {"scriptextensions=mong", 400},
  {"scriptextensions=mongolian", 400},
  {"scriptextensions=mro", 401},
  {"scriptextensions=mroo", 401},
  {"scriptextensions=mtei", 402},
  {"scriptextensions=mult", 403},
  {"scriptextensions=multani", 403},
  {"scriptextensions=myanmar", 404},
  {"scriptextensions=mymr", 404},
  {"scriptextensions=nabataean", 408},
  {"scriptextensions=nagm", 405},
  {"scriptextensions=nagmundari", 405},
  {"scriptextensions=nand", 406},
  {"scriptextensions=nandinagari", 406},
  {"scriptextensions=narb", 407},
  {"scriptextensions=nbat", 408},
  {"scriptextensions=newa", 409},
  {"scriptextensions=newtailue", 453},
  {"scriptextensions=nko", 410},
  {"scriptextensions=nkoo", 410},
  {"scriptextensions=nshu", 411},
  {"scriptextensions=nushu", 411},
  {"scriptextensions=nyiakengpuachuehmong", 364},
  {"scriptextensions=ogam", 412},
  {"scriptextensions=ogham", 412},
  {"scriptextensions=olchiki", 413},
  {"scriptextensions=olck", 413},
  {"scriptextensions=oldhungarian", 366},
  {"scriptextensions=olditalic", 367},
  {"scriptextensions=oldnortharabian", 407},
  {"scriptextensions=oldpermic", 422},
  {"scriptextensions=oldpersian", 475},
  {"scriptextensions=oldsogdian", 443},
  {"scriptextensions=oldsoutharabian", 433},
  {"scriptextensions=oldturkic", 415},
  {"scriptextensions=olduyghur", 419},
  {"scriptextensions=olonal", 414},
  {"scriptextensions=onao", 414},
  {"scriptextensions=oriya", 416},
  {"scriptextensions=orkh", 415},
  {"scriptextensions=orya", 416},
  {"scriptextensions=osage", 417},
  {"scriptextensions=osge", 417},
  {"scriptextensions=osma", 418},
  {"scriptextensions=osmanya", 418},
  {"scriptextensions=ougr", 419},
  {"scriptextensions=pahawhhmong", 363},
  {"scriptextensions=palm", 420},
  {"scriptextensions=palmyrene", 420},
  {"scriptextensions=pauc", 421},
  {"scriptextensions=paucinhau", 421},
  {"scriptextensions=perm", 422},
  {"scriptextensions=phag", 423},
  {"scriptextensions=phagspa", 423},
  {"scriptextensions=phli", 424},
  {"scriptextensions=phlp", 425},
  {"scriptextensions=phnx", 426},
  {"scriptextensions=phoenician", 426},
  {"scriptextensions=plrd", 427},
  {"scriptextensions=prti", 428},
  {"scriptextensions=psalterpahlavi", 425},
  {"scriptextensions=qaac", 332},
  {"scriptextensions=qaai", 480},
  {"scriptextensions=rejang", 429},
  {"scriptextensions=rjng", 429},
  {"scriptextensions=rohg", 430},
  {"scriptextensions=runic", 431},
  {"scriptextensions=runr", 431},
  {"scriptextensions=samaritan", 432},
  {"scriptextensions=samr", 432},
  {"scriptextensions=sarb", 433},
  {"scriptextensions=saur", 434},
  {"scriptextensions=saurashtra", 434},
  {"scriptextensions=sgnw", 435},
  {"scriptextensions=sharada", 437},
  {"scriptextensions=shavian", 436},
  {"scriptextensions=shaw", 436},
  {"scriptextensions=shrd", 437},
  {"scriptextensions=sidd", 438},
  {"scriptextensions=siddham", 438},
  {"scriptextensions=sidetic", 439},
  {"scriptextensions=sidt", 439},
  {"scriptextensions=signwriting", 435},
  {"scriptextensions=sind", 440},
  {"scriptextensions=sinh", 441},
  {"scriptextensions=sinhala", 441},
  {"scriptextensions=sogd", 442},
  {"scriptextensions=sogdian", 442},
  {"scriptextensions=sogo", 443},
  {"scriptextensions=sora", 444},
  {"scriptextensions=sorasompeng", 444},
  {"scriptextensions=soyo", 445},
  {"scriptextensions=soyombo", 445},
  {"scriptextensions=sund", 446},
  {"scriptextensions=sundanese", 446},
  {"scriptextensions=sunu", 447},
  {"scriptextensions=sunuwar", 447},
  {"scriptextensions=sylo", 448},
  {"scriptextensions=sylotinagri", 448},
  {"scriptextensions=syrc", 449},
  {"scriptextensions=syriac", 449},
  {"scriptextensions=tagalog", 460},
  {"scriptextensions=tagb", 450},
  {"scriptextensions=tagbanwa", 450},
  {"scriptextensions=taile", 452},
  {"scriptextensions=taitham", 379},
  {"scriptextensions=taiviet", 456},
  {"scriptextensions=taiyo", 457},
  {"scriptextensions=takr", 451},
  {"scriptextensions=takri", 451},
  {"scriptextensions=tale", 452},
  {"scriptextensions=talu", 453},
  {"scriptextensions=tamil", 454},
  {"scriptextensions=taml", 454},
  {"scriptextensions=tang", 455},
  {"scriptextensions=tangsa", 465},
  {"scriptextensions=tangut", 455},
  {"scriptextensions=tavt", 456},
  {"scriptextensions=tayo", 457},
  {"scriptextensions=telu", 458},
  {"scriptextensions=telugu", 458},
  {"scriptextensions=tfng", 459},
  {"scriptextensions=tglg", 460},
  {"scriptextensions=thaa", 461},
  {"scriptextensions=thaana", 461},
  {"scriptextensions=thai", 462},
  {"scriptextensions=tibetan", 463},
  {"scriptextensions=tibt", 463},
  {"scriptextensions=tifinagh", 459},
  {"scriptextensions=tirh", 464},
  {"scriptextensions=tirhuta", 464},
  {"scriptextensions=tnsa", 465},
  {"scriptextensions=todhri", 466},
  {"scriptextensions=todr", 466},
  {"scriptextensions=tolongsiki", 467},
  {"scriptextensions=tols", 467},
  {"scriptextensions=toto", 468},
  {"scriptextensions=tulutigalari", 469},
  {"scriptextensions=tutg", 469},
  {"scriptextensions=ugar", 470},
  {"scriptextensions=ugaritic", 470},
  {"scriptextensions=unknown", 482},
  {"scriptextensions=vai", 471},
  {"scriptextensions=vaii", 471},
  {"scriptextensions=vith", 472},
  {"scriptextensions=vithkuqi", 472},
  {"scriptextensions=wancho", 474},
  {"scriptextensions=wara", 473},
  {"scriptextensions=warangciti", 473},
  {"scriptextensions=wcho", 474},
  {"scriptextensions=xpeo", 475},
  {"scriptextensions=xsux", 476},
  {"scriptextensions=yezi", 477},
  {"scriptextensions=yezidi", 477},
  {"scriptextensions=yi", 478},
  {"scriptextensions=yiii", 478},
  {"scriptextensions=zanabazarsquare", 479},
  {"scriptextensions=zanb", 479},
  {"scriptextensions=zinh", 480},
  {"scriptextensions=zyyy", 481},
  {"scriptextensions=zzzz", 482},
  {"scx=adlam", 307},
  {"scx=adlm", 307},
  {"scx=aghb", 308},
  {"scx=ahom", 309},
  {"scx=anatolianhieroglyphs", 362},
  {"scx=arab", 310},
  {"scx=arabic", 310},
  {"scx=armenian", 312},
  {"scx=armi", 311},
  {"scx=armn", 312},
  {"scx=avestan", 313},
  {"scx=avst", 313},
  {"scx=bali", 314},
  {"scx=balinese", 314},
  {"scx=bamu", 315},
  {"scx=bamum", 315},
  {"scx=bass", 316},
  {"scx=bassavah", 316},
  {"scx=batak", 317},
  {"scx=batk", 317},
  {"scx=beng", 318},
  {"scx=bengali", 318},
  {"scx=berf", 319},
  {"scx=beriaerfe", 319},
  {"scx=bhaiksuki", 320},
  {"scx=bhks", 320},
  {"scx=bopo", 321},
  {"scx=bopomofo", 321},
  {"scx=brah", 322},
  {"scx=brahmi", 322},
  {"scx=brai", 323},
  {"scx=braille", 323},
  {"scx=bugi", 324},
  {"scx=buginese", 324},
  {"scx=buhd", 325},
  {"scx=buhid", 325},
  {"scx=cakm", 326},
  {"scx=canadianaboriginal", 327},
  {"scx=cans", 327},
  {"scx=cari", 328},
  {"scx=carian", 328},
  {"scx=caucasianalbanian", 308},
  {"scx=chakma", 326},
  {"scx=cham", 329},
  {"scx=cher", 330},
  {"scx=cherokee", 330},
  {"scx=chorasmian", 331},
  {"scx=chrs", 331},
  {"scx=common", 481},
  {"scx=copt", 332},
  {"scx=coptic", 332},
  {"scx=cpmn", 333},
  {"scx=cprt", 334},
  {"scx=cuneiform", 476},
  {"scx=cypriot", 334},
  {"scx=cyprominoan", 333},
  {"scx=cyrillic", 335},
  {"scx=cyrl", 335},
  {"scx=deseret", 339},
  {"scx=deva", 336},
  {"scx=devanagari", 336},
  {"scx=diak", 337},
  {"scx=divesakuru", 337},
  {"scx=dogr", 338},
  {"scx=dogra", 338},
  {"scx=dsrt", 339},
  {"scx=dupl", 340},
  {"scx=duployan", 340},
  {"scx=egyp", 341},
  {"scx=egyptianhieroglyphs", 341},
  {"scx=elba", 342},
  {"scx=elbasan", 342},
  {"scx=elym", 343},
  {"scx=elymaic", 343},
  {"scx=ethi", 344},
  {"scx=ethiopic", 344},
  {"scx=gara", 345},
  {"scx=garay", 345},
  {"scx=geor", 346},
  {"scx=georgian", 346},
  {"scx=glag", 347},
  {"scx=glagolitic", 347},
  {"scx=gong", 348},
  {"scx=gonm", 349},
  {"scx=goth", 350},
  {"scx=gothic", 350},
  {"scx=gran", 351},
  {"scx=grantha", 351},
  {"scx=greek", 352},
  {"scx=grek", 352},
  {"scx=gujarati", 353},
  {"scx=gujr", 353},
  {"scx=gukh", 354},
  {"scx=gunjalagondi", 348},
  {"scx=gurmukhi", 355},
  {"scx=guru", 355},
  {"scx=gurungkhema", 354},
  {"scx=han", 357},
  {"scx=hang", 356},
  {"scx=hangul", 356},
  {"scx=hani", 357},
  {"scx=hanifirohingya", 430},
  {"scx=hano", 358},
  {"scx=hanunoo", 358},
  {"scx=hatr", 359},
  {"scx=hatran", 359},
  {"scx=hebr", 360},
  {"scx=hebrew", 360},
  {"scx=hira", 361},
  {"scx=hiragana", 361},
  {"scx=hluw", 362},
  {"scx=hmng", 363},
  {"scx=hmnp", 364},
  {"scx=hrkt", 365},
  {"scx=hung", 366},
  {"scx=imperialaramaic", 311},
  {"scx=inherited", 480},
  {"scx=inscriptionalpahlavi", 424},
  {"scx=inscriptionalparthian", 428},
  {"scx=ital", 367},
  {"scx=java", 368},
  {"scx=javanese", 368},
  {"scx=kaithi", 378},
  {"scx=kali", 369},
  {"scx=kana", 370},
  {"scx=kannada", 376},
  {"scx=katakana", 370},
  {"scx=katakanaorhiragana", 365},
  {"scx=kawi", 371},
  {"scx=kayahli", 369},
  {"scx=khar", 372},
  {"scx=kharoshthi", 372},
  {"scx=khitansmallscript", 375},
  {"scx=khmer", 373},
  {"scx=khmr", 373},
  {"scx=khoj", 374},
  {"scx=khojki", 374},
  {"scx=khudawadi", 440},
  {"scx=kiratrai", 377},
  {"scx=kits", 375},
  {"scx=knda", 376},
  {"scx=krai", 377},
  {"scx=kthi", 378},
  {"scx=lana", 379},
  {"scx=lao", 380},
  {"scx=laoo", 380},
  {"scx=latin", 381},
  {"scx=latn", 381},
  {"scx=lepc", 382},
  {"scx=lepcha", 382},
  {"scx=limb", 383},
  {"scx=limbu", 383},
  {"scx=lina", 384},
  {"scx=linb", 385},
  {"scx=lineara", 384},
  {"scx=linearb", 385},
  {"scx=lisu", 386},
  {"scx=lyci", 387},
  {"scx=lycian", 387},
  {"scx=lydi", 388},
  {"scx=lydian", 388},
  {"scx=mahajani", 389},
  {"scx=mahj", 389},
  {"scx=maka", 390},
  {"scx=makasar", 390},
  {"scx=malayalam", 398},
  {"scx=mand", 391},
  {"scx=mandaic", 391},
  {"scx=mani", 392},
  {"scx=manichaean", 392},
  {"scx=marc", 393},
  {"scx=marchen", 393},
  {"scx=masaramgondi", 349},
  {"scx=medefaidrin", 394},
  {"scx=medf", 394},
  {"scx=meeteimayek", 402},
  {"scx=mend", 395},
  {"scx=mendekikakui", 395},
  {"scx=merc", 396},
  {"scx=mero", 397},
  {"scx=meroiticcursive", 396},
  {"scx=meroitichieroglyphs", 397},
  {"scx=miao", 427},
  {"scx=mlym", 398},
  {"scx=modi", 399},
  {"scx=mong", 400},
  {"scx=mongolian", 400},
  {"scx=mro", 401},
  {"scx=mroo", 401},
  {"scx=mtei", 402},
  {"scx=mult", 403},
  {"scx=multani", 403},
  {"scx=myanmar", 404},
  {"scx=mymr", 404},
  {"scx=nabataean", 408},
  {"scx=nagm", 405},
  {"scx=nagmundari", 405},
  {"scx=nand", 406},
  {"scx=nandinagari", 406},
  {"scx=narb", 407},
  {"scx=nbat", 408},
  {"scx=newa", 409},
  {"scx=newtailue", 453},
  {"scx=nko", 410},
  {"scx=nkoo", 410},
  {"scx=nshu", 411},
  {"scx=nushu", 411},
  {"scx=nyiakengpuachuehmong", 364},
  {"scx=ogam", 412},
  {"scx=ogham", 412},
  {"scx=olchiki", 413},
  {"scx=olck", 413},
  {"scx=oldhungarian", 366},
  {"scx=olditalic", 367},
  {"scx=oldnortharabian", 407},
  {"scx=oldpermic", 422},
  {"scx=oldpersian", 475},
  {"scx=oldsogdian", 443},
  {"scx=oldsoutharabian", 433},
  {"scx=oldturkic", 415},
  {"scx=olduyghur", 419},
  {"scx=olonal", 414},
  {"scx=onao", 414},
  {"scx=oriya", 416},
  {"scx=orkh", 415},
  {"scx=orya", 416},
  {"scx=osage", 417},
  {"scx=osge", 417},
  {"scx=osma", 418},
  {"scx=osmanya", 418},
  {"scx=ougr", 419},
  {"scx=pahawhhmong", 363},
  {"scx=palm", 420},
  {"scx=palmyrene", 420},
  {"scx=pauc", 421},
  {"scx=paucinhau", 421},
  {"scx=perm", 422},
  {"scx=phag", 423},
  {"scx=phagspa", 423},
  {"scx=phli", 424},
  {"scx=phlp", 425},
  {"scx=phnx", 426},
  {"scx=phoenician", 426},
  {"scx=plrd", 427},
  {"scx=prti", 428},
  {"scx=psalterpahlavi", 425},
  {"scx=qaac", 332},
  {"scx=qaai", 480},
  {"scx=rejang", 429},
  {"scx=rjng", 429},
  {"scx=rohg", 430},
  {"scx=runic", 431},
  {"scx=runr", 431},
  {"scx=samaritan", 432},
  {"scx=samr", 432},
  {"scx=sarb", 433},
  {"scx=saur", 434},
  {"scx=saurashtra", 434},
  {"scx=sgnw", 435},
  {"scx=sharada", 437},
  {"scx=shavian", 436},
  {"scx=shaw", 436},
  {"scx=shrd", 437},
  {"scx=sidd", 438},
  {"scx=siddham", 438},
  {"scx=sidetic", 439},
  {"scx=sidt", 439},
  {"scx=signwriting", 435},
  {"scx=sind", 440},
  {"scx=sinh", 441},
  {"scx=sinhala", 441},
  {"scx=sogd", 442},
  {"scx=sogdian", 442},
  {"scx=sogo", 443},
  {"scx=sora", 444},
  {"scx=sorasompeng", 444},
  {"scx=soyo", 445},
  {"scx=soyombo", 445},
  {"scx=sund", 446},
  {"scx=sundanese", 446},
  {"scx=sunu", 447},
  {"scx=sunuwar", 447},
  {"scx=sylo", 448},
  {"scx=sylotinagri", 448},
  {"scx=syrc", 449},
  {"scx=syriac", 449},
  {"scx=tagalog", 460},
  {"scx=tagb", 450},
  {"scx=tagbanwa", 450},
  {"scx=taile", 452},
  {"scx=taitham", 379},
  {"scx=taiviet", 456},
  {"scx=taiyo", 457},
  {"scx=takr", 451},
  {"scx=takri", 451},
  {"scx=tale", 452},
  {"scx=talu", 453},
  {"scx=tamil", 454},
  {"scx=taml", 454},
  {"scx=tang", 455},
  {"scx=tangsa", 465},
  {"scx=tangut", 455},
  {"scx=tavt", 456},
  {"scx=tayo", 457},
  {"scx=telu", 458},
  {"scx=telugu", 458},
  {"scx=tfng", 459},
  {"scx=tglg", 460},
  {"scx=thaa", 461},
  {"scx=thaana", 461},
  {"scx=thai", 462},
  {"scx=tibetan", 463},
  {"scx=tibt", 463},
  {"scx=tifinagh", 459},
  {"scx=tirh", 464},
  {"scx=tirhuta", 464},
  {"scx=tnsa", 465},
  {"scx=todhri", 466},
  {"scx=todr", 466},
  {"scx=tolongsiki", 467},
  {"scx=tols", 467},
  {"scx=toto", 468},
  {"scx=tulutigalari", 469},
  {"scx=tutg", 469},
  {"scx=ugar", 470},
  {"scx=ugaritic", 470},
  {"scx=unknown", 482},
  {"scx=vai", 471},
  {"scx=vaii", 471},
  {"scx=vith", 472},
  {"scx=vithkuqi", 472},
  {"scx=wancho", 474},
  {"scx=wara", 473},
  {"scx=warangciti", 473},
  {"scx=wcho", 474},
  {"scx=xpeo", 475},
  {"scx=xsux", 476},
  {"scx=yezi", 477},
  {"scx=yezidi", 477},
  {"scx=yi", 478},
  {"scx=yiii", 478},
  {"scx=zanabazarsquare", 479},
  {"scx=zanb", 479},
  {"scx=zinh", 480},
  {"scx=zyyy", 481},
  {"scx=zzzz", 482},
  {"sd", 59},
  {"sentenceterminal", 58},
  {"separator", 127},
  {"sgnw", 435},
  {"sharada", 437},
  {"shavian", 436},
  {"shaw", 436},
  {"shrd", 437},
  {"sidd", 438},
  {"siddham", 438},
  {"sidetic", 439},
  {"sidt", 439},
  {"signwriting", 435},
  {"sind", 440},
  {"sinh", 441},
  {"sinhala", 441},
  {"sk", 124},
  {"sm", 125},
  {"so", 126},
  {"softdotted", 59},
  {"sogd", 442},
  {"sogdian", 442},
  {"sogo", 443},
  {"sora", 444},
  {"sorasompeng", 444},
  {"soyo", 445},
  {"soyombo", 445},
  {"space", 64},
  {"spaceseparator", 130},
  {"spacingmark", 107},
  {"sterm", 58},
  {"sund", 446},
  {"sundanese", 446},
  {"sunu", 447},
  {"sunuwar", 447},
  {"surrogate", 98},
  {"sylo", 448},
  {"sylotinagri", 448},
  {"symbol", 122},
  {"syrc", 449},
  {"syriac", 449},
  {"tagalog", 460},
  {"tagb", 450},
  {"tagbanwa", 450},
  {"taile", 452},
  {"taitham", 379},
  {"taiviet", 456},
  {"taiyo", 457},
  {"takr", 451},
  {"takri", 451},
  {"tale", 452},
  {"talu", 453},
  {"tamil", 454},
  {"taml", 454},
  {"tang", 455},
  {"tangsa", 465},
  {"tangut", 455},
  {"tavt", 456},
  {"tayo", 457},
  {"telu", 458},
  {"telugu", 458},
  {"term", 60},
  {"terminalpunctuation", 60},
  {"tfng", 459},
  {"tglg", 460},
  {"thaa", 461},
  {"thaana", 461},
  {"thai", 462},
  {"tibetan", 463},
  {"tibt", 463},
  {"tifinagh", 459},
  {"tirh", 464},
  {"tirhuta", 464},
  {"titlecaseletter", 104},
  {"tnsa", 465},
  {"todhri", 466},
  {"todr", 466},
  {"tolongsiki", 467},
  {"tols", 467},
  {"toto", 468},
  {"tulutigalari", 469},
  {"tutg", 469},
  {"ugar", 470},
  {"ugaritic", 470},
  {"uideo", 61},
  {"unassigned", 96},
  {"unifiedideograph", 61},
  {"unknown", 482},
  {"upper", 62},
  {"uppercase", 62},
  {"uppercaseletter", 105},
  {"vai", 471},
  {"vaii", 471},
  {"variationselector", 63},
  {"vith", 472},
  {"vithkuqi", 472},
  {"vs", 63},
  {"wancho", 474},
  {"wara", 473},
  {"warangciti", 473},
  {"wcho", 474},
  {"whitespace", 64},
  {"wspace", 64},
  {"xan", 67},
  {"xidc", 65},
  {"xidcontinue", 65},
  {"xids", 66},
  {"xidstart", 66},
  {"xpeo", 475},
  {"xps", 68},
  {"xsp", 68},
  {"xsux", 476},
  {"xwd", 69},
  {"yezi", 477},
  {"yezidi", 477},
  {"yi", 478},
  {"yiii", 478},
  {"z", 127},
  {"zanabazarsquare", 479},
  {"zanb", 479},
  {"zinh", 480},
  {"zl", 128},
  {"zp", 129},
  {"zs", 130},
  {"zyyy", 481},
  {"zzzz", 482},
};

const size_t UnicodeProperty::NAME_COUNT = sizeof(NAMES)/sizeof(NAMES[0]);

const CharacterRangeList CharacterRangeList::UNICODE_DIGIT_CHARACTERS =
    UnicodeProperty{111, false}.CreateRangeList(false);

const CharacterRangeList CharacterRangeList::UNICODE_WORD_CHARACTERS =
    UnicodeProperty{69, false}.CreateRangeList(false);

const CharacterRangeList CharacterRangeList::UNICODE_WHITESPACE_CHARACTERS =
    UnicodeProperty{68, false}.CreateRangeList(false);
